name,url,path,cas,uses,kind,letter
"attalea maripa fruit","https://www.thegoodscentscompany.com/data/rs1914541.html","/data/rs1914541.html","","information only not used for fragrances or flavors","rs","a"
"amomyrtus luma fruit","https://www.thegoodscentscompany.com/data/rs1914901.html","/data/rs1914901.html","","information only not used for fragrances or flavors","rs","a"
"archidendron pauciflorum fruit","https://www.thegoodscentscompany.com/data/rs1915471.html","/data/rs1915471.html","","information only not used for fragrances or flavors","rs","a"
"afrocarpus falcatus fruit","https://www.thegoodscentscompany.com/data/rs1915511.html","/data/rs1915511.html","","information only not used for fragrances or flavors","rs","a"
"amygdalus mira fruit","https://www.thegoodscentscompany.com/data/rs1915761.html","/data/rs1915761.html","","information only not used for fragrances or flavors","rs","a"
"annona emarginata fruit","https://www.thegoodscentscompany.com/data/rw1916071.html","/data/rw1916071.html","","information only not used for fragrances or flavors","rw","a"
"annona neosericea fruit","https://www.thegoodscentscompany.com/data/rs1916081.html","/data/rs1916081.html","","information only not used for fragrances or flavors","rs","a"
"arecastrum romanzoffianum fruit","https://www.thegoodscentscompany.com/data/rs1916741.html","/data/rs1916741.html","","information only not used for fragrances or flavors","rs","a"
"abalone extract","https://www.thegoodscentscompany.com/data/ex1691321.html","/data/ex1691321.html","","cosmetic agents","ex","a"
"abalone shell powder","https://www.thegoodscentscompany.com/data/rs1703051.html","/data/rs1703051.html","","binding, bulking opacifying","rs","a"
"abamectin","https://www.thegoodscentscompany.com/data/rw1341221.html","/data/rw1341221.html","71751-41-2","herbicides / pesticides","rw","a"
"abbevillea guaviroba fruit","https://www.thegoodscentscompany.com/data/rs1089531.html","/data/rs1089531.html","","information only not used for fragrances or flavors","rs","a"
"abeliophyllum distichum extract","https://www.thegoodscentscompany.com/data/ex1691311.html","/data/ex1691311.html","","cosmetic ingredient for skin conditioning","ex","a"
"3(4->5)- abeo-4,11:4,12-diepoxy-3-eudesmanol","https://www.thegoodscentscompany.com/data/rw1829841.html","/data/rw1829841.html","210106-16-4","natural substances and extractives","rw","a"
"(7alpha,10beta)-1(10->19)- abeo-7-acetoxyisoobacun-3,10-olide","https://www.thegoodscentscompany.com/data/rw1847551.html","/data/rw1847551.html","85643-98-7","natural substances and extractives","rw","a"
"7alpha-1(10->19)- abeo-7-acetoxyobacun-9(11)-ene","https://www.thegoodscentscompany.com/data/rw1853251.html","/data/rw1853251.html","85643-97-6","natural substances and extractives","rw","a"
"(Z)- abienol","https://www.thegoodscentscompany.com/data/rw1491571.html","/data/rw1491571.html","17990-16-8","flavor and fragrance agents","rw","a"
"(Z)-9H- abienol","https://www.thegoodscentscompany.com/data/rw1491531.html","/data/rw1491531.html","25578-83-0","natural substances and extractives","rw","a"
"iso abienol","https://www.thegoodscentscompany.com/data/rw1848751.html","/data/rw1848751.html","10207-79-1","natural substances and extractives","rw","a"
"abies alba cone extract","https://www.thegoodscentscompany.com/data/ex1546821.html","/data/ex1546821.html","90028-76-5","cosmetic, flavor and fragrance agents","ex","a"
"abies alba cone oil","https://www.thegoodscentscompany.com/data/es1000121.html","/data/es1000121.html","8021-27-0","cosmetic and fragrance agents","es","a"
"abies alba extract (whole plant)","https://www.thegoodscentscompany.com/data/ex1691331.html","/data/ex1691331.html","90028-76-5","cosmetic and fragrance agents","ex","a"
"abies alba leaf cera","https://www.thegoodscentscompany.com/data/rs1600941.html","/data/rs1600941.html","90028-76-5","cosmetic and fragrance agents","rs","a"
"abies alba leaf extract","https://www.thegoodscentscompany.com/data/ex1546831.html","/data/ex1546831.html","90028-76-5","cosmetic and fragrance agents","ex","a"
"abies alba needle oil","https://www.thegoodscentscompany.com/data/es1026931.html","/data/es1026931.html","8021-27-0","cosmetic, flavor and fragrance agents","es","a"
"abies alba seed oil","https://www.thegoodscentscompany.com/data/es1002421.html","/data/es1002421.html","8021-27-0","fragrance agents","es","a"
"abies amabilis oil canada","https://www.thegoodscentscompany.com/data/es1096481.html","/data/es1096481.html","","fragrance agents","es","a"
"abies balsamea bark oil","https://www.thegoodscentscompany.com/data/es1080831.html","/data/es1080831.html","8024-15-5","fragrance agents","es","a"
"abies balsamea needle extract","https://www.thegoodscentscompany.com/data/ex1546841.html","/data/ex1546841.html","85085-34-3","cosmetic and fragrance agents","ex","a"
"abies balsamea sprout extract","https://www.thegoodscentscompany.com/data/ex1026991.html","/data/ex1026991.html","85085-34-3","cosmetic and fragrance agents","ex","a"
"abies grandis oil canada","https://www.thegoodscentscompany.com/data/es1096461.html","/data/es1096461.html","","fragrance agents","es","a"
"abies koreana leaf extract","https://www.thegoodscentscompany.com/data/ex1664101.html","/data/ex1664101.html","","cosmetic agents","ex","a"
"abies koreana leaf powder","https://www.thegoodscentscompany.com/data/rs1664111.html","/data/rs1664111.html","","cosmetic agents","rs","a"
"abies koreana seed oil","https://www.thegoodscentscompany.com/data/es1095881.html","/data/es1095881.html","","fragrance agents","es","a"
"abies lasiocarpa oil canada","https://www.thegoodscentscompany.com/data/es1096491.html","/data/es1096491.html","","fragrance agents","es","a"
"abies pectinata bark/leaf extract","https://www.thegoodscentscompany.com/data/ex1600951.html","/data/ex1600951.html","92128-34-2","cosmetic agents","ex","a"
"abies pectinata needle extract","https://www.thegoodscentscompany.com/data/ex1546851.html","/data/ex1546851.html","92128-34-2","cosmetic and fragrance agents","ex","a"
"abies pectinata needle oil","https://www.thegoodscentscompany.com/data/es1546861.html","/data/es1546861.html","92128-34-2","cosmetic and fragrance agents","es","a"
"abies pectinata wood oil","https://www.thegoodscentscompany.com/data/es1703061.html","/data/es1703061.html","92128-34-2","antimicrobial, antioxidants agents","es","a"
"abies sachalinensis branch/leaf water","https://www.thegoodscentscompany.com/data/ex1703071.html","/data/ex1703071.html","","masking agents","ex","a"
"abies sachalinensis leaf extract","https://www.thegoodscentscompany.com/data/ex1691341.html","/data/ex1691341.html","","cosmetic and fragrance agents","ex","a"
"abies sachalinensis leaf oil","https://www.thegoodscentscompany.com/data/es1539081.html","/data/es1539081.html","","masking agents","es","a"
"abies sibirica needle extract","https://www.thegoodscentscompany.com/data/ex1546871.html","/data/ex1546871.html","91697-89-1","fragrance agents","ex","a"
"abies webbiana leaf","https://www.thegoodscentscompany.com/data/rs1086541.html","/data/rs1086541.html","","information only not used for fragrances or flavors","rs","a"
"abieta-6,8(14),9(11),12-tetraen-12-yl acetate","https://www.thegoodscentscompany.com/data/rw1083071.html","/data/rw1083071.html","","information only not used for fragrances or flavors","rw","a"
"abieta-8,11,13-triene-12-ol","https://www.thegoodscentscompany.com/data/rw1588191.html","/data/rw1588191.html","514-62-5","natural substances and extractives","rw","a"
"8,13- abietadien-18-al","https://www.thegoodscentscompany.com/data/rw1870711.html","/data/rw1870711.html","13508-03-7","natural substances and extractives","rw","a"
"(-)- abietadiene","https://www.thegoodscentscompany.com/data/rw1588571.html","/data/rw1588571.html","35241-40-8","natural substances and extractives","rw","a"
"abietal","https://www.thegoodscentscompany.com/data/rw1568741.html","/data/rw1568741.html","6704-50-3","natural substances and extractives","rw","a"
"18-Nor-4(19),8,11,13- abietatetraene","https://www.thegoodscentscompany.com/data/rw1891771.html","/data/rw1891771.html","22478-62-2","information only not used for fragrances or flavors","rw","a"
"ar- abietatriene","https://www.thegoodscentscompany.com/data/rw1568171.html","/data/rw1568171.html","19407-28-4","natural substances and extractives","rw","a"
"abietic acid","https://www.thegoodscentscompany.com/data/rw1097371.html","/data/rw1097371.html","514-10-3","substances for use only as components of adhesives for food packaging, transporting, or holding food","rw","a"
"abietic anhydride","https://www.thegoodscentscompany.com/data/rw1280721.html","/data/rw1280721.html","8050-09-7","diluents in color additive mixtures","rw","a"
"abietyl acetate","https://www.thegoodscentscompany.com/data/rw1469051.html","/data/rw1469051.html","54200-50-9","fragrance agents","rw","a"
"abietyl alcohol","https://www.thegoodscentscompany.com/data/rw1068111.html","/data/rw1068111.html","666-84-2","viscosity controlling agents","rw","a"
"laevo- abrine","https://www.thegoodscentscompany.com/data/rw1132471.html","/data/rw1132471.html","526-31-8","natural substances and extractives","rw","a"
"abronia fragrance","https://www.thegoodscentscompany.com/data/fr1111361.html","/data/fr1111361.html","","fragranced products of all types","fr","a"
"abronia villosa leaf extract","https://www.thegoodscentscompany.com/data/ex1691351.html","/data/ex1691351.html","","cosmetic ingredient for skin conditioning","ex","a"
"abrus fructiculosus root extract","https://www.thegoodscentscompany.com/data/ex1691361.html","/data/ex1691361.html","","cosmetic ingredient for skin conditioning","ex","a"
"abrus precatorius meristem cell culture extract","https://www.thegoodscentscompany.com/data/ex1691371.html","/data/ex1691371.html","90320-07-3","cosmetic ingredient for skin conditioning","ex","a"
"abrus precatorius root extract","https://www.thegoodscentscompany.com/data/ex1545711.html","/data/ex1545711.html","90320-07-3","cosmetic ingredient for hair conditioning","ex","a"
"abscisic acid","https://www.thegoodscentscompany.com/data/rw1620861.html","/data/rw1620861.html","7773-56-0","natural substances and extractives","rw","a"
"(+)-2-(Z),4-(E)- abscisic acid","https://www.thegoodscentscompany.com/data/rw1133021.html","/data/rw1133021.html","21293-29-8","natural substances and extractives","rw","a"
"2-cis,4-trans- abscisic acid","https://www.thegoodscentscompany.com/data/rw1132481.html","/data/rw1132481.html","14375-45-2","natural substances and extractives","rw","a"
"abscisic alcohol","https://www.thegoodscentscompany.com/data/rw1878971.html","/data/rw1878971.html","113472-20-1","natural substances and extractives","rw","a"
"abscisic alcohol 11-glucoside","https://www.thegoodscentscompany.com/data/rw1878981.html","/data/rw1878981.html","145153-00-0","natural substances and extractives","rw","a"
"absindiol","https://www.thegoodscentscompany.com/data/rw1834011.html","/data/rw1834011.html","213198-34-6","natural substances and extractives","rw","a"
"absinthe flavor","https://www.thegoodscentscompany.com/data/fl1606271.html","/data/fl1606271.html","","flavored products of all types","fl","a"
"absinthin","https://www.thegoodscentscompany.com/data/rw1851351.html","/data/rw1851351.html","1362-42-1","natural substances and extractives","rw","a"
"iso absinthin","https://www.thegoodscentscompany.com/data/rw1855041.html","/data/rw1855041.html","11029-90-6","natural substances and extractives","rw","a"
"absintholide","https://www.thegoodscentscompany.com/data/rw1866141.html","/data/rw1866141.html","91997-90-9","natural substances and extractives","rw","a"
"abuta grandifolia wood","https://www.thegoodscentscompany.com/data/rs1676041.html","/data/rs1676041.html","","information only not used for fragrances or flavors","rs","a"
"acacetin","https://www.thegoodscentscompany.com/data/rw1504411.html","/data/rw1504411.html","480-44-4","natural substances and extractives","rw","a"
"acacetin 3,6-di-C-glucoside","https://www.thegoodscentscompany.com/data/rw1860681.html","/data/rw1860681.html","98891-91-9","natural substances and extractives","rw","a"
"acacetin 7-[apiosyl(1->6)-glucoside]","https://www.thegoodscentscompany.com/data/rw1846961.html","/data/rw1846961.html","239106-94-6","information only not used for fragrances or flavors","rw","a"
"acacetin 7-diglucoside","https://www.thegoodscentscompany.com/data/rw1862671.html","/data/rw1862671.html","31514-20-2","natural substances and extractives","rw","a"
"acacia arabica bark powder","https://www.thegoodscentscompany.com/data/rs1053131.html","/data/rs1053131.html","93164-88-6","cosmetic ingredient for skin conditioning","rs","a"
"acacia arabica stem bark extract","https://www.thegoodscentscompany.com/data/ex1385131.html","/data/ex1385131.html","93164-88-6","cosmetic ingredient for skin conditioning","ex","a"
"acacia arabica stem bark powder","https://www.thegoodscentscompany.com/data/rs1691381.html","/data/rs1691381.html","93164-88-6","cosmetic ingredient for skin conditioning","rs","a"
"acacia catechu bark powder","https://www.thegoodscentscompany.com/data/rs1600961.html","/data/rs1600961.html","8001-76-1","cosmetic ingredient for skin conditioning","rs","a"
"acacia catechu catechins","https://www.thegoodscentscompany.com/data/rw1703091.html","/data/rw1703091.html","","antioxidants","rw","a"
"acacia catechu extract","https://www.thegoodscentscompany.com/data/ex1007481.html","/data/ex1007481.html","8001-76-1","cosmetic and flavor agents","ex","a"
"acacia catechu gum","https://www.thegoodscentscompany.com/data/rs1074911.html","/data/rs1074911.html","8001-76-1","film forming agents","rs","a"
"acacia catechu leaf/wood powder","https://www.thegoodscentscompany.com/data/rs1691391.html","/data/rs1691391.html","8001-76-1","cosmetic ingredient for skin conditioning","rs","a"
"acacia catechu seed extract","https://www.thegoodscentscompany.com/data/ex1691401.html","/data/ex1691401.html","8001-76-1","cosmetic ingredient for skin conditioning","ex","a"
"acacia catechu wood extract","https://www.thegoodscentscompany.com/data/ex1703101.html","/data/ex1703101.html","8001-76-1","antioxidants","ex","a"
"acacia cavenia extract","https://www.thegoodscentscompany.com/data/ex1384981.html","/data/ex1384981.html","91745-07-2","information only not used for fragrances or flavors","ex","a"
"acacia concinna fruit extract","https://www.thegoodscentscompany.com/data/ex1134511.html","/data/ex1134511.html","202148-87-6","cosmetic ingredient for skin conditioning","ex","a"
"acacia concinna fruit powder","https://www.thegoodscentscompany.com/data/rs1042911.html","/data/rs1042911.html","202148-87-6","cosmetic ingredient for hair conditioning","rs","a"
"acacia dealbata flower cera","https://www.thegoodscentscompany.com/data/rs1691421.html","/data/rs1691421.html","165800-52-2","emollients, skin conditioning","rs","a"
"acacia dealbata flower extract","https://www.thegoodscentscompany.com/data/ex1691411.html","/data/ex1691411.html","165800-52-2","cosmetic ingredient for skin conditioning","ex","a"
"acacia dealbata flower/stem extract","https://www.thegoodscentscompany.com/data/ex1691431.html","/data/ex1691431.html","165800-52-2","skin conditioning, skin protecting","ex","a"
"acacia dealbata leaf extract","https://www.thegoodscentscompany.com/data/ex1597561.html","/data/ex1597561.html","165800-52-2","skin conditioning, skin protecting","ex","a"
"acacia dealbata seed extract","https://www.thegoodscentscompany.com/data/ex1691441.html","/data/ex1691441.html","165800-52-2","cosmetic ingredient for skin conditioning","ex","a"
"acacia decurrens dealbata flower extract","https://www.thegoodscentscompany.com/data/ex1546881.html","/data/ex1546881.html","93685-96-2","fragrance agents","ex","a"
"acacia decurrens flower cera","https://www.thegoodscentscompany.com/data/rs1665751.html","/data/rs1665751.html","98903-76-5","emollients, skin conditioning, skin protecting","rs","a"
"acacia decurrens flower extract","https://www.thegoodscentscompany.com/data/ex1385141.html","/data/ex1385141.html","98903-76-5","cosmetic and fragrance agents","ex","a"
"acacia decurrens sprout extract","https://www.thegoodscentscompany.com/data/ex1691451.html","/data/ex1691451.html","98903-76-5","astringent, skin conditioning","ex","a"
"acacia decurrens/jojoba/sunflower seed cera/polyglyceryl-3 esters","https://www.thegoodscentscompany.com/data/rw1703111.html","/data/rw1703111.html","","emollients","rw","a"
"acacia farnesiana extract (whole plant)","https://www.thegoodscentscompany.com/data/ex1691461.html","/data/ex1691461.html","89958-31-6","cosmetic ingredient for skin conditioning","ex","a"
"acacia farnesiana flower cera","https://www.thegoodscentscompany.com/data/rs1073771.html","/data/rs1073771.html","89958-31-6","cosmetic ingredient for skin protecting","rs","a"
"acacia farnesiana flower extract","https://www.thegoodscentscompany.com/data/ex1546891.html","/data/ex1546891.html","89958-31-6","fragrance agents","ex","a"
"acacia farnesiana flower oil","https://www.thegoodscentscompany.com/data/es1687851.html","/data/es1687851.html","","flavor and fragrance agents","es","a"
"acacia farnesiana flower/stem extract","https://www.thegoodscentscompany.com/data/ex1103981.html","/data/ex1103981.html","89958-31-6","cosmetic, flavor and fragrance agents","ex","a"
"acacia farnesiana gum","https://www.thegoodscentscompany.com/data/rs1695601.html","/data/rs1695601.html","89958-31-6","cosmetic agents","rs","a"
"acacia farnesiana stem bark extract","https://www.thegoodscentscompany.com/data/ex1691471.html","/data/ex1691471.html","89958-31-6","cosmetic ingredient for skin conditioning","ex","a"
"acacia flavor","https://www.thegoodscentscompany.com/data/fl1637961.html","/data/fl1637961.html","","flavored products of all types","fl","a"
"acacia fragrance","https://www.thegoodscentscompany.com/data/fr1112611.html","/data/fr1112611.html","","fragranced products of all types","fr","a"
"acacia mangium extract","https://www.thegoodscentscompany.com/data/ex1078221.html","/data/ex1078221.html","","food additive","ex","a"
"acacia mearnsii bark extract","https://www.thegoodscentscompany.com/data/ex1078231.html","/data/ex1078231.html","68911-60-4","cosmetic ingredient for skin conditioning","ex","a"
"acacia mearnsii flower absolute","https://www.thegoodscentscompany.com/data/ab1671311.html","/data/ab1671311.html","68911-60-4","fragrance agents","ab","a"
"acacia mearnsii flower concrete","https://www.thegoodscentscompany.com/data/co1671371.html","/data/co1671371.html","68911-60-4","fragrance agents","co","a"
"acacia nilotica gum","https://www.thegoodscentscompany.com/data/rs1053081.html","/data/rs1053081.html","93164-88-6","information only not used for fragrances or flavors","rs","a"
"acacia saligna leaf extract","https://www.thegoodscentscompany.com/data/ex1078321.html","/data/ex1078321.html","","astringent, skin conditioning","ex","a"
"acacia senegal flower/stem extract","https://www.thegoodscentscompany.com/data/ex1092231.html","/data/ex1092231.html","97659-43-3","viscosity controlling agents","ex","a"
"acacia senegal gum extract","https://www.thegoodscentscompany.com/data/ex1092221.html","/data/ex1092221.html","90387-99-8","viscosity controlling agents","ex","a"
"acacia seyal gum","https://www.thegoodscentscompany.com/data/rs1116971.html","/data/rs1116971.html","","emulsifiers, plasticizers, surfactants","rs","a"
"acacia seyal gum extract","https://www.thegoodscentscompany.com/data/ex1116981.html","/data/ex1116981.html","","humectants","ex","a"
"acacia vera flower","https://www.thegoodscentscompany.com/data/rs1675851.html","/data/rs1675851.html","","information only not used for fragrances or flavors","rs","a"
"acacia vestita extract","https://www.thegoodscentscompany.com/data/ex1384961.html","/data/ex1384961.html","97765-54-3","information only not used for fragrances or flavors","ex","a"
"acacia victoriae fruit extract","https://www.thegoodscentscompany.com/data/ex1078431.html","/data/ex1078431.html","","antioxidants, hair conditioning, skin conditioning","ex","a"
"acacia victoriae seed extract","https://www.thegoodscentscompany.com/data/ex1691481.html","/data/ex1691481.html","","antioxidants, hair conditioning, skin conditioning","ex","a"
"acaciabiuronic acid","https://www.thegoodscentscompany.com/data/rw1812361.html","/data/rw1812361.html","7264-19-9","natural substances and extractives","rw","a"
"acadesine 5'-monophosphate","https://www.thegoodscentscompany.com/data/rw1812391.html","/data/rw1812391.html","3031-94-5","natural substances and extractives","rw","a"
"acai blueberry pomegranate flavor","https://www.thegoodscentscompany.com/data/fl1903801.html","/data/fl1903801.html","","flavored products of all types","fl","a"
"acai cherry flavor","https://www.thegoodscentscompany.com/data/fl1905111.html","/data/fl1905111.html","","flavored products of all types","fl","a"
"acai flavor","https://www.thegoodscentscompany.com/data/fl1606101.html","/data/fl1606101.html","","flavored products of all types","fl","a"
"acai fruit concentrate","https://www.thegoodscentscompany.com/data/fl1601021.html","/data/fl1601021.html","","flavoring agents and adjuvants","fl","a"
"acai fruit distillates","https://www.thegoodscentscompany.com/data/fl1601031.html","/data/fl1601031.html","","flavoring agents and adjuvants","fl","a"
"acai fruit juice concentrate","https://www.thegoodscentscompany.com/data/fl1601041.html","/data/fl1601041.html","","flavoring agents and adjuvants","fl","a"
"acai pineapple flavor","https://www.thegoodscentscompany.com/data/fl1118241.html","/data/fl1118241.html","","flavored products of all types","fl","a"
"acalypha indica extract","https://www.thegoodscentscompany.com/data/ex1384991.html","/data/ex1384991.html","90320-08-4","cosmetic agents","ex","a"
"acalypha reptans callus culture extract","https://www.thegoodscentscompany.com/data/ex1703121.html","/data/ex1703121.html","","antioxidants, hair conditioning, skin conditioning","ex","a"
"acamelin","https://www.thegoodscentscompany.com/data/rw1500661.html","/data/rw1500661.html","74161-27-6","natural substances and extractives","rw","a"
"oxy acanthine dihydrochloride tetrahydrate","https://www.thegoodscentscompany.com/data/rw1699381.html","/data/rw1699381.html","15352-74-6","natural substances and extractives","rw","a"
"oxy acanthine sulfate","https://www.thegoodscentscompany.com/data/rw1699371.html","/data/rw1699371.html","6183-91-1","natural substances and extractives","rw","a"
"acanthopanax koreanum adventitious root culture extract","https://www.thegoodscentscompany.com/data/ex1691491.html","/data/ex1691491.html","","cosmetic agents","ex","a"
"acanthopanax koreanum extract","https://www.thegoodscentscompany.com/data/ex1691501.html","/data/ex1691501.html","","cosmetic ingredient for skin conditioning","ex","a"
"acanthopanax koreanum oil","https://www.thegoodscentscompany.com/data/es1703131.html","/data/es1703131.html","","antioxidants, hair conditioning, skin conditioning","es","a"
"acanthopanax senticosus callus culture extract","https://www.thegoodscentscompany.com/data/ex1361111.html","/data/ex1361111.html","92346-80-0","cosmetic ingredient for skin conditioning","ex","a"
"acanthopanax senticosus root extract","https://www.thegoodscentscompany.com/data/ex1385001.html","/data/ex1385001.html","92346-80-0","cosmetic ingredient for skin conditioning","ex","a"
"acanthopanax senticosus root water","https://www.thegoodscentscompany.com/data/ex1691511.html","/data/ex1691511.html","92346-80-0","cosmetic agents","ex","a"
"acanthopanax senticosus stem extract","https://www.thegoodscentscompany.com/data/ex1691531.html","/data/ex1691531.html","92346-80-0","cosmetic ingredient for skin conditioning","ex","a"
"acanthopanax sessiliflora bark/root/stem extract","https://www.thegoodscentscompany.com/data/ex1691521.html","/data/ex1691521.html","95370-68-6","cosmetic ingredient for skin conditioning","ex","a"
"acanthopanax sessiliflora root extract","https://www.thegoodscentscompany.com/data/ex1385011.html","/data/ex1385011.html","95370-68-6","cosmetic ingredient for skin conditioning","ex","a"
"acanthopanax sessiliflora stem extract","https://www.thegoodscentscompany.com/data/ex1691541.html","/data/ex1691541.html","95370-68-6","cosmetic ingredient for skin conditioning","ex","a"
"acanthopanax sessiliflorus callus extract","https://www.thegoodscentscompany.com/data/ex1911351.html","/data/ex1911351.html","95370-68-6","cosmetic agents","ex","a"
"acanthoside D","https://www.thegoodscentscompany.com/data/rw1872771.html","/data/rw1872771.html","96038-87-8","natural substances and extractives","rw","a"
"acanthosyris spinescens fruit","https://www.thegoodscentscompany.com/data/rs1086761.html","/data/rs1086761.html","","information only not used for fragrances or flavors","rs","a"
"acanthus mollis leaf extract","https://www.thegoodscentscompany.com/data/ex1385021.html","/data/ex1385021.html","90320-09-5","cosmetic ingredient for skin conditioning","ex","a"
"acarbose","https://www.thegoodscentscompany.com/data/rw1663151.html","/data/rw1663151.html","56180-94-0","natural substances and extractives","rw","a"
"acemannan","https://www.thegoodscentscompany.com/data/rw1885791.html","/data/rw1885791.html","110042-95-0","natural substances and extractives","rw","a"
"acenaphthylene","https://www.thegoodscentscompany.com/data/rw1132511.html","/data/rw1132511.html","208-96-8","information only not used for fragrances or flavors","rw","a"
"acequinocyl","https://www.thegoodscentscompany.com/data/rw1664231.html","/data/rw1664231.html","57960-19-7","herbicides / pesticides","rw","a"
"acer campestre bud extract","https://www.thegoodscentscompany.com/data/ex1385041.html","/data/ex1385041.html","90063-87-9","emollients","ex","a"
"acer mono sap","https://www.thegoodscentscompany.com/data/fl1703161.html","/data/fl1703161.html","","cosmetic ingredient for skin conditioning","fl","a"
"acer negundo extract","https://www.thegoodscentscompany.com/data/ex1385061.html","/data/ex1385061.html","90063-89-1","information only not used for fragrances or flavors","ex","a"
"acer nikoense bark extract","https://www.thegoodscentscompany.com/data/ex1703171.html","/data/ex1703171.html","","cosmetic ingredient for skin conditioning","ex","a"
"acer nikoense branch/stem extract","https://www.thegoodscentscompany.com/data/ex1078521.html","/data/ex1078521.html","","cosmetic ingredient for skin conditioning","ex","a"
"acer palmatum leaf extract","https://www.thegoodscentscompany.com/data/ex1703181.html","/data/ex1703181.html","","antioxidants","ex","a"
"acer pseudoplatanus leaf extract","https://www.thegoodscentscompany.com/data/ex1385051.html","/data/ex1385051.html","90063-88-0","cosmetic ingredient for skin conditioning","ex","a"
"acer saccharum (sugar maple) sap extract","https://www.thegoodscentscompany.com/data/ex1671671.html","/data/ex1671671.html","91770-22-8","cosmetic and flavor agents","ex","a"
"acer saccharum bark/sap extract","https://www.thegoodscentscompany.com/data/ex1385031.html","/data/ex1385031.html","91770-22-8","keratolytic agents","ex","a"
"acer saccharum sap","https://www.thegoodscentscompany.com/data/rs1912041.html","/data/rs1912041.html","91770-22-8","cosmetic agents","rs","a"
"acer spicatum bark extract","https://www.thegoodscentscompany.com/data/ex1004681.html","/data/ex1004681.html","91770-23-9","flavoring agents","ex","a"
"acer tegmentosum stem extract","https://www.thegoodscentscompany.com/data/ex1691551.html","/data/ex1691551.html","","cosmetic ingredient for skin conditioning","ex","a"
"acerola cherry flavor","https://www.thegoodscentscompany.com/data/fl1907091.html","/data/fl1907091.html","","flavored products of all types","fl","a"
"acerola flavor","https://www.thegoodscentscompany.com/data/fl1118661.html","/data/fl1118661.html","","flavored products of all types","fl","a"
"acerola fruit distillates","https://www.thegoodscentscompany.com/data/fl1601051.html","/data/fl1601051.html","","flavoring agents and adjuvants","fl","a"
"acerola peach flavor","https://www.thegoodscentscompany.com/data/fl1637971.html","/data/fl1637971.html","","flavored products of all types","fl","a"
"acerosin","https://www.thegoodscentscompany.com/data/rw1822971.html","/data/rw1822971.html","15835-74-2","natural substances and extractives","rw","a"
"acesulfame","https://www.thegoodscentscompany.com/data/rw1836901.html","/data/rw1836901.html","33665-90-6","information only not used for fragrances or flavors","rw","a"
"acesulfame potassium","https://www.thegoodscentscompany.com/data/rw1314121.html","/data/rw1314121.html","55589-62-3","sweeteners, flavor enhancers","rw","a"
"acesulfame potassium enhancer","https://www.thegoodscentscompany.com/data/fl1674611.html","/data/fl1674611.html","","flavor enhancers","fl","a"
"acetal","https://www.thegoodscentscompany.com/data/rw1019481.html","/data/rw1019481.html","105-57-7","flavoring agents and cosmetic fragrance agents","rw","a"
"acetal 318","https://www.thegoodscentscompany.com/data/rw1003961.html","/data/rw1003961.html","84029-93-6","fragrance agents","rw","a"
"acetaldehyde","https://www.thegoodscentscompany.com/data/rw1019471.html","/data/rw1019471.html","75-07-0","cosmetic and flavor agents","rw","a"
"acetaldehyde isoamyl isobutyl acetal","https://www.thegoodscentscompany.com/data/rw1408141.html","/data/rw1408141.html","75048-15-6","flavor and fragrance agents","rw","a"
"acetaldehyde amyl methyl acetal","https://www.thegoodscentscompany.com/data/rw1587021.html","/data/rw1587021.html","73142-32-2","flavor and fragrance agents","rw","a"
"acetaldehyde benzyl ethyl acetal","https://www.thegoodscentscompany.com/data/rw1587011.html","/data/rw1587011.html","66222-24-0","flavoring agents","rw","a"
"acetaldehyde benzyl 2-methoxyethyl acetal","https://www.thegoodscentscompany.com/data/rw1011811.html","/data/rw1011811.html","7492-39-9","flavor and fragrance agents","rw","a"
"acetaldehyde bis(2,3-epoxypropyl) acetal","https://www.thegoodscentscompany.com/data/rw1408181.html","/data/rw1408181.html","3775-84-6","information only not used for fragrances or flavors","rw","a"
"acetaldehyde 2,3-butane diol acetal","https://www.thegoodscentscompany.com/data/rw1484701.html","/data/rw1484701.html","3299-32-9","flavoring agents","rw","a"
"acetaldehyde butyl ethyl acetal","https://www.thegoodscentscompany.com/data/rw1582161.html","/data/rw1582161.html","57006-87-8","flavoring agents","rw","a"
"acetaldehyde butyl isoamyl acetal","https://www.thegoodscentscompany.com/data/rw1594991.html","/data/rw1594991.html","238757-27-2","flavoring agents","rw","a"
"acetaldehyde butyl methyl acetal","https://www.thegoodscentscompany.com/data/rw1587001.html","/data/rw1587001.html","75677-94-0","information only not used for fragrances or flavors","rw","a"
"acetaldehyde butyl 2-methyl butyl acetal","https://www.thegoodscentscompany.com/data/rw1582151.html","/data/rw1582151.html","77249-20-8","flavoring agents","rw","a"
"acetaldehyde butyl phenethyl acetal","https://www.thegoodscentscompany.com/data/rw1001221.html","/data/rw1001221.html","64577-91-9","flavor and fragrance agents","rw","a"
"acetaldehyde citronellyl methyl acetal","https://www.thegoodscentscompany.com/data/rw1000911.html","/data/rw1000911.html","68039-24-7","cosmetic and fragrance agents","rw","a"
"acetaldehyde di(mentha citrata) acetal","https://www.thegoodscentscompany.com/data/rw1399061.html","/data/rw1399061.html","68917-16-8","fragrance agents","rw","a"
"acetaldehyde diamyl acetal","https://www.thegoodscentscompany.com/data/rw1582261.html","/data/rw1582261.html","13002-08-9","flavor and fragrance agents","rw","a"
"acetaldehyde dibenzyl acetal","https://www.thegoodscentscompany.com/data/rw1408191.html","/data/rw1408191.html","23556-90-3","information only not used for fragrances or flavors","rw","a"
"acetaldehyde dibutyl acetal","https://www.thegoodscentscompany.com/data/rw1038491.html","/data/rw1038491.html","871-22-7","flavor and fragrance agents","rw","a"
"acetaldehyde diethyl mercaptal","https://www.thegoodscentscompany.com/data/rw1483541.html","/data/rw1483541.html","14252-42-7","flavoring agents and adjuvants","rw","a"
"acetaldehyde di-(Z)-3-hexen-1-yl acetal","https://www.thegoodscentscompany.com/data/rw1030161.html","/data/rw1030161.html","63449-64-9","cosmetic, flavor and fragrance agents","rw","a"
"acetaldehyde dihexyl acetal","https://www.thegoodscentscompany.com/data/rw1023911.html","/data/rw1023911.html","5405-58-3","flavor and fragrance agents","rw","a"
"acetaldehyde diisoamyl acetal","https://www.thegoodscentscompany.com/data/rw1408161.html","/data/rw1408161.html","13002-09-0","flavor and fragrance agents","rw","a"
"acetaldehyde diisobutyl acetal","https://www.thegoodscentscompany.com/data/rw1408151.html","/data/rw1408151.html","5669-09-0","flavoring agents","rw","a"
"acetaldehyde diisopropyl acetal","https://www.thegoodscentscompany.com/data/rw1485201.html","/data/rw1485201.html","4285-59-0","information only not used for fragrances or flavors","rw","a"
"acetaldehyde dimethyl acetal","https://www.thegoodscentscompany.com/data/rw1018131.html","/data/rw1018131.html","534-15-6","flavor and fragrance agents","rw","a"
"acetaldehyde di(2-methyl butyl) acetal","https://www.thegoodscentscompany.com/data/rw1046621.html","/data/rw1046621.html","13535-43-8","flavoring agents","rw","a"
"acetaldehyde diphenethyl acetal","https://www.thegoodscentscompany.com/data/rw1408201.html","/data/rw1408201.html","122-71-4","flavor and fragrance agents","rw","a"
"acetaldehyde dipropyl acetal","https://www.thegoodscentscompany.com/data/rw1019611.html","/data/rw1019611.html","105-82-8","flavor and fragrance agents","rw","a"
"acetaldehyde ethyl amyl acetal","https://www.thegoodscentscompany.com/data/rw1385071.html","/data/rw1385071.html","13442-89-2","flavoring agents","rw","a"
"acetaldehyde ethyl amyl acetal","https://www.thegoodscentscompany.com/data/rw1582231.html","/data/rw1582231.html","59184-43-9","flavoring agents","rw","a"
"acetaldehyde ethyl isoamyl acetal","https://www.thegoodscentscompany.com/data/rw1408211.html","/data/rw1408211.html","13442-90-5","flavor and fragrance agents","rw","a"
"acetaldehyde ethyl isobutyl acetal","https://www.thegoodscentscompany.com/data/rw1408391.html","/data/rw1408391.html","6986-51-2","flavoring agents","rw","a"
"acetaldehyde ethyl glyceryl mixed acetal","https://www.thegoodscentscompany.com/data/rw1036971.html","/data/rw1036971.html","67715-82-6","flavor and fragrance agents","rw","a"
"acetaldehyde ethyl (E)-2-hexen-1-yl acetal","https://www.thegoodscentscompany.com/data/rw1432781.html","/data/rw1432781.html","54484-66-1","information only not used for fragrances or flavors","rw","a"
"acetaldehyde ethyl methyl acetal","https://www.thegoodscentscompany.com/data/rw1408221.html","/data/rw1408221.html","10471-14-4","flavor and fragrance agents","rw","a"
"acetaldehyde ethyl 2-methyl butyl acetal","https://www.thegoodscentscompany.com/data/rw1582221.html","/data/rw1582221.html","13602-09-0","flavor and fragrance agents","rw","a"
"acetaldehyde ethyl phenethyl acetal","https://www.thegoodscentscompany.com/data/rw1019191.html","/data/rw1019191.html","2556-10-7","cosmetic, flavor and fragrance agents","rw","a"
"acetaldehyde ethyl propyl acetal","https://www.thegoodscentscompany.com/data/rw1408231.html","/data/rw1408231.html","20680-10-8","flavor and fragrance agents","rw","a"
"acetaldehyde ethyl isopropyl acetal","https://www.thegoodscentscompany.com/data/rw1597041.html","/data/rw1597041.html","25334-93-4","flavor and fragrance agents","rw","a"
"acetaldehyde glyceryl acetal","https://www.thegoodscentscompany.com/data/rw1582241.html","/data/rw1582241.html","3773-93-1","flavoring agents","rw","a"
"acetaldehyde hexyl isoamyl acetal","https://www.thegoodscentscompany.com/data/rw1594231.html","/data/rw1594231.html","233665-90-2","flavor and fragrance agents","rw","a"
"acetaldehyde hydrate","https://www.thegoodscentscompany.com/data/rw1408241.html","/data/rw1408241.html","4433-56-1","information only not used for fragrances or flavors","rw","a"
"acetaldehyde 3-methyl butyl pentyl acetal","https://www.thegoodscentscompany.com/data/rw1594981.html","/data/rw1594981.html","13442-92-7","flavor and fragrance agents","rw","a"
"acetaldehyde methyl hexyl acetal","https://www.thegoodscentscompany.com/data/rw1015531.html","/data/rw1015531.html","54340-90-8","fragrance agents","rw","a"
"acetaldehyde 1,3-octane diol acetal","https://www.thegoodscentscompany.com/data/rw1594041.html","/data/rw1594041.html","202188-43-0","flavoring agents","rw","a"
"acetaldehyde isopentyl 2-methyl butyl acetal","https://www.thegoodscentscompany.com/data/rw1582291.html","/data/rw1582291.html","13548-84-0","flavor and fragrance agents","rw","a"
"acetaldehyde isopentyl propyl acetal","https://www.thegoodscentscompany.com/data/rw1594931.html","/data/rw1594931.html","238757-63-6","flavoring agents","rw","a"
"acetaldehyde tetramer","https://www.thegoodscentscompany.com/data/rw1309381.html","/data/rw1309381.html","108-62-3","information only not used for fragrances or flavors","rw","a"
"acetaldol","https://www.thegoodscentscompany.com/data/rw1343441.html","/data/rw1343441.html","107-89-1","information only not used for fragrances or flavors","rw","a"
"acetaldoxime","https://www.thegoodscentscompany.com/data/rw1132521.html","/data/rw1132521.html","107-29-9","information only not used for fragrances or flavors","rw","a"
"acetamide","https://www.thegoodscentscompany.com/data/rw1097381.html","/data/rw1097381.html","60-35-5","food contact closures with sealing gaskets for food containers","rw","a"
"acetamide MEA","https://www.thegoodscentscompany.com/data/rw1265621.html","/data/rw1265621.html","142-26-7","substances for use only as components of adhesives for food packaging, transporting, or holding food","rw","a"
"4- acetamido-2-aminobutanoic acid","https://www.thegoodscentscompany.com/data/rw1826291.html","/data/rw1826291.html","1190-46-1","natural substances and extractives","rw","a"
"4- acetamidobutanoic acid","https://www.thegoodscentscompany.com/data/rw1904121.html","/data/rw1904121.html","3025-96-5","information only not used for fragrances or flavors","rw","a"
"acetaminophen","https://www.thegoodscentscompany.com/data/rw1197931.html","/data/rw1197931.html","103-90-2","stabilising agents","rw","a"
"acetaminophen glucuronide","https://www.thegoodscentscompany.com/data/rw1908891.html","/data/rw1908891.html","16110-10-4","natural substances and extractives","rw","a"
"acetamiprid","https://www.thegoodscentscompany.com/data/rw1346271.html","/data/rw1346271.html","160430-64-8","herbicides / pesticides","rw","a"
"meta- acetanisole","https://www.thegoodscentscompany.com/data/rw1056471.html","/data/rw1056471.html","586-37-8","flavor and fragrance agents","rw","a"
"ortho- acetanisole","https://www.thegoodscentscompany.com/data/rw1056461.html","/data/rw1056461.html","579-74-8","flavor and fragrance agents","rw","a"
"para- acetanisole","https://www.thegoodscentscompany.com/data/rw1000111.html","/data/rw1000111.html","100-06-1","flavor and fragrance agents","rw","a"
"acetic acid","https://www.thegoodscentscompany.com/data/rw1097191.html","/data/rw1097191.html","64-19-7","flavoring agents and adjuvants, curing and pickling agents, flavor enhancers, acidity regulators","rw","a"
"per acetic acid","https://www.thegoodscentscompany.com/data/rw1272901.html","/data/rw1272901.html","79-21-0","antimicrobial agents","rw","a"
"acetic acid anhydride reaction products with 2-methyl butene dimer hydrogenated","https://www.thegoodscentscompany.com/data/rw1119601.html","/data/rw1119601.html","862107-86-6","fragrance agents","rw","a"
"acetic acid, 2-chloro-, sodium salt (1:1), reaction products with 4,5-dihydro-2-undecyl-1H-imidazole-1-ethanol and sodium hydroxide","https://www.thegoodscentscompany.com/data/rw1306661.html","/data/rw1306661.html","68608-66-2","indirect food additives: adjuvants, production aids, and sanitizers","rw","a"
"acetic acid, C11-14-branched alkyl esters, C13-rich","https://www.thegoodscentscompany.com/data/rw1687281.html","/data/rw1687281.html","108419-35-8","fragrance agents","rw","a"
"acetic acid, C7-9-branched alkyl esters, C8-rich","https://www.thegoodscentscompany.com/data/rw1687271.html","/data/rw1687271.html","108419-32-5","solvents","rw","a"
"acetic acid, copper salt","https://www.thegoodscentscompany.com/data/rw1802001.html","/data/rw1802001.html","4180-12-5","indirect food additives: adhesives and components of coatings","rw","a"
"acetic acid, manganese salt","https://www.thegoodscentscompany.com/data/rw1802201.html","/data/rw1802201.html","2180-18-9","indirect food additives: adhesives and components of coatings","rw","a"
"acetic and fatty acid esters of glycerol","https://www.thegoodscentscompany.com/data/rw1609451.html","/data/rw1609451.html","","emulsifiers, stabilizers, thickeners","rw","a"
"acetic anhydride","https://www.thegoodscentscompany.com/data/rw1097401.html","/data/rw1097401.html","108-24-7","food starch-modified","rw","a"
"acetoacetanilide","https://www.thegoodscentscompany.com/data/rw1106021.html","/data/rw1106021.html","102-01-2","pharmaceuticals / chemical synthisis","rw","a"
"acetochlor","https://www.thegoodscentscompany.com/data/rw1313671.html","/data/rw1313671.html","34256-82-1","herbicides / pesticides","rw","a"
"acetoin","https://www.thegoodscentscompany.com/data/rw1007331.html","/data/rw1007331.html","513-86-0","flavor and fragrance agents","rw","a"
"(R)- acetoin","https://www.thegoodscentscompany.com/data/rw1660331.html","/data/rw1660331.html","53584-56-8","natural substances and extractives","rw","a"
"(S)- acetoin","https://www.thegoodscentscompany.com/data/rw1660341.html","/data/rw1660341.html","78183-56-9","natural substances and extractives","rw","a"
"acetoin acetate","https://www.thegoodscentscompany.com/data/rw1036691.html","/data/rw1036691.html","4906-24-5","flavor and fragrance agents","rw","a"
"acetoin butyrate","https://www.thegoodscentscompany.com/data/rw1012961.html","/data/rw1012961.html","84642-61-5","flavoring agents","rw","a"
"acetoin dimer","https://www.thegoodscentscompany.com/data/rw1612371.html","/data/rw1612371.html","23147-57-1","flavor and fragrance agents","rw","a"
"acetoin hexanoate","https://www.thegoodscentscompany.com/data/rw1624721.html","/data/rw1624721.html","134782-31-3","natural substances and extractives","rw","a"
"acetoin isobutyrate","https://www.thegoodscentscompany.com/data/rw1470731.html","/data/rw1470731.html","85508-09-4","information only not used for fragrances or flavors","rw","a"
"acetoin phenyl acetate","https://www.thegoodscentscompany.com/data/rw1479641.html","/data/rw1479641.html","84642-55-7","information only not used for fragrances or flavors","rw","a"
"acetoin propylene glycol acetal","https://www.thegoodscentscompany.com/data/rw1523271.html","/data/rw1523271.html","94089-23-3","flavor and fragrance agents","rw","a"
"alpha- acetolactate decarboxylase","https://www.thegoodscentscompany.com/data/rw1595151.html","/data/rw1595151.html","977164-02-5","brewing of beer and fermentation step of alcohol production","rw","a"
"acetolate decaroxylase from bacillus brevis produced in bacillus licheniformis","https://www.thegoodscentscompany.com/data/rw1028721.html","/data/rw1028721.html","","processing aid in beer brewing at levels in accordance with cGMP","rw","a"
"acetolein","https://www.thegoodscentscompany.com/data/rw1495721.html","/data/rw1495721.html","28060-90-4","solvents/deluents for cosmetic, flavor and/or fragrance agents","rw","a"
"acetone","https://www.thegoodscentscompany.com/data/rw1001331.html","/data/rw1001331.html","67-64-1","extraction solvents, flavoring agents","rw","a"
"acetone alcohol","https://www.thegoodscentscompany.com/data/rw1132561.html","/data/rw1132561.html","116-09-6","flavoring agents","rw","a"
"acetone-formaldehyde condensate","https://www.thegoodscentscompany.com/data/rw1660751.html","/data/rw1660751.html","25619-09-4","indirect food additives: adhesives and components of coatings","rw","a"
"acetone glycerol","https://www.thegoodscentscompany.com/data/rw1284161.html","/data/rw1284161.html","100-79-8","cosmetic agents","rw","a"
"acetone oligomeric reaction products with diphenyl amine","https://www.thegoodscentscompany.com/data/rw1571731.html","/data/rw1571731.html","9003-79-6","indirect food additives: adhesives and components of coatings","rw","a"
"acetone oxime","https://www.thegoodscentscompany.com/data/rw1132581.html","/data/rw1132581.html","127-06-0","information only not used for fragrances or flavors","rw","a"
"acetone peroxide","https://www.thegoodscentscompany.com/data/rw1584361.html","/data/rw1584361.html","1336-17-0","flour maturing and bleaching, dough conditionings","rw","a"
"acetonitrile","https://www.thegoodscentscompany.com/data/rw1132591.html","/data/rw1132591.html","75-05-8","pharmaceuticals / chemical synthisis","rw","a"
"acetonyl acetone","https://www.thegoodscentscompany.com/data/rw1132601.html","/data/rw1132601.html","110-13-4","cosmetic fragrance agents and aromatic raw materials","rw","a"
"2- acetonyl-5-methyl furan","https://www.thegoodscentscompany.com/data/rw1586721.html","/data/rw1586721.html","13678-74-5","natural substances and extractives","rw","a"
"2- acetonyl pyrazine","https://www.thegoodscentscompany.com/data/rw1630301.html","/data/rw1630301.html","6784-62-9","information only not used for fragrances or flavors","rw","a"
"2- acetonyl-5-ethyl furan","https://www.thegoodscentscompany.com/data/rw1049611.html","/data/rw1049611.html","","information only not used for fragrances or flavors","rw","a"
"acetophenone","https://www.thegoodscentscompany.com/data/rw1000131.html","/data/rw1000131.html","98-86-2","flavor and fragrance agents","rw","a"
"acetophenone diethyl ketal","https://www.thegoodscentscompany.com/data/rw1408401.html","/data/rw1408401.html","4316-37-4","fragrance agents","rw","a"
"L- acetopine","https://www.thegoodscentscompany.com/data/rw1874311.html","/data/rw1874311.html","18416-86-9","natural substances and extractives","rw","a"
"acetostearin","https://www.thegoodscentscompany.com/data/rw1300251.html","/data/rw1300251.html","27177-85-1","solvents/deluents for cosmetic, flavor and/or fragrance agents","rw","a"
"acetosyringone","https://www.thegoodscentscompany.com/data/rw1181431.html","/data/rw1181431.html","2478-38-8","flavoring agents","rw","a"
"acetovanillone","https://www.thegoodscentscompany.com/data/rw1057511.html","/data/rw1057511.html","498-02-2","flavor and fragrance agents","rw","a"
"acetoisovanillone","https://www.thegoodscentscompany.com/data/rw1664521.html","/data/rw1664521.html","6100-74-9","natural substances and extractives","rw","a"
"1-(4- acetoxy-3-methoxyphenyl)propyl acetate","https://www.thegoodscentscompany.com/data/rw1697431.html","/data/rw1697431.html","97430-24-5","information only not used for fragrances or flavors","rw","a"
"acetoxy-[10]-gingerol","https://www.thegoodscentscompany.com/data/rw1817001.html","/data/rw1817001.html","748159-32-2","natural substances and extractives","rw","a"
"5-(4- acetoxy-1-butynyl)-2,2'-bithiophene","https://www.thegoodscentscompany.com/data/rw1842961.html","/data/rw1842961.html","1219-28-9","natural substances and extractives","rw","a"
"2- acetoxy-1-ethoxypropane","https://www.thegoodscentscompany.com/data/rw1314091.html","/data/rw1314091.html","54839-24-6","information only not used for fragrances or flavors","rw","a"
"6- acetoxy-11-nor-drim-7-en-9-one","https://www.thegoodscentscompany.com/data/rw1561931.html","/data/rw1561931.html","220766-77-8","natural substances and extractives","rw","a"
"ent-17- acetoxy-16b-kauran-19-al","https://www.thegoodscentscompany.com/data/rw1856751.html","/data/rw1856751.html","41756-46-1","natural substances and extractives","rw","a"
"1- acetoxy-2-hydroxy-16-heptadecen-4-one","https://www.thegoodscentscompany.com/data/rw1824151.html","/data/rw1824151.html","25346-18-3","natural substances and extractives","rw","a"
"1- acetoxy-2-hydroxy-16-heptadecyn-4-one","https://www.thegoodscentscompany.com/data/rw1824161.html","/data/rw1824161.html","24607-10-1","natural substances and extractives","rw","a"
"7- acetoxy-2-methylisoflavone","https://www.thegoodscentscompany.com/data/rw1808781.html","/data/rw1808781.html","3211-63-0","natural substances and extractives","rw","a"
"7- acetoxy-4-methyl coumarin","https://www.thegoodscentscompany.com/data/rw1213691.html","/data/rw1213691.html","2747-05-9","natural substances and extractives","rw","a"
"1- acetoxy-4,6-tetradecadiene-8,10,12-triyne","https://www.thegoodscentscompany.com/data/rw1823401.html","/data/rw1823401.html","6581-87-9","natural substances and extractives","rw","a"
"7- acetoxy-6-methoxycoumarin","https://www.thegoodscentscompany.com/data/rw1842131.html","/data/rw1842131.html","56795-51-8","natural substances and extractives","rw","a"
"(R)-3- acetoxy-beta-ionone","https://www.thegoodscentscompany.com/data/rw1567661.html","/data/rw1567661.html","50281-38-4","information only not used for fragrances or flavors","rw","a"
"1- acetoxyacetone","https://www.thegoodscentscompany.com/data/rw1053041.html","/data/rw1053041.html","592-20-1","flavor and fragrance agents","rw","a"
"3- acetoxyamorpha-4,7(11)-dien-8-one","https://www.thegoodscentscompany.com/data/rw1568601.html","/data/rw1568601.html","","natural substances and extractives","rw","a"
"3-exo- acetoxybornyl acetate","https://www.thegoodscentscompany.com/data/rw1567791.html","/data/rw1567791.html","","natural substances and extractives","rw","a"
"4- acetoxy-2-butanone","https://www.thegoodscentscompany.com/data/rw1056481.html","/data/rw1056481.html","10150-87-5","natural substances and extractives","rw","a"
"4-(1- acetoxy-3-buten-1-yl)phenyl acetate","https://www.thegoodscentscompany.com/data/rw1697441.html","/data/rw1697441.html","","information only not used for fragrances or flavors","rw","a"
"14- acetoxycedrol","https://www.thegoodscentscompany.com/data/rw1104861.html","/data/rw1104861.html","65557-98-4","natural substances and extractives","rw","a"
"2- acetoxy-1,8-cineole","https://www.thegoodscentscompany.com/data/rw1131181.html","/data/rw1131181.html","72257-53-5","flavoring agents","rw","a"
"6- acetoxydihydrotheaspirane","https://www.thegoodscentscompany.com/data/rw1037251.html","/data/rw1037251.html","57893-27-3","flavor and fragrance agents","rw","a"
"7- acetoxyelema-1,3-dien-8-ol","https://www.thegoodscentscompany.com/data/rw1568691.html","/data/rw1568691.html","","natural substances and extractives","rw","a"
"1'- acetoxyelemicin","https://www.thegoodscentscompany.com/data/rw1414371.html","/data/rw1414371.html","110011-81-9","information only not used for fragrances or flavors","rw","a"
"8- acetoxyelemol","https://www.thegoodscentscompany.com/data/rw1592301.html","/data/rw1592301.html","41370-57-4","natural substances and extractives","rw","a"
"1'- acetoxyestragole","https://www.thegoodscentscompany.com/data/rw1414471.html","/data/rw1414471.html","61691-82-5","information only not used for fragrances or flavors","rw","a"
"endo-9-[1- acetoxy-ethyl]-4-methyl-tricyclo[6.2.1.0.sup.2,7 ]undec-4-ene","https://www.thegoodscentscompany.com/data/rw1062101.html","/data/rw1062101.html","","information only not used for fragrances or flavors","rw","a"
"endo-9-[1- acetoxy-ethyl]-5-methyl-tricyclo[6.2.1.0.sup.2,7 ]undec-4-ene","https://www.thegoodscentscompany.com/data/rw1062081.html","/data/rw1062081.html","","information only not used for fragrances or flavors","rw","a"
"1'- acetoxyeugenol","https://www.thegoodscentscompany.com/data/rw1435021.html","/data/rw1435021.html","53890-24-7","natural substances and extractives","rw","a"
"9- acetoxyfukinanolide","https://www.thegoodscentscompany.com/data/rw1844921.html","/data/rw1844921.html","35945-70-1","natural substances and extractives","rw","a"
"1b- acetoxyfurano-4(15)-eudesmene","https://www.thegoodscentscompany.com/data/rw1568571.html","/data/rw1568571.html","","natural substances and extractives","rw","a"
"(-)-15- acetoxygymnomitr-3-ene","https://www.thegoodscentscompany.com/data/rw1567911.html","/data/rw1567911.html","","natural substances and extractives","rw","a"
"(-)-4b- acetoxygymnomitr-3(15)-ene","https://www.thegoodscentscompany.com/data/rw1567961.html","/data/rw1567961.html","","natural substances and extractives","rw","a"
"(+)-12- acetoxygymnomitr-3(15)-ene","https://www.thegoodscentscompany.com/data/rw1123491.html","/data/rw1123491.html","","natural substances and extractives","rw","a"
"(+)-5b- acetoxygymnomitr-3(15)-ene","https://www.thegoodscentscompany.com/data/rw1567981.html","/data/rw1567981.html","","natural substances and extractives","rw","a"
"10- acetoxyligustroside","https://www.thegoodscentscompany.com/data/rw1848451.html","/data/rw1848451.html","57799-95-8","natural substances and extractives","rw","a"
"ent-13-epi-12- acetoxymanoyl oxide","https://www.thegoodscentscompany.com/data/rw1539221.html","/data/rw1539221.html","122551-69-3","natural substances and extractives","rw","a"
"acetoxymethyl longifolene","https://www.thegoodscentscompany.com/data/rw1382101.html","/data/rw1382101.html","27530-63-8","information only not used for fragrances or flavors","rw","a"
"acetoxymethyl isolongifolene","https://www.thegoodscentscompany.com/data/rw1017071.html","/data/rw1017071.html","59056-62-1","fragrance agents","rw","a"
"5- acetoxymethyl-2-furaldehyde","https://www.thegoodscentscompany.com/data/rw1208491.html","/data/rw1208491.html","10551-58-3","natural substances and extractives","rw","a"
"3,4-bis( acetoxymethyl) furan","https://www.thegoodscentscompany.com/data/rw1182801.html","/data/rw1182801.html","30614-73-4","information only not used for fragrances or flavors","rw","a"
"N- acetoxymethylflindersine","https://www.thegoodscentscompany.com/data/rw1880701.html","/data/rw1880701.html","149998-45-8","natural substances and extractives","rw","a"
"8- acetoxypinoresinol","https://www.thegoodscentscompany.com/data/rw1834441.html","/data/rw1834441.html","81426-14-4","natural substances and extractives","rw","a"
"2- acetoxypropanoic acid","https://www.thegoodscentscompany.com/data/rw1408681.html","/data/rw1408681.html","535-17-1","information only not used for fragrances or flavors","rw","a"
"(S)-(-)-2- acetoxypropionic acid","https://www.thegoodscentscompany.com/data/rw1142021.html","/data/rw1142021.html","6034-46-4","information only not used for fragrances or flavors","rw","a"
"3- acetoxypyridine","https://www.thegoodscentscompany.com/data/rw1186731.html","/data/rw1186731.html","17747-43-2","information only not used for fragrances or flavors","rw","a"
"3- acetoxyscirpene-4,15-diol","https://www.thegoodscentscompany.com/data/rw1844151.html","/data/rw1844151.html","70402-13-0","natural substances and extractives","rw","a"
"acetoxyvalerenic acid","https://www.thegoodscentscompany.com/data/rw1408781.html","/data/rw1408781.html","81397-67-3","natural substances and extractives","rw","a"
"acetulan","https://www.thegoodscentscompany.com/data/rw1667161.html","/data/rw1667161.html","8028-98-6","natural substances and extractives","rw","a"
"acetum","https://www.thegoodscentscompany.com/data/ex1361131.html","/data/ex1361131.html","90132-02-8","antistatic agents","ex","a"
"acetyl acetaldehyde dimethyl acetal","https://www.thegoodscentscompany.com/data/rw1036051.html","/data/rw1036051.html","5436-21-5","flavoring agents","rw","a"
"acetyl acetone","https://www.thegoodscentscompany.com/data/rw1164641.html","/data/rw1164641.html","123-54-6","natural substances and extractives","rw","a"
"acetyl adenylate","https://www.thegoodscentscompany.com/data/rw1908551.html","/data/rw1908551.html","13015-87-7","natural substances and extractives","rw","a"
"acetyl-dextro-alanine","https://www.thegoodscentscompany.com/data/rw1014721.html","/data/rw1014721.html","19436-52-3","pharmaceuticals / chemical synthisis","rw","a"
"acetyl aleuritolic acid","https://www.thegoodscentscompany.com/data/rw1408411.html","/data/rw1408411.html","28937-85-1","natural substances and extractives","rw","a"
"2- acetyl-benzothiophene","https://www.thegoodscentscompany.com/data/rw1095001.html","/data/rw1095001.html","22720-75-8","information only not used for fragrances or flavors","rw","a"
"3- acetyl benzothiophene","https://www.thegoodscentscompany.com/data/rw1502701.html","/data/rw1502701.html","1128-05-8","information only not used for fragrances or flavors","rw","a"
"3-O- acetyl-11-keto-beta-boswellic acid","https://www.thegoodscentscompany.com/data/rw1664541.html","/data/rw1664541.html","67416-61-9","natural substances and extractives","rw","a"
"alpha- acetyl boswellic acid","https://www.thegoodscentscompany.com/data/rw1664531.html","/data/rw1664531.html","89913-60-0","natural substances and extractives","rw","a"
"2- acetyl butyrolactone","https://www.thegoodscentscompany.com/data/rw1169531.html","/data/rw1169531.html","517-23-7","pharmaceuticals / chemical synthisis","rw","a"
"acetyl butyryl","https://www.thegoodscentscompany.com/data/rw1014711.html","/data/rw1014711.html","3848-24-6","flavor and fragrance agents","rw","a"
"acetyl isobutyryl","https://www.thegoodscentscompany.com/data/rw1032821.html","/data/rw1032821.html","7493-58-5","flavor and fragrance agents","rw","a"
"acetyl carene","https://www.thegoodscentscompany.com/data/rw1389811.html","/data/rw1389811.html","62501-24-0","flavor and fragrance agents","rw","a"
"acetyl-laevo-carnitine","https://www.thegoodscentscompany.com/data/rw1654391.html","/data/rw1654391.html","3040-38-8","special dietary and nutritional additives","rw","a"
"acetyl cedrene","https://www.thegoodscentscompany.com/data/rw1408441.html","/data/rw1408441.html","80449-58-7","fragrance agents","rw","a"
"acetyl choline bromide","https://www.thegoodscentscompany.com/data/rw1215501.html","/data/rw1215501.html","66-23-9","pharmaceuticals / chemical synthisis","rw","a"
"acetyl choline chloride","https://www.thegoodscentscompany.com/data/rw1097431.html","/data/rw1097431.html","60-31-1","pharmaceuticals / chemical synthisis","rw","a"
"3- acetyl coumarin","https://www.thegoodscentscompany.com/data/rw1186791.html","/data/rw1186791.html","3949-36-8","natural substances and extractives","rw","a"
"ortho- acetyl-para-cresol","https://www.thegoodscentscompany.com/data/rw1158081.html","/data/rw1158081.html","1450-72-2","flavor and fragrance agents","rw","a"
"2- acetyl cyclohexanone","https://www.thegoodscentscompany.com/data/rw1169541.html","/data/rw1169541.html","874-23-7","information only not used for fragrances or flavors","rw","a"
"1- acetyl-1-cyclohexene","https://www.thegoodscentscompany.com/data/rw1151601.html","/data/rw1151601.html","932-66-1","natural substances and extractives","rw","a"
"1- acetyl cyclohexyl acetate","https://www.thegoodscentscompany.com/data/rw1037491.html","/data/rw1037491.html","52789-73-8","flavoring agents","rw","a"
"2- acetyl cyclopentanone","https://www.thegoodscentscompany.com/data/rw1106061.html","/data/rw1106061.html","1670-46-8","flavoring agents and cosmetic fragrance agents","rw","a"
"acetyl-laevo-cysteine","https://www.thegoodscentscompany.com/data/rw1265501.html","/data/rw1265501.html","616-91-1","special dietary and nutritional additives","rw","a"
"N-4- acetyl cytidine","https://www.thegoodscentscompany.com/data/rw1268071.html","/data/rw1268071.html","3768-18-1","information only not used for fragrances or flavors","rw","a"
"6""-O- acetyl daidzin","https://www.thegoodscentscompany.com/data/rw1681021.html","/data/rw1681021.html","71385-83-6","natural substances and extractives","rw","a"
"3- acetyl deoxynivalenol","https://www.thegoodscentscompany.com/data/rw1680881.html","/data/rw1680881.html","50722-38-8","toxic natural substances","rw","a"
"15- acetyl deoxynivalenol","https://www.thegoodscentscompany.com/data/rw1680891.html","/data/rw1680891.html","88337-96-6","toxic natural substances","rw","a"
"5- acetyl-2,3-dihydro-1,4-thiazine","https://www.thegoodscentscompany.com/data/rw1583971.html","/data/rw1583971.html","164524-93-0","flavoring agents","rw","a"
"8- acetyl-6,7-dimethoxycoumarin","https://www.thegoodscentscompany.com/data/rw1701851.html","/data/rw1701851.html","263271-48-3","information only not used for fragrances or flavors","rw","a"
"4- acetyl-1,4-dimethyl-1-cyclohexene","https://www.thegoodscentscompany.com/data/rw1036221.html","/data/rw1036221.html","43219-68-7","flavoring agents","rw","a"
"2- acetyl-3,5-dimethyl furan","https://www.thegoodscentscompany.com/data/rw1583211.html","/data/rw1583211.html","22940-86-9","flavoring agents","rw","a"
"2- acetyl-4,5-dimethyl furan","https://www.thegoodscentscompany.com/data/rw1636431.html","/data/rw1636431.html","73761-44-1","natural substances and extractives","rw","a"
"3- acetyl-2,5-dimethyl furan","https://www.thegoodscentscompany.com/data/rw1027711.html","/data/rw1027711.html","10599-70-9","flavor and fragrance agents","rw","a"
"4- acetyl-2,5-dimethyl-3(2H)-furanone","https://www.thegoodscentscompany.com/data/rw1590281.html","/data/rw1590281.html","36871-78-0","flavoring agents","rw","a"
"5- acetyl-2,4-dimethyl oxazole","https://www.thegoodscentscompany.com/data/rw1637751.html","/data/rw1637751.html","23012-25-1","natural substances and extractives","rw","a"
"2- acetyl-3,6-dimethyl pyrazine","https://www.thegoodscentscompany.com/data/rw1381291.html","/data/rw1381291.html","54300-09-3","flavor and fragrance agents","rw","a"
"5- acetyl-2,3-dimethyl pyrazine","https://www.thegoodscentscompany.com/data/rw1583511.html","/data/rw1583511.html","54300-10-6","flavor and fragrance agents","rw","a"
"2- acetyl-3,5-dimethyl pyrazine","https://www.thegoodscentscompany.com/data/rw1594331.html","/data/rw1594331.html","54300-08-2","flavor and fragrance agents","rw","a"
"2- acetyl-3,5(or 6)-dimethyl pyrazine","https://www.thegoodscentscompany.com/data/rw1001351.html","/data/rw1001351.html","72797-17-2","flavor and fragrance agents","rw","a"
"3- acetyl-2,5-dimethyl thiophene","https://www.thegoodscentscompany.com/data/rw1036701.html","/data/rw1036701.html","2530-10-1","flavoring agents","rw","a"
"5- acetyl-2,6-dimethylene-10,10-dimethylbicyclo [7.2.0.sup.1,9 ]undecane","https://www.thegoodscentscompany.com/data/rw1078591.html","/data/rw1078591.html","","information only not used for fragrances or flavors","rw","a"
"acetyl ethyl carbinol","https://www.thegoodscentscompany.com/data/rw1036801.html","/data/rw1036801.html","3142-66-3","flavoring agents","rw","a"
"2- acetyl-5-ethyl furan","https://www.thegoodscentscompany.com/data/rw1636421.html","/data/rw1636421.html","24119-98-0","natural substances and extractives","rw","a"
"2- acetyl-3-ethyl pyrazine","https://www.thegoodscentscompany.com/data/rw1001401.html","/data/rw1001401.html","32974-92-8","flavor and fragrance agents","rw","a"
"2- acetyl-5-ethyl pyrazine","https://www.thegoodscentscompany.com/data/rw1583521.html","/data/rw1583521.html","43108-58-3","flavoring agents","rw","a"
"2- acetyl-6-ethyl pyrazine","https://www.thegoodscentscompany.com/data/rw1583551.html","/data/rw1583551.html","34413-34-8","flavoring agents","rw","a"
"acetyl ethyl tetramethyl tetralin replacer","https://www.thegoodscentscompany.com/data/rw1000191.html","/data/rw1000191.html","","fragrance agents","rw","a"
"2- acetyl-4-ethyl thiazole","https://www.thegoodscentscompany.com/data/rw1595411.html","/data/rw1595411.html","233665-91-3","flavoring agents","rw","a"
"acetyl ferruginol","https://www.thegoodscentscompany.com/data/rw1083081.html","/data/rw1083081.html","","natural substances and extractives","rw","a"
"2- acetyl furan","https://www.thegoodscentscompany.com/data/rw1026171.html","/data/rw1026171.html","1192-62-7","flavor and fragrance agents","rw","a"
"5- acetyl-2-((2-furanyl methyl)thio) dihydro-2,5-dimethyl-3(2H)-furanone","https://www.thegoodscentscompany.com/data/rw1009541.html","/data/rw1009541.html","67828-71-1","information only not used for fragrances or flavors","rw","a"
"2- acetyl-1-furfuryl pyrrole","https://www.thegoodscentscompany.com/data/rw1583201.html","/data/rw1583201.html","13678-73-4","flavoring agents","rw","a"
"N- acetyl-beta-dextro-galactosamine","https://www.thegoodscentscompany.com/data/rw1664551.html","/data/rw1664551.html","1811-31-0","natural substances and extractives","rw","a"
"acetyl gastrodin","https://www.thegoodscentscompany.com/data/rw1414911.html","/data/rw1414911.html","59252-47-0","natural substances and extractives","rw","a"
"6""-O- acetyl genistin","https://www.thegoodscentscompany.com/data/rw1681031.html","/data/rw1681031.html","73566-30-0","natural substances and extractives","rw","a"
"N- acetyl-dextro-glucosamine","https://www.thegoodscentscompany.com/data/rw1265441.html","/data/rw1265441.html","7512-17-6","pharmaceuticals / chemical synthisis","rw","a"
"acetyl glutamic acid","https://www.thegoodscentscompany.com/data/rw1265511.html","/data/rw1265511.html","1188-37-0","flavor enhancers, umami taste enhancer","rw","a"
"acetyl glutamine","https://www.thegoodscentscompany.com/data/rw1597951.html","/data/rw1597951.html","35305-74-9","cosmetic ingredient for skin conditioning","rw","a"
"N- acetyl-laevo-glutamine","https://www.thegoodscentscompany.com/data/rw1257751.html","/data/rw1257751.html","2490-97-3","cosmetic ingredient for skin conditioning","rw","a"
"acetyl glyceryl ricinoleate","https://www.thegoodscentscompany.com/data/rw1597961.html","/data/rw1597961.html","235433-29-1","emollients, skin conditioning","rw","a"
"N- acetyl glycine","https://www.thegoodscentscompany.com/data/rw1265641.html","/data/rw1265641.html","543-24-8","information only not used for fragrances or flavors","rw","a"
"6""-O- acetyl glycitin","https://www.thegoodscentscompany.com/data/rw1681041.html","/data/rw1681041.html","134859-96-4","natural substances and extractives","rw","a"
"acetylheptanoyl","https://www.thegoodscentscompany.com/data/rw1095211.html","/data/rw1095211.html","","information only not used for fragrances or flavors","rw","a"
"N- acetyl histamine","https://www.thegoodscentscompany.com/data/rw1267551.html","/data/rw1267551.html","673-49-4","natural substances and extractives","rw","a"
"N-alpha- acetyl-laevo-histidine monohydrate","https://www.thegoodscentscompany.com/data/rw1265791.html","/data/rw1265791.html","39145-52-3","information only not used for fragrances or flavors","rw","a"
"8- acetyl-7-hydroxycoumarin","https://www.thegoodscentscompany.com/data/rw1701841.html","/data/rw1701841.html","6748-68-1","natural substances and extractives","rw","a"
"8- acetyl-6-hydroxy-7-methoxycoumarin","https://www.thegoodscentscompany.com/data/rw1701831.html","/data/rw1701831.html","202288-19-5","information only not used for fragrances or flavors","rw","a"
"1- acetyl imidazole","https://www.thegoodscentscompany.com/data/rw1151721.html","/data/rw1151721.html","2466-76-4","natural substances and extractives","rw","a"
"1- acetyl indole","https://www.thegoodscentscompany.com/data/rw1047721.html","/data/rw1047721.html","576-15-8","information only not used for fragrances or flavors","rw","a"
"acetyl iodide","https://www.thegoodscentscompany.com/data/rw1349401.html","/data/rw1349401.html","507-02-8","pharmaceuticals / chemical synthisis","rw","a"
"acetyl isocupressic acid","https://www.thegoodscentscompany.com/data/rw1531261.html","/data/rw1531261.html","52992-82-2","natural substances and extractives","rw","a"
"2- acetyl-4-isopropenyl pyridine","https://www.thegoodscentscompany.com/data/rw1600651.html","/data/rw1600651.html","142896-11-5","flavoring agents","rw","a"
"4- acetyl-2-isopropenyl pyridine","https://www.thegoodscentscompany.com/data/rw1600661.html","/data/rw1600661.html","142896-12-6","flavoring agents","rw","a"
"2- acetyl-4-isopropyl pyridine","https://www.thegoodscentscompany.com/data/rw1600671.html","/data/rw1600671.html","142896-09-1","flavoring agents","rw","a"
"acetyl isothiocyanate","https://www.thegoodscentscompany.com/data/rw1408461.html","/data/rw1408461.html","13250-46-9","natural substances and extractives","rw","a"
"acetyl longifolene","https://www.thegoodscentscompany.com/data/rw1699641.html","/data/rw1699641.html","3338-56-5","fragrance agents","rw","a"
"3- acetyl lupeol","https://www.thegoodscentscompany.com/data/rw1699861.html","/data/rw1699861.html","1617-68-1","natural substances and extractives","rw","a"
"acetyl-laevo-methionine","https://www.thegoodscentscompany.com/data/rw1265521.html","/data/rw1265521.html","65-82-7","special dietary and nutritional additives","rw","a"
"N- acetyl methionine DL","https://www.thegoodscentscompany.com/data/rw1265451.html","/data/rw1265451.html","1115-47-5","information only not used for fragrances or flavors","rw","a"
"8- acetyl-7-methoxycoumarin","https://www.thegoodscentscompany.com/data/rw1701821.html","/data/rw1701821.html","89019-07-8","information only not used for fragrances or flavors","rw","a"
"acetyl methyl anthranilate","https://www.thegoodscentscompany.com/data/rw1015551.html","/data/rw1015551.html","2719-08-6","flavor and fragrance agents","rw","a"
"acetyl-beta-methyl choline chloride","https://www.thegoodscentscompany.com/data/rw1215481.html","/data/rw1215481.html","62-51-1","pharmaceuticals / chemical synthisis","rw","a"
"2- acetyl-5-(4-methyl-3-cyclohexenyl)-2-hexenoic acid ethyl ester","https://www.thegoodscentscompany.com/data/rw1065741.html","/data/rw1065741.html","","information only not used for fragrances or flavors","rw","a"
"acetyl methyl disulfide","https://www.thegoodscentscompany.com/data/rw1494871.html","/data/rw1494871.html","5813-72-9","information only not used for fragrances or flavors","rw","a"
"2- acetyl-5-methyl furan","https://www.thegoodscentscompany.com/data/rw1027731.html","/data/rw1027731.html","1193-79-9","flavor and fragrance agents","rw","a"
"2- acetyl-4-methyl furan","https://www.thegoodscentscompany.com/data/rw1636411.html","/data/rw1636411.html","33342-43-7","information only not used for fragrances or flavors","rw","a"
"5- acetyl-2-methyl oxazole","https://www.thegoodscentscompany.com/data/rw1118541.html","/data/rw1118541.html","78503-09-0","natural substances and extractives","rw","a"
"2- acetyl-4-methyl-4-pentenoic acid ethyl ester","https://www.thegoodscentscompany.com/data/rw1538721.html","/data/rw1538721.html","20962-70-3","fragrance agents","rw","a"
"2- acetyl-3-methyl pyrazine","https://www.thegoodscentscompany.com/data/rw1001571.html","/data/rw1001571.html","23787-80-6","flavoring agents","rw","a"
"2- acetyl-5-methyl pyrazine","https://www.thegoodscentscompany.com/data/rw1583531.html","/data/rw1583531.html","22047-27-4","flavoring agents","rw","a"
"2- acetyl-6-methyl pyrazine","https://www.thegoodscentscompany.com/data/rw1583561.html","/data/rw1583561.html","22047-26-3","flavoring agents","rw","a"
"4- acetyl-2-methyl pyrimidine","https://www.thegoodscentscompany.com/data/rw1037271.html","/data/rw1037271.html","67860-38-2","flavoring agents","rw","a"
"2- acetyl-1-methyl pyrrole","https://www.thegoodscentscompany.com/data/rw1035381.html","/data/rw1035381.html","932-16-1","flavoring agents","rw","a"
"2- acetyl-5-methyl pyrrole","https://www.thegoodscentscompany.com/data/rw1583541.html","/data/rw1583541.html","6982-72-5","flavoring agents","rw","a"
"2- acetyl-4-methyl thiazole","https://www.thegoodscentscompany.com/data/rw1583681.html","/data/rw1583681.html","7533-07-5","flavoring agents","rw","a"
"5- acetyl-4-methyl thiazole","https://www.thegoodscentscompany.com/data/rw1468161.html","/data/rw1468161.html","38205-55-9","information only not used for fragrances or flavors","rw","a"
"2- acetyl-5-methyl thiazole","https://www.thegoodscentscompany.com/data/rw1583691.html","/data/rw1583691.html","59303-17-2","flavoring agents","rw","a"
"2- acetylmethyl-thiophene","https://www.thegoodscentscompany.com/data/rw1095131.html","/data/rw1095131.html","15022-18-1","information only not used for fragrances or flavors","rw","a"
"2- acetyl-4-methyl thiophene","https://www.thegoodscentscompany.com/data/rw1528831.html","/data/rw1528831.html","13679-73-7","natural substances and extractives","rw","a"
"2- acetyl-3-methyl thiophene","https://www.thegoodscentscompany.com/data/rw1056521.html","/data/rw1056521.html","13679-72-6","flavoring agents","rw","a"
"2- acetyl-5-methyl thiophene","https://www.thegoodscentscompany.com/data/rw1503451.html","/data/rw1503451.html","13679-74-8","flavoring agents","rw","a"
"9- acetyl-4-methyl-tricyclo[6.2.1.0.sup.2,7 ]undec-4-ene","https://www.thegoodscentscompany.com/data/rw1049031.html","/data/rw1049031.html","","information only not used for fragrances or flavors","rw","a"
"9- acetyl-5-methyl-tricyclo[6.2.1.0.sup.2,7 ]undec-4-ene","https://www.thegoodscentscompany.com/data/rw1044721.html","/data/rw1044721.html","","information only not used for fragrances or flavors","rw","a"
"exo+endo-9- acetyl-5-methyl-tricyclo[6.2.1.0.sup.2,7 ]undecane","https://www.thegoodscentscompany.com/data/rw1062121.html","/data/rw1062121.html","","information only not used for fragrances or flavors","rw","a"
"1- acetyl-11-methylene-4,7,7-trimethyl-cycloundeca-4,8-diene","https://www.thegoodscentscompany.com/data/rw1078581.html","/data/rw1078581.html","","information only not used for fragrances or flavors","rw","a"
"N- acetyl neuraminic acid","https://www.thegoodscentscompany.com/data/rw1136901.html","/data/rw1136901.html","131-48-6","cosmetic ingredient for skin and hair conditioning","rw","a"
"acetyl nonyryl","https://www.thegoodscentscompany.com/data/rw1035121.html","/data/rw1035121.html","7493-59-6","flavor and fragrance agents","rw","a"
"2- acetyl oxazole","https://www.thegoodscentscompany.com/data/rw1117721.html","/data/rw1117721.html","77311-07-0","natural substances and extractives","rw","a"
"acetyl propionyl","https://www.thegoodscentscompany.com/data/rw1003991.html","/data/rw1003991.html","600-14-6","flavor and fragrance agents","rw","a"
"acetyl propyl amine","https://www.thegoodscentscompany.com/data/rw1582911.html","/data/rw1582911.html","5331-48-6","flavoring agents","rw","a"
"2- acetyl pyrazine","https://www.thegoodscentscompany.com/data/rw1012201.html","/data/rw1012201.html","22047-25-2","flavor and fragrance agents","rw","a"
"4- acetyl pyrazole","https://www.thegoodscentscompany.com/data/rw1628981.html","/data/rw1628981.html","25016-16-4","natural substances and extractives","rw","a"
"2- acetyl pyridine","https://www.thegoodscentscompany.com/data/rw1012221.html","/data/rw1012221.html","1122-62-9","flavor and fragrance agents","rw","a"
"3- acetyl pyridine","https://www.thegoodscentscompany.com/data/rw1012241.html","/data/rw1012241.html","350-03-8","flavor and fragrance agents","rw","a"
"4- acetyl pyridine","https://www.thegoodscentscompany.com/data/rw1056531.html","/data/rw1056531.html","1122-54-9","flavoring agents","rw","a"
"1- acetyl pyrrole","https://www.thegoodscentscompany.com/data/rw1628781.html","/data/rw1628781.html","609-41-6","information only not used for fragrances or flavors","rw","a"
"2- acetyl pyrrole","https://www.thegoodscentscompany.com/data/rw1028421.html","/data/rw1028421.html","1072-83-9","flavor and fragrance agents","rw","a"
"3- acetyl pyrrole","https://www.thegoodscentscompany.com/data/rw1586711.html","/data/rw1586711.html","1072-82-8","natural substances and extractives","rw","a"
"2- acetyl-1-pyrroline","https://www.thegoodscentscompany.com/data/rw1583501.html","/data/rw1583501.html","85213-22-5","flavoring agents","rw","a"
"2- acetyl-2-pyrroline","https://www.thegoodscentscompany.com/data/rw1552381.html","/data/rw1552381.html","1314926-27-6","natural substances and extractives","rw","a"
"acetyl pyrrolizine","https://www.thegoodscentscompany.com/data/rw1552171.html","/data/rw1552171.html","55041-85-5","natural substances and extractives","rw","a"
"acetyl salicylic acid","https://www.thegoodscentscompany.com/data/rw1097491.html","/data/rw1097491.html","50-78-2","pharmaceuticals / chemical synthisis","rw","a"
"8-ortho- acetyl shanzhiside methyl ester","https://www.thegoodscentscompany.com/data/rw1443481.html","/data/rw1443481.html","57420-46-9","natural substances and extractives","rw","a"
"acetyl shikonin","https://www.thegoodscentscompany.com/data/rw1459031.html","/data/rw1459031.html","54984-93-9","natural substances and extractives","rw","a"
"(R)- acetyl shikonin","https://www.thegoodscentscompany.com/data/rw1414831.html","/data/rw1414831.html","24502-78-1","natural substances and extractives","rw","a"
"2- acetyl-3,4,5,6-tetrahydropyridine","https://www.thegoodscentscompany.com/data/rw1551931.html","/data/rw1551931.html","27300-27-2","flavoring agents","rw","a"
"6- acetyl-1,2,3,4-tetrahydropyridine","https://www.thegoodscentscompany.com/data/rw1551891.html","/data/rw1551891.html","25343-57-1","flavoring agents","rw","a"
"acetyl tetralin","https://www.thegoodscentscompany.com/data/rw1545871.html","/data/rw1545871.html","774-55-0","fragrance agents","rw","a"
"3- acetyl-5,5,8,8-tetramethyl-5,6,7,8-tetrahydro-2-naphthalenecarbaldehyde","https://www.thegoodscentscompany.com/data/rw1549611.html","/data/rw1549611.html","","information only not used for fragrances or flavors","rw","a"
"2- acetyl thiazole","https://www.thegoodscentscompany.com/data/rw1025671.html","/data/rw1025671.html","24295-03-2","flavor and fragrance agents","rw","a"
"2- acetyl thiazolidine","https://www.thegoodscentscompany.com/data/rw1038511.html","/data/rw1038511.html","67399-73-9","information only not used for fragrances or flavors","rw","a"
"2- acetyl-2-thiazoline","https://www.thegoodscentscompany.com/data/rw1038521.html","/data/rw1038521.html","29926-41-8","flavoring agents","rw","a"
"3- acetyl thioisobutyric acid","https://www.thegoodscentscompany.com/data/rw1376381.html","/data/rw1376381.html","33325-40-5","information only not used for fragrances or flavors","rw","a"
"2- acetyl thiophene","https://www.thegoodscentscompany.com/data/rw1038531.html","/data/rw1038531.html","88-15-3","flavor and fragrance agents","rw","a"
"3- acetyl thiophene","https://www.thegoodscentscompany.com/data/rw1056541.html","/data/rw1056541.html","1468-83-3","natural substances and extractives","rw","a"
"acetyl tributyl citrate","https://www.thegoodscentscompany.com/data/rw1018731.html","/data/rw1018731.html","77-90-7","flavor and fragrance agents","rw","a"
"acetyl triethyl citrate","https://www.thegoodscentscompany.com/data/rw1009561.html","/data/rw1009561.html","77-89-4","food contact resinous and polymeric coatings","rw","a"
"acetyl triethylhexyl citrate","https://www.thegoodscentscompany.com/data/rw1097461.html","/data/rw1097461.html","144-15-0","cosmetic agents","rw","a"
"acetyl trifluoromethylphenyl valylglycine","https://www.thegoodscentscompany.com/data/rw1691621.html","/data/rw1691621.html","379685-96-8","cosmetic ingredient for skin conditioning","rw","a"
"acetyl trihexyl citrate","https://www.thegoodscentscompany.com/data/rw1293071.html","/data/rw1293071.html","24817-92-3","cosmetic agents","rw","a"
"acetyl tripeptide-1","https://www.thegoodscentscompany.com/data/rw1688941.html","/data/rw1688941.html","","cosmetic ingredient for skin conditioning","rw","a"
"acetyl tripeptide-30 citrulline","https://www.thegoodscentscompany.com/data/rw1688951.html","/data/rw1688951.html","","cosmetic ingredient for skin conditioning","rw","a"
"acetyl tripeptide-45 D-phenylalanyl octapeptide-14 norleucyl pentapeptide-38 methyl leucyl decapeptide-26 norleucyl glutamyl methyl leucyl isoleucinamide","https://www.thegoodscentscompany.com/data/rw1703401.html","/data/rw1703401.html","","cosmetic ingredient for hair conditioning","rw","a"
"acetyl-dextro,laevo-tryptophan","https://www.thegoodscentscompany.com/data/rw1265471.html","/data/rw1265471.html","87-32-1","special dietary and nutritional additives","rw","a"
"acetyl-laevo-tryptophan","https://www.thegoodscentscompany.com/data/rw1097511.html","/data/rw1097511.html","1218-34-4","dietary supplements","rw","a"
"acetyl-laevo-tyrosine","https://www.thegoodscentscompany.com/data/rw1097521.html","/data/rw1097521.html","537-55-3","cosmetic ingredient for skin conditioning","rw","a"
"acetyl ursolic acid","https://www.thegoodscentscompany.com/data/rw1414801.html","/data/rw1414801.html","7372-30-7","natural substances and extractives","rw","a"
"acetyl isovaleryl","https://www.thegoodscentscompany.com/data/rw1007951.html","/data/rw1007951.html","13706-86-0","flavoring agents","rw","a"
"2- acetyl-1,3-cyclohexane dione","https://www.thegoodscentscompany.com/data/rw1169451.html","/data/rw1169451.html","4056-73-9","information only not used for fragrances or flavors","rw","a"
"2- acetyl-1,3-cyclopentane dione","https://www.thegoodscentscompany.com/data/rw1169461.html","/data/rw1169461.html","3859-39-0","natural substances and extractives","rw","a"
"1-(5- acetyl-2-hydroxyphenyl)-3-methyl-1-butanone","https://www.thegoodscentscompany.com/data/rw1830391.html","/data/rw1830391.html","62458-64-4","natural substances and extractives","rw","a"
"4- acetyl-2-methylpyridine","https://www.thegoodscentscompany.com/data/rw1882331.html","/data/rw1882331.html","2732-28-7","natural substances and extractives","rw","a"
"4- acetyl-2-prenylphenol","https://www.thegoodscentscompany.com/data/rw1822621.html","/data/rw1822621.html","35816-89-8","natural substances and extractives","rw","a"
"7- acetyl-2,2,6-trimethyl bicyclo(4.2.0)octane","https://www.thegoodscentscompany.com/data/rw1566901.html","/data/rw1566901.html","","natural substances and extractives","rw","a"
"cis-1- acetyl-2,2,6-trimethyl cyclohexane","https://www.thegoodscentscompany.com/data/rw1009571.html","/data/rw1009571.html","52612-52-9","information only not used for fragrances or flavors","rw","a"
"N- acetyl-2,3-dihydro-1H-pyrrole","https://www.thegoodscentscompany.com/data/rw1825141.html","/data/rw1825141.html","23105-58-0","natural substances and extractives","rw","a"
"6- acetyl-2,3-dihydro-2-(hydroxymethyl)-4(1H)-pyridinone","https://www.thegoodscentscompany.com/data/rw1848181.html","/data/rw1848181.html","214218-63-0","information only not used for fragrances or flavors","rw","a"
"5- acetyl-2,3-dihydro-6-methyl-1H-pyrrolizine","https://www.thegoodscentscompany.com/data/rw1881571.html","/data/rw1881571.html","55041-86-6","natural substances and extractives","rw","a"
"5- acetyl-2,3-dihydro-6,7-dimethyl-1H-pyrrolizine","https://www.thegoodscentscompany.com/data/rw1881531.html","/data/rw1881531.html","97073-03-5","information only not used for fragrances or flavors","rw","a"
"5- acetyl-2,3-dihydro-7-methyl-1H-pyrrolizine","https://www.thegoodscentscompany.com/data/rw1881561.html","/data/rw1881561.html","80933-77-3","information only not used for fragrances or flavors","rw","a"
"N- acetyl-2,6-diethylaniline","https://www.thegoodscentscompany.com/data/rw1832131.html","/data/rw1832131.html","16665-89-7","information only not used for fragrances or flavors","rw","a"
"3- Acetyl-2,7-naphthyridine","https://www.thegoodscentscompany.com/data/rw1859721.html","/data/rw1859721.html","73607-00-8","natural substances and extractives","rw","a"
"4- acetyl-2(3H)-benzoxazolone","https://www.thegoodscentscompany.com/data/rw1884731.html","/data/rw1884731.html","70735-79-4","natural substances and extractives","rw","a"
"2- acetyl-3-ethylidene-3,4,5,6-tetrahydropyridine","https://www.thegoodscentscompany.com/data/rw1881661.html","/data/rw1881661.html","118355-72-9","information only not used for fragrances or flavors","rw","a"
"2- acetyl-3-methylfuran","https://www.thegoodscentscompany.com/data/rw1846121.html","/data/rw1846121.html","13101-45-6","natural substances and extractives","rw","a"
"4- Acetyl-3-methylpyridine","https://www.thegoodscentscompany.com/data/rw1882341.html","/data/rw1882341.html","82352-00-9","natural substances and extractives","rw","a"
"1- acetyl-4-isopropenyl cyclopentene","https://www.thegoodscentscompany.com/data/rw1619181.html","/data/rw1619181.html","2704-76-9","natural substances and extractives","rw","a"
"2- acetyl-4-methyl-1,3-cyclopentanedione","https://www.thegoodscentscompany.com/data/rw1619191.html","/data/rw1619191.html","4056-69-3","natural substances and extractives","rw","a"
"exo+endo-9- acetyl-4-methyl-tricyclo[6.2.1.0.sup.2,7 ]undecane","https://www.thegoodscentscompany.com/data/rw1070341.html","/data/rw1070341.html","","information only not used for fragrances or flavors","rw","a"
"2- acetyl-4-methylpyridine","https://www.thegoodscentscompany.com/data/rw1859081.html","/data/rw1859081.html","59576-26-0","natural substances and extractives","rw","a"
"N- acetyl-4-O-acetylneuraminic acid","https://www.thegoodscentscompany.com/data/rw1897321.html","/data/rw1897321.html","16655-75-7","information only not used for fragrances or flavors","rw","a"
"3'-N- acetyl-4'-O-(14-methylpentadecanoyl)fusarochromanone","https://www.thegoodscentscompany.com/data/rw1869411.html","/data/rw1869411.html","136762-45-3","information only not used for fragrances or flavors","rw","a"
"2- acetyl-5-bromopyrrole","https://www.thegoodscentscompany.com/data/rw1634261.html","/data/rw1634261.html","82678-01-1","natural substances and extractives","rw","a"
"2- acetyl-5-methylpyridine","https://www.thegoodscentscompany.com/data/rw1882321.html","/data/rw1882321.html","5308-63-4","natural substances and extractives","rw","a"
"N- acetyl-6-O-L-fucosyl-D-glucosamine","https://www.thegoodscentscompany.com/data/rw1902051.html","/data/rw1902051.html","109582-58-3","natural substances and extractives","rw","a"
"N- acetyl-7-O-acetylneuraminic acid","https://www.thegoodscentscompany.com/data/rw1897241.html","/data/rw1897241.html","18529-63-0","natural substances and extractives","rw","a"
"N- acetyl-9-O-acetylneuraminic acid","https://www.thegoodscentscompany.com/data/rw1897311.html","/data/rw1897311.html","55717-54-9","information only not used for fragrances or flavors","rw","a"
"N- acetyl-9-O-lactoylneuraminic acid","https://www.thegoodscentscompany.com/data/rw1897171.html","/data/rw1897171.html","92935-30-3","information only not used for fragrances or flavors","rw","a"
"N- acetyl-D-mannosamine","https://www.thegoodscentscompany.com/data/rw1909741.html","/data/rw1909741.html","3615-17-6","information only not used for fragrances or flavors","rw","a"
"N-alpha- acetyl-L-arginine","https://www.thegoodscentscompany.com/data/rw1905261.html","/data/rw1905261.html","155-84-0","natural substances and extractives","rw","a"
"N- acetyl-L-serine","https://www.thegoodscentscompany.com/data/rw1811141.html","/data/rw1811141.html","16354-58-8","natural substances and extractives","rw","a"
"acetyl-laevo-aspartic acid","https://www.thegoodscentscompany.com/data/rw1408501.html","/data/rw1408501.html","997-55-7","natural substances and extractives","rw","a"
"N-alpha- acetyl-laevo-lysine","https://www.thegoodscentscompany.com/data/rw1265811.html","/data/rw1265811.html","1946-82-3","information only not used for fragrances or flavors","rw","a"
"N-epsilon- acetyl-laevo-lysine","https://www.thegoodscentscompany.com/data/rw1266461.html","/data/rw1266461.html","692-04-6","natural substances and extractives","rw","a"
"N- acetyl-laevo-phenyl alanine","https://www.thegoodscentscompany.com/data/rw1265531.html","/data/rw1265531.html","2018-61-3","information only not used for fragrances or flavors","rw","a"
"starch food modified: acetylated distarch adipate","https://www.thegoodscentscompany.com/data/rw1611411.html","/data/rw1611411.html","63798-35-6","food starch-modified, thickener, emulsifier, stabilizer, bulking agent","rw","a"
"acetylene","https://www.thegoodscentscompany.com/data/rw1132621.html","/data/rw1132621.html","74-86-2","indirect food additives: adhesives and components of coatings","rw","a"
"7- Acetylintermedine","https://www.thegoodscentscompany.com/data/rw1815951.html","/data/rw1815951.html","74243-01-9","natural substances and extractives","rw","a"
"3-( acetylthio)hexanal","https://www.thegoodscentscompany.com/data/rw1094361.html","/data/rw1094361.html","22236-44-8","flavoring agents","rw","a"
"acevaltrate","https://www.thegoodscentscompany.com/data/rw1522191.html","/data/rw1522191.html","25161-41-5","natural substances and extractives","rw","a"
"achillea ageratum extract","https://www.thegoodscentscompany.com/data/ex1385181.html","/data/ex1385181.html","91845-60-2","information only not used for fragrances or flavors","ex","a"
"achillea atrata extract","https://www.thegoodscentscompany.com/data/ex1385191.html","/data/ex1385191.html","91845-61-3","information only not used for fragrances or flavors","ex","a"
"achillea clavennae extract","https://www.thegoodscentscompany.com/data/ex1385241.html","/data/ex1385241.html","90147-50-5","information only not used for fragrances or flavors","ex","a"
"achillea filipendulina extract","https://www.thegoodscentscompany.com/data/ex1385201.html","/data/ex1385201.html","91845-62-4","cosmetic agents","ex","a"
"achillea herba-rota extract","https://www.thegoodscentscompany.com/data/ex1385251.html","/data/ex1385251.html","90147-51-6","information only not used for fragrances or flavors","ex","a"
"achillea micrantha extract","https://www.thegoodscentscompany.com/data/ex1385211.html","/data/ex1385211.html","91845-63-5","information only not used for fragrances or flavors","ex","a"
"achillea millefolium extract","https://www.thegoodscentscompany.com/data/ex1090851.html","/data/ex1090851.html","84082-83-7","cosmetic, flavor and fragrance agents, dietary supplements","ex","a"
"achillea millefolium flower","https://www.thegoodscentscompany.com/data/rs1088771.html","/data/rs1088771.html","84082-83-7","information only not used for fragrances or flavors","rs","a"
"achillea millefolium flower extract","https://www.thegoodscentscompany.com/data/ex1617871.html","/data/ex1617871.html","84082-83-7","antioxidant, humectant agents","ex","a"
"achillea millefolium flower tincture","https://www.thegoodscentscompany.com/data/ex1674441.html","/data/ex1674441.html","84082-83-7","information only not used for fragrances or flavors","ex","a"
"achillea millefolium flower water","https://www.thegoodscentscompany.com/data/es1617881.html","/data/es1617881.html","84082-83-7","cosmetic and fragrance agents","es","a"
"achillea millefolium flower/leaf/stem extract","https://www.thegoodscentscompany.com/data/ex1691691.html","/data/ex1691691.html","84082-83-7","cosmetic ingredient for skin conditioning","ex","a"
"achillea millefolium herb oil CO2 extract","https://www.thegoodscentscompany.com/data/es1088441.html","/data/es1088441.html","8022-07-9","flavor and fragrance agents","es","a"
"achillea moschata extract","https://www.thegoodscentscompany.com/data/ex1045661.html","/data/ex1045661.html","90147-53-8","spices, other natural seasonings and flavorings","ex","a"
"achillea nana extract","https://www.thegoodscentscompany.com/data/ex1385261.html","/data/ex1385261.html","90147-52-7","information only not used for fragrances or flavors","ex","a"
"achillea nobilis extract","https://www.thegoodscentscompany.com/data/ex1385221.html","/data/ex1385221.html","91845-64-6","information only not used for fragrances or flavors","ex","a"
"achillea ptarmica extract","https://www.thegoodscentscompany.com/data/ex1385171.html","/data/ex1385171.html","92129-98-1","information only not used for fragrances or flavors","ex","a"
"achillea tanacetifolia extract","https://www.thegoodscentscompany.com/data/ex1385231.html","/data/ex1385231.html","91845-65-7","information only not used for fragrances or flavors","ex","a"
"achillea tenuifolia lam. flower oil iran","https://www.thegoodscentscompany.com/data/es1591741.html","/data/es1591741.html","","fragrance agents","es","a"
"achillicin","https://www.thegoodscentscompany.com/data/rw1855541.html","/data/rw1855541.html","71616-00-7","natural substances and extractives","rw","a"
"achillin","https://www.thegoodscentscompany.com/data/rw1562321.html","/data/rw1562321.html","5956-04-7","natural substances and extractives","rw","a"
"achras sapota fruit","https://www.thegoodscentscompany.com/data/rs1086861.html","/data/rs1086861.html","","information only not used for fragrances or flavors","rs","a"
"achras sapota fruit extract","https://www.thegoodscentscompany.com/data/ex1065951.html","/data/ex1065951.html","85085-69-4","flavor and fragrance agents","ex","a"
"achras sapota fruit/seed extract","https://www.thegoodscentscompany.com/data/ex1703471.html","/data/ex1703471.html","85085-69-4","cosmetic ingredient for hair conditioning","ex","a"
"achyranthes aspera extract","https://www.thegoodscentscompany.com/data/ex1385281.html","/data/ex1385281.html","92201-12-2","cosmetic agents","ex","a"
"achyranthes bidentata root extract","https://www.thegoodscentscompany.com/data/ex1691701.html","/data/ex1691701.html","","cosmetic ingredient for skin conditioning","ex","a"
"achyranthes fauriei root extract","https://www.thegoodscentscompany.com/data/ex1691711.html","/data/ex1691711.html","","cosmetic ingredient for skin conditioning","ex","a"
"achyranthes japonica extract","https://www.thegoodscentscompany.com/data/ex1691721.html","/data/ex1691721.html","","cosmetic ingredient for skin conditioning","ex","a"
"achyrocline satureiodes leaf extract","https://www.thegoodscentscompany.com/data/ex1691731.html","/data/ex1691731.html","92346-81-1","cosmetic ingredient for skin conditioning","ex","a"
"achyrocline satureioides flower extract","https://www.thegoodscentscompany.com/data/ex1687181.html","/data/ex1687181.html","92346-81-1","cosmetic agents","ex","a"
"achyrocline satureioides flower oil","https://www.thegoodscentscompany.com/data/es1687191.html","/data/es1687191.html","92346-81-1","cosmetic agents","es","a"
"acibenzolar-S-methyl","https://www.thegoodscentscompany.com/data/rw1664281.html","/data/rw1664281.html","135158-54-2","herbicides / pesticides","rw","a"
"aciculatin","https://www.thegoodscentscompany.com/data/rw1465601.html","/data/rw1465601.html","134044-97-6","natural substances and extractives","rw","a"
"acid blue 29 (c.i. 20460)","https://www.thegoodscentscompany.com/data/rw1215651.html","/data/rw1215651.html","5850-35-1","information only not used for fragrances or flavors","rw","a"
"acid blue 40 (c.i. 62125)","https://www.thegoodscentscompany.com/data/rw1215661.html","/data/rw1215661.html","6424-85-7","information only not used for fragrances or flavors","rw","a"
"acid yellow 99 (c.i. 13900)","https://www.thegoodscentscompany.com/data/rw1216011.html","/data/rw1216011.html","10343-58-5","information only not used for fragrances or flavors","rw","a"
"acidissiminin","https://www.thegoodscentscompany.com/data/rw1869901.html","/data/rw1869901.html","126005-91-2","natural substances and extractives","rw","a"
"acidissiminin epoxide","https://www.thegoodscentscompany.com/data/rw1869911.html","/data/rw1869911.html","139083-09-3","natural substances and extractives","rw","a"
"acidissiminol epoxide","https://www.thegoodscentscompany.com/data/rw1886441.html","/data/rw1886441.html","139165-01-8","natural substances and extractives","rw","a"
"acidity blockers","https://www.thegoodscentscompany.com/data/fl1395011.html","/data/fl1395011.html","","flavor enhancers, acidity taste blockers","fl","a"
"acifluorfen sodium salt","https://www.thegoodscentscompany.com/data/rw1339001.html","/data/rw1339001.html","62476-59-9","information only not used for fragrances or flavors","rw","a"
"acinos alpinus extract","https://www.thegoodscentscompany.com/data/ex1691741.html","/data/ex1691741.html","","cosmetic ingredient for skin conditioning","ex","a"
"acinos thymoides extract","https://www.thegoodscentscompany.com/data/ex1385291.html","/data/ex1385291.html","90320-10-8","information only not used for fragrances or flavors","ex","a"
"acitral","https://www.thegoodscentscompany.com/data/rw1590731.html","/data/rw1590731.html","877-60-1","flavoring agents","rw","a"
"aclonifen","https://www.thegoodscentscompany.com/data/rw1093871.html","/data/rw1093871.html","74070-46-5","herbicides / pesticides","rw","a"
"acolamone","https://www.thegoodscentscompany.com/data/rw1596221.html","/data/rw1596221.html","39012-14-1","natural substances and extractives","rw","a"
"iso acolamone","https://www.thegoodscentscompany.com/data/rw1091091.html","/data/rw1091091.html","39012-15-2","natural substances and extractives","rw","a"
"aconitic acid","https://www.thegoodscentscompany.com/data/rw1108671.html","/data/rw1108671.html","499-12-7","flavoring agents and adjuvants","rw","a"
"(E)- aconitic acid","https://www.thegoodscentscompany.com/data/rw1001681.html","/data/rw1001681.html","4023-65-8","flavoring agents","rw","a"
"(Z)- aconitic acid","https://www.thegoodscentscompany.com/data/rw1057191.html","/data/rw1057191.html","585-84-2","flavoring agents","rw","a"
"aconitine","https://www.thegoodscentscompany.com/data/rw1216021.html","/data/rw1216021.html","302-27-2","natural substances and extractives","rw","a"
"aconitum austrokoreense flower extract","https://www.thegoodscentscompany.com/data/ex1703571.html","/data/ex1703571.html","","emollients, skin conditioning","ex","a"
"aconitum ciliare root extract","https://www.thegoodscentscompany.com/data/ex1703581.html","/data/ex1703581.html","","cosmetic ingredient for skin conditioning","ex","a"
"aconitum heterophyllum extract","https://www.thegoodscentscompany.com/data/ex1385321.html","/data/ex1385321.html","93164-81-9","cosmetic agents","ex","a"
"aconitum heterophyllum root","https://www.thegoodscentscompany.com/data/rs1061601.html","/data/rs1061601.html","","information only not used for fragrances or flavors","rs","a"
"aconitum koreanum extract","https://www.thegoodscentscompany.com/data/ex1691751.html","/data/ex1691751.html","","cosmetic ingredient for skin conditioning","ex","a"
"aconitum lycoctonum extract","https://www.thegoodscentscompany.com/data/ex1385331.html","/data/ex1385331.html","90320-12-0","information only not used for fragrances or flavors","ex","a"
"aconitum napellus extract","https://www.thegoodscentscompany.com/data/ex1385311.html","/data/ex1385311.html","84603-50-9","cosmetic agents","ex","a"
"aconitum variegatum extract","https://www.thegoodscentscompany.com/data/ex1385301.html","/data/ex1385301.html","94166-89-9","information only not used for fragrances or flavors","ex","a"
"acora-2,4(15)-dien-11-ol","https://www.thegoodscentscompany.com/data/rw1564971.html","/data/rw1564971.html","","natural substances and extractives","rw","a"
"acora-3,5-dien-11-ol","https://www.thegoodscentscompany.com/data/rw1564981.html","/data/rw1564981.html","","natural substances and extractives","rw","a"
"acora-3,5-diene","https://www.thegoodscentscompany.com/data/rw1561181.html","/data/rw1561181.html","89955-08-8","natural substances and extractives","rw","a"
"acora-3,9-diene","https://www.thegoodscentscompany.com/data/rw1561191.html","/data/rw1561191.html","55781-50-5","natural substances and extractives","rw","a"
"acoradiene","https://www.thegoodscentscompany.com/data/rw1539411.html","/data/rw1539411.html","24048-44-0","natural substances and extractives","rw","a"
"alpha- acoradiene","https://www.thegoodscentscompany.com/data/rw1561111.html","/data/rw1561111.html","24048-44-0","natural substances and extractives","rw","a"
"beta- acoradiene","https://www.thegoodscentscompany.com/data/rw1561461.html","/data/rw1561461.html","28477-64-7","natural substances and extractives","rw","a"
"beta- acoradienol","https://www.thegoodscentscompany.com/data/rw1592311.html","/data/rw1592311.html","149496-35-5","natural substances and extractives","rw","a"
"acoragermacrone","https://www.thegoodscentscompany.com/data/rw1419111.html","/data/rw1419111.html","50281-45-3","natural substances and extractives","rw","a"
"acoramone","https://www.thegoodscentscompany.com/data/rw1589941.html","/data/rw1589941.html","2020-90-8","natural substances and extractives","rw","a"
"alpha- acorenol","https://www.thegoodscentscompany.com/data/rw1001781.html","/data/rw1001781.html","28296-85-7","natural substances and extractives","rw","a"
"beta- acorenol","https://www.thegoodscentscompany.com/data/rw1043571.html","/data/rw1043571.html","28400-11-5","natural substances and extractives","rw","a"
"acorenone","https://www.thegoodscentscompany.com/data/rw1565001.html","/data/rw1565001.html","5956-05-8","natural substances and extractives","rw","a"
"acorenone B","https://www.thegoodscentscompany.com/data/rw1565011.html","/data/rw1565011.html","21653-33-8","natural substances and extractives","rw","a"
"acoric acid","https://www.thegoodscentscompany.com/data/rw1866131.html","/data/rw1866131.html","5956-06-9","natural substances and extractives","rw","a"
"acorn acetate","https://www.thegoodscentscompany.com/data/rw1012811.html","/data/rw1012811.html","5240-32-4","fragrance agents","rw","a"
"acorn fragrance","https://www.thegoodscentscompany.com/data/fr1084411.html","/data/fr1084411.html","","fragranced products of all types","fr","a"
"acorone","https://www.thegoodscentscompany.com/data/rw1524031.html","/data/rw1524031.html","10121-28-5","natural substances and extractives","rw","a"
"iso acorone","https://www.thegoodscentscompany.com/data/rw1567411.html","/data/rw1567411.html","6168-64-5","natural substances and extractives","rw","a"
"acoronene","https://www.thegoodscentscompany.com/data/rw1620631.html","/data/rw1620631.html","33983-45-8","natural substances and extractives","rw","a"
"acorus calamus callus culture extract","https://www.thegoodscentscompany.com/data/ex1703591.html","/data/ex1703591.html","84775-39-3","antioxidants, hair conditioning, skin protecting","ex","a"
"acorus calamus rhizome extract","https://www.thegoodscentscompany.com/data/ex1691761.html","/data/ex1691761.html","84775-39-3","cosmetic and fragrance agents","ex","a"
"acorus calamus rhizome oil","https://www.thegoodscentscompany.com/data/es1002331.html","/data/es1002331.html","8015-79-0","fragrance agents","es","a"
"acorus calamus rhizome water","https://www.thegoodscentscompany.com/data/ex1691771.html","/data/ex1691771.html","84775-39-3","cosmetic and fragrance agents","ex","a"
"acorus calamus root","https://www.thegoodscentscompany.com/data/rs1059691.html","/data/rs1059691.html","","cosmetic agents","rs","a"
"acorus calamus root extract","https://www.thegoodscentscompany.com/data/ex1073781.html","/data/ex1073781.html","84775-39-3","cosmetic fragrance agents and aromatic raw materials","ex","a"
"hydrogenated acorus calamus root extract","https://www.thegoodscentscompany.com/data/ex1388841.html","/data/ex1388841.html","85480-47-3","cosmetic and fragrance agents","ex","a"
"acorus calamus root oil CO2 extract","https://www.thegoodscentscompany.com/data/es1667861.html","/data/es1667861.html","84775-39-3","flavor and fragrance agents","es","a"
"acorus calamus root oil mongolia","https://www.thegoodscentscompany.com/data/es1589811.html","/data/es1589811.html","84775-39-3","fragrance agents","es","a"
"acorus calamus root powder","https://www.thegoodscentscompany.com/data/rs1600971.html","/data/rs1600971.html","977022-90-4","information only not used for fragrances or flavors","rs","a"
"acorus calamus root tincture","https://www.thegoodscentscompany.com/data/ex1676531.html","/data/ex1676531.html","84775-39-3","information only not used for fragrances or flavors","ex","a"
"acorus gramineus rhizome extract","https://www.thegoodscentscompany.com/data/ex1911371.html","/data/ex1911371.html","91745-11-8","cosmetic ingredient for skin conditioning","ex","a"
"acorus gramineus root/stem extract","https://www.thegoodscentscompany.com/data/ex1385351.html","/data/ex1385351.html","91745-11-8","cosmetic agents","ex","a"
"acorus gramineus root/stem/luffa cylindrica fruit/camellia sinensis leaf extract","https://www.thegoodscentscompany.com/data/ex1703611.html","/data/ex1703611.html","","astringent, deodorant agents","ex","a"
"acorusdiol","https://www.thegoodscentscompany.com/data/rw1823711.html","/data/rw1823711.html","185307-44-2","natural substances and extractives","rw","a"
"acorusnol","https://www.thegoodscentscompany.com/data/rw1823721.html","/data/rw1823721.html","62311-70-0","natural substances and extractives","rw","a"
"acridine","https://www.thegoodscentscompany.com/data/rw1216071.html","/data/rw1216071.html","260-94-6","natural substances and extractives","rw","a"
"acriflavine","https://www.thegoodscentscompany.com/data/rw1080891.html","/data/rw1080891.html","65589-70-0","coloring agents, antioxidants","rw","a"
"acrinathrin","https://www.thegoodscentscompany.com/data/rw1690451.html","/data/rw1690451.html","101007-06-1","herbicides / pesticides","rw","a"
"acrocomia aculeata fruit","https://www.thegoodscentscompany.com/data/rs1086901.html","/data/rs1086901.html","","information only not used for fragrances or flavors","rs","a"
"acrocomia aculeata seed butter","https://www.thegoodscentscompany.com/data/vg1703621.html","/data/vg1703621.html","","emollients","vg","a"
"acrolein","https://www.thegoodscentscompany.com/data/rw1216121.html","/data/rw1216121.html","107-02-8","food starch-modified and slimicides","rw","a"
"acrolein diethyl acetal","https://www.thegoodscentscompany.com/data/rw1216101.html","/data/rw1216101.html","3054-95-3","food starch-modified and slimicides","rw","a"
"acrolein dimer","https://www.thegoodscentscompany.com/data/rw1382491.html","/data/rw1382491.html","100-73-2","information only not used for fragrances or flavors","rw","a"
"acrolein dimethyl acetal","https://www.thegoodscentscompany.com/data/rw1216111.html","/data/rw1216111.html","6044-68-4","information only not used for fragrances or flavors","rw","a"
"acronychia acidula fruit extract","https://www.thegoodscentscompany.com/data/ex1691781.html","/data/ex1691781.html","","cosmetic agents","ex","a"
"acronychia pedunculata bark extract","https://www.thegoodscentscompany.com/data/ex1691791.html","/data/ex1691791.html","","cosmetic ingredient for skin conditioning","ex","a"
"acronychia pedunculata extract","https://www.thegoodscentscompany.com/data/ex1691801.html","/data/ex1691801.html","","cosmetic ingredient for skin conditioning","ex","a"
"acryl amide","https://www.thegoodscentscompany.com/data/rw1216131.html","/data/rw1216131.html","79-06-1","indirect food additives: adhesives and components of coatings","rw","a"
"acryl amide sodium acrylate copolymer","https://www.thegoodscentscompany.com/data/rw1097591.html","/data/rw1097591.html","25085-02-3","adjuvants for pesticide use dilutions","rw","a"
"2- acryl amido-2-methyl-1-propane sulfonic acid","https://www.thegoodscentscompany.com/data/rw1169581.html","/data/rw1169581.html","15214-89-8","indirect food additives: adhesives and components of coatings","rw","a"
"2- acryl amido-2-methyl propane sulfonic acid homopolymer sodium salt","https://www.thegoodscentscompany.com/data/rw1660761.html","/data/rw1660761.html","35641-59-9","indirect food additives: adhesives and components of coatings","rw","a"
"2- acryl amido-2-methyl propane sulfonic acid-acrylic acid","https://www.thegoodscentscompany.com/data/rw1584371.html","/data/rw1584371.html","40623-75-4","boiler water additives used in the preparation of steam that will contact food","rw","a"
"acrylamide/ammonium acrylate copolymer","https://www.thegoodscentscompany.com/data/rw1703641.html","/data/rw1703641.html","26100-47-0","binding, film forming agents","rw","a"
"acrylamide/ethalkonium chloride acrylate copolymer","https://www.thegoodscentscompany.com/data/rw1703651.html","/data/rw1703651.html","74153-51-8","film forming agents","rw","a"
"acrylamide/ethyltrimonium chloride acrylate/ethalkonium chloride acrylate copolymer","https://www.thegoodscentscompany.com/data/rw1703661.html","/data/rw1703661.html","","film forming, hair conditioning, skin conditioning","rw","a"
"acrylamide/sodium acryloyldimethyltaurate copolymer","https://www.thegoodscentscompany.com/data/rw1703671.html","/data/rw1703671.html","38193-60-1","emulsion stabilising, viscosity controlling agents","rw","a"
"acrylamide/sodium acryloyldimethyltaurate/acrylic acid copolymer","https://www.thegoodscentscompany.com/data/rw1703681.html","/data/rw1703681.html","","film forming, hair fixing agents","rw","a"
"acrylamides copolymer","https://www.thegoodscentscompany.com/data/rw1703691.html","/data/rw1703691.html","","antistatic, film forming agents","rw","a"
"acrylamides/dmapa acrylates/methoxy peg methacrylate copolymer","https://www.thegoodscentscompany.com/data/rw1703701.html","/data/rw1703701.html","","film forming, hair fixing agents","rw","a"
"acrylamidopropyltrimonium chloride/acrylamide copolymer","https://www.thegoodscentscompany.com/data/rw1703711.html","/data/rw1703711.html","","antistatic, film forming agents","rw","a"
"acrylamidopropyltrimonium chloride/acrylates copolymer","https://www.thegoodscentscompany.com/data/rw1703721.html","/data/rw1703721.html","","film forming agents","rw","a"
"acrylates copolymer","https://www.thegoodscentscompany.com/data/rw1131481.html","/data/rw1131481.html","25212-88-8","cosmetic agents","rw","a"
"acrylates crosspolymer","https://www.thegoodscentscompany.com/data/rw1653891.html","/data/rw1653891.html","26794-61-6","absorbents","rw","a"
"acrylates crosspolymer-3","https://www.thegoodscentscompany.com/data/rw1664781.html","/data/rw1664781.html","","cosmetic agents","rw","a"
"acrylates crosspolymer-4","https://www.thegoodscentscompany.com/data/rw1664741.html","/data/rw1664741.html","","cosmetic agents","rw","a"
"acrylates/acetoacetoxyethyl methacrylate copolymer","https://www.thegoodscentscompany.com/data/rw1703731.html","/data/rw1703731.html","","film forming agents","rw","a"
"acrylates/acrylamide copolymer","https://www.thegoodscentscompany.com/data/rw1665041.html","/data/rw1665041.html","","film forming agents","rw","a"
"acrylates/aminoacrylates/C10-30 alkyl peg-20 itaconate copolymer","https://www.thegoodscentscompany.com/data/rw1703741.html","/data/rw1703741.html","","emulsion stabilising","rw","a"
"acrylates/ammonium methacrylate copolymer","https://www.thegoodscentscompany.com/data/rw1703751.html","/data/rw1703751.html","","antistatic, film forming agents","rw","a"
"acrylates/beheneth-25 methacrylate copolymer","https://www.thegoodscentscompany.com/data/rw1665061.html","/data/rw1665061.html","","viscosity controlling agents","rw","a"
"acrylates/beheneth-25 methacrylate/steareth-30 methacrylate copolymer","https://www.thegoodscentscompany.com/data/rw1703761.html","/data/rw1703761.html","888492-33-9","film forming agents","rw","a"
"acrylates/behenyl acrylate/dimethicone methacrylate copolymer","https://www.thegoodscentscompany.com/data/rw1703771.html","/data/rw1703771.html","","cosmetic ingredient for skin conditioning","rw","a"
"acrylates/behenyl methacrylate/dimethicone methacrylate copolymer","https://www.thegoodscentscompany.com/data/rw1703781.html","/data/rw1703781.html","","anticaking agents","rw","a"
"acrylates/bis-hydroxypropyl dimethicone crosspolymer","https://www.thegoodscentscompany.com/data/rw1703791.html","/data/rw1703791.html","","hair fixing agents","rw","a"
"acrylates/C1-2 succinates/hydroxyacrylates copolymer","https://www.thegoodscentscompany.com/data/rw1703801.html","/data/rw1703801.html","","hair fixing agents","rw","a"
"acrylates/C10-30 alkyl acrylate crosspolymer","https://www.thegoodscentscompany.com/data/rw1656221.html","/data/rw1656221.html","","emulsion stabilising, film forming, viscosity controlling agents","rw","a"
"acrylates/C10-30 alkyl methacrylate copolymer","https://www.thegoodscentscompany.com/data/rw1703811.html","/data/rw1703811.html","","viscosity controlling agents","rw","a"
"acrylates/C12-13 alkyl methacrylates/methoxyethyl acrylate crosspolymer","https://www.thegoodscentscompany.com/data/rw1703821.html","/data/rw1703821.html","","hair fixing agents","rw","a"
"acrylates/C12-22 alkyl methacrylate copolymer","https://www.thegoodscentscompany.com/data/rw1703831.html","/data/rw1703831.html","","film forming agents","rw","a"
"acrylates/C26-29 olefin copolymer","https://www.thegoodscentscompany.com/data/rw1703841.html","/data/rw1703841.html","940912-27-6","viscosity controlling agents","rw","a"
"acrylates/C5-8 alkyl acrylate copolymer","https://www.thegoodscentscompany.com/data/rw1703851.html","/data/rw1703851.html","","emulsion stabilising, film forming, viscosity controlling agents","rw","a"
"acrylates/carbamate copolymer","https://www.thegoodscentscompany.com/data/rw1703861.html","/data/rw1703861.html","","cosmetic ingredient for skin and hair conditioning","rw","a"
"acrylates/ceteareth-20 methacrylate crosspolymer","https://www.thegoodscentscompany.com/data/rw1703871.html","/data/rw1703871.html","","viscosity controlling agents","rw","a"
"acrylates/ceteareth-25 methacrylate/methacrylamide crosspolymer","https://www.thegoodscentscompany.com/data/rw1703881.html","/data/rw1703881.html","","hair fixing agents","rw","a"
"acrylates/ceteth-20 itaconate copolymer","https://www.thegoodscentscompany.com/data/rw1703891.html","/data/rw1703891.html","","viscosity controlling agents","rw","a"
"acrylates/ceteth-20 methacrylate copolymer","https://www.thegoodscentscompany.com/data/rw1703901.html","/data/rw1703901.html","","viscosity controlling agents","rw","a"
"acrylates/diacetoneacrylamide copolymer","https://www.thegoodscentscompany.com/data/rw1703911.html","/data/rw1703911.html","","film forming, viscosity controlling agents","rw","a"
"acrylates/diethylaminoethyl methacrylate/ethylhexyl acrylate copolymer","https://www.thegoodscentscompany.com/data/rw1703921.html","/data/rw1703921.html","67874-96-8","film forming agents","rw","a"
"acrylates/dimethicone copolymer","https://www.thegoodscentscompany.com/data/rw1703931.html","/data/rw1703931.html","","anticaking agents","rw","a"
"acrylates/dimethicone methacrylate copolymer","https://www.thegoodscentscompany.com/data/rw1703941.html","/data/rw1703941.html","","anticaking agents","rw","a"
"acrylates/dimethicone methacrylate/ethylhexyl acrylate copolymer","https://www.thegoodscentscompany.com/data/rw1703951.html","/data/rw1703951.html","","cosmetic ingredient for skin conditioning","rw","a"
"acrylates/dimethiconol acrylate copolymer","https://www.thegoodscentscompany.com/data/rw1703961.html","/data/rw1703961.html","","film forming agents","rw","a"
"acrylates/dimethylaminoethyl methacrylate copolymer","https://www.thegoodscentscompany.com/data/rw1703971.html","/data/rw1703971.html","","binding, film forming agents","rw","a"
"acrylates/ethylamine oxide methacrylate copolymer","https://www.thegoodscentscompany.com/data/rw1703981.html","/data/rw1703981.html","","hair fixing agents","rw","a"
"acrylates/ethylhexyl acrylate copolymer","https://www.thegoodscentscompany.com/data/rw1703991.html","/data/rw1703991.html","","film forming agents","rw","a"
"acrylates/ethylhexyl acrylate crosspolymer","https://www.thegoodscentscompany.com/data/rw1704001.html","/data/rw1704001.html","","binding agents","rw","a"
"acrylates/ethylhexyl acrylate/dimethicone methacrylate copolymer","https://www.thegoodscentscompany.com/data/rw1704011.html","/data/rw1704011.html","","cosmetic ingredient for skin and hair conditioning","rw","a"
"acrylates/ethylhexyl acrylate/glycidyl methacrylate crosspolymer","https://www.thegoodscentscompany.com/data/rw1704021.html","/data/rw1704021.html","","film forming agents","rw","a"
"acrylates/ethylhexyl acrylate/hema copolymer","https://www.thegoodscentscompany.com/data/rw1704031.html","/data/rw1704031.html","64771-95-5","film forming agents","rw","a"
"acrylates/ethylhexyl acrylate/hema/styrene copolymer","https://www.thegoodscentscompany.com/data/rw1704041.html","/data/rw1704041.html","","film forming agents","rw","a"
"acrylates/ethylhexyl acrylate/styrene copolymer","https://www.thegoodscentscompany.com/data/rw1704051.html","/data/rw1704051.html","","film forming agents","rw","a"
"acrylates/ethylhexylacrylamide copolymer","https://www.thegoodscentscompany.com/data/rw1704061.html","/data/rw1704061.html","","film forming agents","rw","a"
"acrylates/hydroxyesters acrylates copolymer","https://www.thegoodscentscompany.com/data/rw1704071.html","/data/rw1704071.html","","film forming agents","rw","a"
"acrylates/hydroxyethyl acrylate/lauryl acrylate copolymer","https://www.thegoodscentscompany.com/data/rw1704081.html","/data/rw1704081.html","","film forming agents","rw","a"
"acrylates/hydroxyethyl acrylate/methoxyethyl acrylate copolymer","https://www.thegoodscentscompany.com/data/rw1704091.html","/data/rw1704091.html","","film forming agents","rw","a"
"acrylates/hydroxypropyl epoxidized soybean oil copolymer","https://www.thegoodscentscompany.com/data/rw1913651.html","/data/rw1913651.html","","film forming agents","rw","a"
"acrylates/laureth-25 methacrylate copolymer","https://www.thegoodscentscompany.com/data/rw1704101.html","/data/rw1704101.html","","viscosity controlling agents","rw","a"
"acrylates/lauryl acrylate/stearyl acrylate/ethylamine oxide methacrylate copolymer","https://www.thegoodscentscompany.com/data/rw1704111.html","/data/rw1704111.html","","film forming, hair fixing agents","rw","a"
"acrylates/lauryl methacrylate copolymer","https://www.thegoodscentscompany.com/data/rw1704121.html","/data/rw1704121.html","","film forming agents","rw","a"
"acrylates/lauryl methacrylate/tridecyl methacrylate crosspolymer","https://www.thegoodscentscompany.com/data/rw1704131.html","/data/rw1704131.html","","film forming agents","rw","a"
"acrylates/methacrylamide copolymer","https://www.thegoodscentscompany.com/data/rw1704141.html","/data/rw1704141.html","","film forming, hair fixing agents","rw","a"
"acrylates/methoxy peg-15 methacrylate copolymer","https://www.thegoodscentscompany.com/data/rw1704151.html","/data/rw1704151.html","","viscosity controlling agents","rw","a"
"acrylates/methoxy peg-23 methacrylate copolymer","https://www.thegoodscentscompany.com/data/rw1704161.html","/data/rw1704161.html","","film forming agents","rw","a"
"acrylates/methoxy peg-23 methacrylate/perfluorooctyl ethyl acrylate copolymer","https://www.thegoodscentscompany.com/data/rw1704171.html","/data/rw1704171.html","","film forming agents","rw","a"
"acrylates/methoxy peg-4 methacrylate copolymer","https://www.thegoodscentscompany.com/data/rw1704181.html","/data/rw1704181.html","","cosmetic ingredient for hair conditioning","rw","a"
"acrylates/octylacrylamide copolymer","https://www.thegoodscentscompany.com/data/rw1704191.html","/data/rw1704191.html","129702-02-9","film forming, hair fixing agents","rw","a"
"acrylates/octylacrylamide/diphenyl amodimethicone copolymer","https://www.thegoodscentscompany.com/data/rw1704201.html","/data/rw1704201.html","","hair conditiong, hair fixing agents","rw","a"
"acrylates/palmeth-25 acrylate copolymer","https://www.thegoodscentscompany.com/data/rw1704211.html","/data/rw1704211.html","","viscosity controlling agents","rw","a"
"acrylates/palmeth-25 itaconate copolymer","https://www.thegoodscentscompany.com/data/rw1704221.html","/data/rw1704221.html","","viscosity controlling agents","rw","a"
"acrylates/peg-4 dimethacrylate crosspolymer","https://www.thegoodscentscompany.com/data/rw1686011.html","/data/rw1686011.html","50657-38-0","film forming agents","rw","a"
"acrylates/peg-10 maleate/styrene copolymer","https://www.thegoodscentscompany.com/data/rw1704231.html","/data/rw1704231.html","","opacifying agents","rw","a"
"acrylates/polytrimethylsiloxymethacrylate copolymer","https://www.thegoodscentscompany.com/data/rw1704241.html","/data/rw1704241.html","","film forming, hair fixing agents","rw","a"
"acrylates/propyl trimethicone methacrylate copolymer","https://www.thegoodscentscompany.com/data/rw1704251.html","/data/rw1704251.html","","film forming agents","rw","a"
"acrylates/rhus verniciflua sap extract crosspolymer","https://www.thegoodscentscompany.com/data/rw1704261.html","/data/rw1704261.html","","antioxidants, skin conditioning","rw","a"
"acrylates/steareth-20 itaconate copolymer","https://www.thegoodscentscompany.com/data/rw1704271.html","/data/rw1704271.html","","viscosity controlling agents","rw","a"
"acrylates/steareth-20 methacrylate copolymer","https://www.thegoodscentscompany.com/data/rw1704281.html","/data/rw1704281.html","676168-27-7","viscosity controlling agents","rw","a"
"acrylates/steareth-20 methacrylate crosspolymer","https://www.thegoodscentscompany.com/data/rw1704291.html","/data/rw1704291.html","","film forming agents","rw","a"
"acrylates/steareth-30 methacrylate copolymer","https://www.thegoodscentscompany.com/data/rw1704301.html","/data/rw1704301.html","75760-37-1","viscosity controlling agents","rw","a"
"acrylates/steareth-50 acrylate copolymer","https://www.thegoodscentscompany.com/data/rw1704311.html","/data/rw1704311.html","","film forming, viscosity controlling agents","rw","a"
"acrylates/stearyl acrylate/dimethicone methacrylate copolymer","https://www.thegoodscentscompany.com/data/rw1704321.html","/data/rw1704321.html","","film forming agents","rw","a"
"acrylates/stearyl acrylate/ethylamine oxide methacrylate copolymer","https://www.thegoodscentscompany.com/data/rw1704331.html","/data/rw1704331.html","","film forming, hair fixing agents","rw","a"
"acrylates/stearyl methacrylate copolymer","https://www.thegoodscentscompany.com/data/rw1704341.html","/data/rw1704341.html","","emulsion stabilising, viscosity controlling agents","rw","a"
"acrylates/t-butylacrylamide copolymer","https://www.thegoodscentscompany.com/data/rw1704351.html","/data/rw1704351.html","","film forming, hair fixing agents","rw","a"
"acrylates/TDI/trimethylolpropane copolymer","https://www.thegoodscentscompany.com/data/rw1704361.html","/data/rw1704361.html","","film forming agents","rw","a"
"acrylates/tridecyl acrylate/triethoxysilylpropyl methacrylate/dimethicone methacrylate copolymer","https://www.thegoodscentscompany.com/data/rw1704371.html","/data/rw1704371.html","","cosmetic ingredient for skin conditioning","rw","a"
"acrylates/trifluoropropylmethacrylate/polytrimethyl siloxymethacrylate copolymer","https://www.thegoodscentscompany.com/data/rw1704381.html","/data/rw1704381.html","","film forming, hair fixing agents","rw","a"
"acrylates/tris(trimethylsiloxy)silylpropyl methacrylate copolymer","https://www.thegoodscentscompany.com/data/rw1704391.html","/data/rw1704391.html","","film forming agents","rw","a"
"acrylates/VA copolymer","https://www.thegoodscentscompany.com/data/rw1361251.html","/data/rw1361251.html","25067-02-1","film forming, viscosity controlling agents","rw","a"
"acrylates/VA crosspolymer","https://www.thegoodscentscompany.com/data/rw1704401.html","/data/rw1704401.html","","film forming agents","rw","a"
"acrylates/vinyl isodecanoate crosspolymer","https://www.thegoodscentscompany.com/data/rw1704411.html","/data/rw1704411.html","","emulsion stabilising, film forming, viscosity controlling agents","rw","a"
"acrylates/vinyl neodecanoate crosspolymer","https://www.thegoodscentscompany.com/data/rw1704421.html","/data/rw1704421.html","","emulsion stabilising, film forming, viscosity controlling agents","rw","a"
"acrylates/VP copolymer","https://www.thegoodscentscompany.com/data/rw1361241.html","/data/rw1361241.html","26589-26-4","binding, film forming agents","rw","a"
"acrylates/VP/dimethylaminoethyl methacrylate/diacetone acrylamide/hydroxypropyl acrylate copolymer","https://www.thegoodscentscompany.com/data/rw1704431.html","/data/rw1704431.html","","film forming agents","rw","a"
"acrylic acid","https://www.thegoodscentscompany.com/data/rw1216141.html","/data/rw1216141.html","79-10-7","nail conditioning agents","rw","a"
"acrylic acid, acrylic acid, 2-ethylhexyl ester, copolymer","https://www.thegoodscentscompany.com/data/rw1110901.html","/data/rw1110901.html","25134-51-4","indirect food additives: adhesives and components of coatings","rw","a"
"acrylic acid, methyl ester, telomer with 1-dodecanethiol, C16-C18 alkyl esters","https://www.thegoodscentscompany.com/data/rw1741141.html","/data/rw1741141.html","174254-23-0","indirect food additives: adhesives and components of coatings","rw","a"
"acrylic acid, sec-butyl ester","https://www.thegoodscentscompany.com/data/rw1087381.html","/data/rw1087381.html","2998-08-5","indirect food additives: adhesives and components of coatings","rw","a"
"acrylonitrile","https://www.thegoodscentscompany.com/data/rw1216161.html","/data/rw1216161.html","107-13-1","indirect food additives: adhesives and components of coatings","rw","a"
"acryloyloxy propyltrimethoxylane","https://www.thegoodscentscompany.com/data/rw1911401.html","/data/rw1911401.html","4369-14-6","solvents","rw","a"
"actaea heracleifolia root extract","https://www.thegoodscentscompany.com/data/ex1912351.html","/data/ex1912351.html","","antioxidants, skin conditioning","ex","a"
"Iso acteoside","https://www.thegoodscentscompany.com/data/rw1888791.html","/data/rw1888791.html","61303-13-7","natural substances and extractives","rw","a"
"actinidia arguta fruit","https://www.thegoodscentscompany.com/data/rs1086911.html","/data/rs1086911.html","","information only not used for fragrances or flavors","rs","a"
"actinidia arguta fruit concentrate","https://www.thegoodscentscompany.com/data/rs1078731.html","/data/rs1078731.html","","food additive","rs","a"
"actinidia arguta fruit extract","https://www.thegoodscentscompany.com/data/ex1704571.html","/data/ex1704571.html","","cosmetic ingredient for skin conditioning","ex","a"
"actinidia arguta juice","https://www.thegoodscentscompany.com/data/ex1704581.html","/data/ex1704581.html","","emollients, skin conditioning","ex","a"
"actinidia chinensis fruit extract","https://www.thegoodscentscompany.com/data/ex1091911.html","/data/ex1091911.html","92456-63-8","cosmetic, flavor and fragrance agents","ex","a"
"actinidia chinensis fruit juice","https://www.thegoodscentscompany.com/data/fl1691821.html","/data/fl1691821.html","92456-63-8","cosmetic and flavor agents","fl","a"
"actinidia chinensis fruit puree","https://www.thegoodscentscompany.com/data/fl1028861.html","/data/fl1028861.html","92456-63-8","flavoring agents and adjuvants","fl","a"
"actinidia chinensis fruit water","https://www.thegoodscentscompany.com/data/es1665651.html","/data/es1665651.html","92456-63-8","fragrance agents","es","a"
"actinidia chinensis fruit","https://www.thegoodscentscompany.com/data/rs1691811.html","/data/rs1691811.html","92456-63-8","cosmetic ingredient for skin and hair conditioning","rs","a"
"actinidia chinensis seed","https://www.thegoodscentscompany.com/data/rs1601091.html","/data/rs1601091.html","92456-63-8","abrasives, skin conditioning","rs","a"
"actinidia chinensis seed extract","https://www.thegoodscentscompany.com/data/ex1668061.html","/data/ex1668061.html","92456-63-8","cosmetic ingredient for skin conditioning","ex","a"
"actinidia chinensis seed oil","https://www.thegoodscentscompany.com/data/vg1069041.html","/data/vg1069041.html","299184-71-7","emollients, skin conditioning","vg","a"
"actinidia chinensis seed oil CO2 extract","https://www.thegoodscentscompany.com/data/vg1668051.html","/data/vg1668051.html","92456-63-8","emollients, skin conditioning","vg","a"
"actinidia deliciosa fruit","https://www.thegoodscentscompany.com/data/rs1691831.html","/data/rs1691831.html","","emollients, skin conditioning","rs","a"
"actinidia deliciosa fruit extract","https://www.thegoodscentscompany.com/data/ex1078741.html","/data/ex1078741.html","","cosmetic ingredient for skin conditioning","ex","a"
"actinidia kolomikta fruit","https://www.thegoodscentscompany.com/data/rs1086921.html","/data/rs1086921.html","","information only not used for fragrances or flavors","rs","a"
"actinidia polygama fruit extract","https://www.thegoodscentscompany.com/data/ex1064461.html","/data/ex1064461.html","","cosmetic ingredient for skin conditioning","ex","a"
"actinidia polygama leaf extract","https://www.thegoodscentscompany.com/data/ex1691841.html","/data/ex1691841.html","","humectants, skin conditioning, skin protecting","ex","a"
"actinidic acid","https://www.thegoodscentscompany.com/data/rw1864641.html","/data/rw1864641.html","341971-45-7","natural substances and extractives","rw","a"
"actinidine","https://www.thegoodscentscompany.com/data/rw1603911.html","/data/rw1603911.html","524-03-8","natural substances and extractives","rw","a"
"actinidol","https://www.thegoodscentscompany.com/data/rw1636121.html","/data/rw1636121.html","17092-94-3","natural substances and extractives","rw","a"
"actiniopteris dichotoma extract","https://www.thegoodscentscompany.com/data/ex1691851.html","/data/ex1691851.html","","cosmetic ingredient for skin conditioning","ex","a"
"actinodaphnine","https://www.thegoodscentscompany.com/data/rw1819191.html","/data/rw1819191.html","517-69-1","natural substances and extractives","rw","a"
"acutissimin A","https://www.thegoodscentscompany.com/data/rw1875191.html","/data/rw1875191.html","108906-66-7","natural substances and extractives","rw","a"
"acutoside A","https://www.thegoodscentscompany.com/data/rw1824231.html","/data/rw1824231.html","58231-99-5","natural substances and extractives","rw","a"
"acutoside B","https://www.thegoodscentscompany.com/data/rw1825151.html","/data/rw1825151.html","135545-77-6","natural substances and extractives","rw","a"
"acutoside C","https://www.thegoodscentscompany.com/data/rw1889901.html","/data/rw1889901.html","135575-15-4","natural substances and extractives","rw","a"
"acutoside D","https://www.thegoodscentscompany.com/data/rw1825161.html","/data/rw1825161.html","135575-16-5","natural substances and extractives","rw","a"
"acutoside E","https://www.thegoodscentscompany.com/data/rw1825171.html","/data/rw1825171.html","135575-17-6","natural substances and extractives","rw","a"
"acutoside F","https://www.thegoodscentscompany.com/data/rw1825181.html","/data/rw1825181.html","135545-78-7","natural substances and extractives","rw","a"
"acutoside G","https://www.thegoodscentscompany.com/data/rw1825191.html","/data/rw1825191.html","135545-79-8","natural substances and extractives","rw","a"
"acyclovir","https://www.thegoodscentscompany.com/data/rw1539441.html","/data/rw1539441.html","59277-89-3","pharmaceuticals / chemical synthisis","rw","a"
"adamantane","https://www.thegoodscentscompany.com/data/rw1216211.html","/data/rw1216211.html","281-23-2","natural substances and extractives","rw","a"
"hydrolyzed adansonia digitata extract","https://www.thegoodscentscompany.com/data/ex1704721.html","/data/ex1704721.html","91745-12-9","emollients","ex","a"
"adansonia digitata fruit","https://www.thegoodscentscompany.com/data/rs1086931.html","/data/rs1086931.html","","information only not used for fragrances or flavors","rs","a"
"adansonia digitata fruit extract","https://www.thegoodscentscompany.com/data/ex1385371.html","/data/ex1385371.html","91745-12-9","cosmetic agents, dietary supplements","ex","a"
"adansonia digitata fruit pulp","https://www.thegoodscentscompany.com/data/rs1679321.html","/data/rs1679321.html","91745-12-9","flavoring agents, food additives","rs","a"
"adansonia digitata leaf extract","https://www.thegoodscentscompany.com/data/ex1691861.html","/data/ex1691861.html","91745-12-9","cosmetic ingredient for skin conditioning","ex","a"
"adansonia digitata oil (leaf and fruit pulp)","https://www.thegoodscentscompany.com/data/vg1691871.html","/data/vg1691871.html","91745-12-9","emollients, skin conditioning","vg","a"
"adansonia digitata pulp extract","https://www.thegoodscentscompany.com/data/ex1691881.html","/data/ex1691881.html","91745-12-9","emollients, humectants, skin conditioning","ex","a"
"adansonia digitata seed extract","https://www.thegoodscentscompany.com/data/ex1691891.html","/data/ex1691891.html","91745-12-9","cosmetic ingredient for skin conditioning","ex","a"
"adansonia digitata seed oil","https://www.thegoodscentscompany.com/data/vg1073211.html","/data/vg1073211.html","91745-12-9","emollients, hair conditioning, skin conditioning","vg","a"
"hydrogenated adansonia digitata seed oil","https://www.thegoodscentscompany.com/data/vg1704731.html","/data/vg1704731.html","91745-12-9","emollients","vg","a"
"adansonia digitata seed oil peg-8 esters","https://www.thegoodscentscompany.com/data/rw1704741.html","/data/rw1704741.html","","emollients, emulsifiers, skin conditioning, surfactants","rw","a"
"adansonia digitata seed oil polyglyceryl-6 esters","https://www.thegoodscentscompany.com/data/rw1704751.html","/data/rw1704751.html","","emollients, emulsifiers, skin conditioning, surfactants","rw","a"
"adansonia digitata seed powder","https://www.thegoodscentscompany.com/data/rs1666921.html","/data/rs1666921.html","91745-12-9","abrasives","rs","a"
"add-here gums","https://www.thegoodscentscompany.com/data/rs1662961.html","/data/rs1662961.html","","food additive","rs","a"
"adenanthera pavonina extract","https://www.thegoodscentscompany.com/data/ex1704761.html","/data/ex1704761.html","","cosmetic ingredient for skin conditioning","ex","a"
"adenanthera pavonina seed extract","https://www.thegoodscentscompany.com/data/ex1704771.html","/data/ex1704771.html","","cosmetic ingredient for skin conditioning","ex","a"
"adenine","https://www.thegoodscentscompany.com/data/rw1216241.html","/data/rw1216241.html","73-24-5","cosmetic ingredient for skin conditioning","rw","a"
"adenium obesum callus culture extract","https://www.thegoodscentscompany.com/data/ex1704781.html","/data/ex1704781.html","","antioxidants, hair conditioning, humectants","ex","a"
"adenium obesum leaf cell extract","https://www.thegoodscentscompany.com/data/ex1078801.html","/data/ex1078801.html","","cosmetic and fragrance agents","ex","a"
"adenium obesum leaf extract","https://www.thegoodscentscompany.com/data/ex1691901.html","/data/ex1691901.html","","cosmetic ingredient for skin conditioning","ex","a"
"adenocrepis lanceolata fruit","https://www.thegoodscentscompany.com/data/rs1086951.html","/data/rs1086951.html","","information only not used for fragrances or flavors","rs","a"
"adenophora stricta root extract","https://www.thegoodscentscompany.com/data/ex1074941.html","/data/ex1074941.html","","humectants, skin conditioning","ex","a"
"adenosine","https://www.thegoodscentscompany.com/data/rw1136651.html","/data/rw1136651.html","58-61-7","cosmetic ingredient for skin conditioning","rw","a"
"adenosine cyclic phosphate","https://www.thegoodscentscompany.com/data/rw1136631.html","/data/rw1136631.html","60-92-4","cosmetic ingredient for skin conditioning","rw","a"
"adenosine phosphate","https://www.thegoodscentscompany.com/data/rw1097911.html","/data/rw1097911.html","61-19-8","cosmetic ingredient for skin conditioning","rw","a"
"adenosine triphosphate","https://www.thegoodscentscompany.com/data/rw1361271.html","/data/rw1361271.html","56-65-5","cosmetic ingredient for skin conditioning","rw","a"
"(&plusmn;)- adenostylone","https://www.thegoodscentscompany.com/data/rw1065651.html","/data/rw1065651.html","18883-09-5","natural substances and extractives","rw","a"
"5'- adenylic acid sodium salt","https://www.thegoodscentscompany.com/data/rw1590401.html","/data/rw1590401.html","13474-03-8","flavor enhancers, flavoring agents","rw","a"
"adesmia boronioides flower/leaf/stem oil","https://www.thegoodscentscompany.com/data/es1612871.html","/data/es1612871.html","","flavor and fragrance agents","es","a"
"adhatoda vasica leaf extract","https://www.thegoodscentscompany.com/data/ex1074951.html","/data/ex1074951.html","","information only not used for fragrances or flavors","ex","a"
"adhumulone","https://www.thegoodscentscompany.com/data/rw1679571.html","/data/rw1679571.html","28374-89-2","natural substances and extractives","rw","a"
"adiantum capillus veneris leaf extract","https://www.thegoodscentscompany.com/data/ex1091771.html","/data/ex1091771.html","84649-72-9","antidandruff agents","ex","a"
"adiantum pedatum","https://www.thegoodscentscompany.com/data/rs1704791.html","/data/rs1704791.html","","cosmetic ingredient for skin and hair conditioning","rs","a"
"adiantum pedatum extract","https://www.thegoodscentscompany.com/data/ex1704801.html","/data/ex1704801.html","165800-54-4","antidandruff agents","ex","a"
"adiantum pedatum leaf","https://www.thegoodscentscompany.com/data/rs1677451.html","/data/rs1677451.html","165800-54-4","information only not used for fragrances or flavors","rs","a"
"adipic acid","https://www.thegoodscentscompany.com/data/rw1001801.html","/data/rw1001801.html","124-04-9","flavoring agents and adjuvants, curing and pickling agents, flavor enhancers","rw","a"
"2-oxo adipic acid","https://www.thegoodscentscompany.com/data/rw1180191.html","/data/rw1180191.html","3184-35-8","information only not used for fragrances or flavors","rw","a"
"3-oxo adipic acid","https://www.thegoodscentscompany.com/data/rw1192791.html","/data/rw1192791.html","689-31-6","information only not used for fragrances or flavors","rw","a"
"adipic acid dihydrazide","https://www.thegoodscentscompany.com/data/rw1216301.html","/data/rw1216301.html","1071-93-8","food contact resinous and polymeric coatings","rw","a"
"adipic acid, divinyl ester","https://www.thegoodscentscompany.com/data/rw1082911.html","/data/rw1082911.html","4074-90-2","indirect food additives: adhesives and components of coatings","rw","a"
"adipic anhydride","https://www.thegoodscentscompany.com/data/rw1584381.html","/data/rw1584381.html","2035-75-8","food starch-modified","rw","a"
"adipostatin A","https://www.thegoodscentscompany.com/data/rw1824171.html","/data/rw1824171.html","3158-56-3","natural substances and extractives","rw","a"
"adlumidiceine","https://www.thegoodscentscompany.com/data/rw1884321.html","/data/rw1884321.html","51059-65-5","natural substances and extractives","rw","a"
"adlupone","https://www.thegoodscentscompany.com/data/rw1829771.html","/data/rw1829771.html","16595-43-0","natural substances and extractives","rw","a"
"adlupulone","https://www.thegoodscentscompany.com/data/rw1817361.html","/data/rw1817361.html","28374-71-2","natural substances and extractives","rw","a"
"adonis amurensis extract","https://www.thegoodscentscompany.com/data/ex1704921.html","/data/ex1704921.html","","cosmetic ingredient for skin conditioning","ex","a"
"adonis palaestina flower extract","https://www.thegoodscentscompany.com/data/ex1704941.html","/data/ex1704941.html","","cosmetic ingredient for skin and hair conditioning","ex","a"
"adonis vernalis herb","https://www.thegoodscentscompany.com/data/rs1676051.html","/data/rs1676051.html","","information only not used for fragrances or flavors","rs","a"
"adonitol","https://www.thegoodscentscompany.com/data/rw1216341.html","/data/rw1216341.html","488-81-3","natural substances and extractives","rw","a"
"adouetine X","https://www.thegoodscentscompany.com/data/rw1841251.html","/data/rw1841251.html","19542-37-1","natural substances and extractives","rw","a"
"adouetine Y","https://www.thegoodscentscompany.com/data/rw1840531.html","/data/rw1840531.html","19542-38-2","natural substances and extractives","rw","a"
"adoxal (Givaudan)","https://www.thegoodscentscompany.com/data/rw1024451.html","/data/rw1024451.html","141-13-9","flavor and fragrance agents","rw","a"
"advantame","https://www.thegoodscentscompany.com/data/rw1129741.html","/data/rw1129741.html","714229-20-6","sweeteners, flavor enhancers","rw","a"
"adzuki bean flavor","https://www.thegoodscentscompany.com/data/fl1637981.html","/data/fl1637981.html","","flavored products of all types","fl","a"
"(&plusmn;)- aegeline","https://www.thegoodscentscompany.com/data/rw1835611.html","/data/rw1835611.html","456-12-2","natural substances and extractives","rw","a"
"aegelinol","https://www.thegoodscentscompany.com/data/rw1839231.html","/data/rw1839231.html","21860-31-1","natural substances and extractives","rw","a"
"aegle marmelos bark extract","https://www.thegoodscentscompany.com/data/ex1691911.html","/data/ex1691911.html","92201-13-3","cosmetic ingredient for skin conditioning","ex","a"
"aegle marmelos fruit extract","https://www.thegoodscentscompany.com/data/ex1647531.html","/data/ex1647531.html","92201-13-3","cosmetic ingredient for skin conditioning","ex","a"
"aegle marmelos fruit","https://www.thegoodscentscompany.com/data/rs1065301.html","/data/rs1065301.html","","decorative botanicals","rs","a"
"aegle marmelos leaf oil","https://www.thegoodscentscompany.com/data/es1704951.html","/data/es1704951.html","92201-13-3","masking agents","es","a"
"aegle marmelos root extract","https://www.thegoodscentscompany.com/data/ex1691921.html","/data/ex1691921.html","92201-13-3","cosmetic ingredient for skin conditioning","ex","a"
"aegle marmelos root powder","https://www.thegoodscentscompany.com/data/rs1691931.html","/data/rs1691931.html","92201-13-3","cosmetic ingredient for skin conditioning","rs","a"
"aeglin","https://www.thegoodscentscompany.com/data/rw1892211.html","/data/rw1892211.html","169626-23-7","natural substances and extractives","rw","a"
"aegopodium podagraria extract","https://www.thegoodscentscompany.com/data/ex1361311.html","/data/ex1361311.html","90320-19-7","cosmetic ingredient for skin conditioning","ex","a"
"aeolanthus graveolens oil","https://www.thegoodscentscompany.com/data/es1066701.html","/data/es1066701.html","","fragrance agents","es","a"
"aeollanthus suaveonlens leaf oil","https://www.thegoodscentscompany.com/data/es1615711.html","/data/es1615711.html","","cosmetic and flavor agents","es","a"
"aeropyrum pernix","https://www.thegoodscentscompany.com/data/rs1661921.html","/data/rs1661921.html","","information only not used for fragrances or flavors","rs","a"
"aerva lanata extract","https://www.thegoodscentscompany.com/data/ex1691941.html","/data/ex1691941.html","","cosmetic ingredient for skin conditioning","ex","a"
"aesculus carnea extract","https://www.thegoodscentscompany.com/data/ex1385411.html","/data/ex1385411.html","97675-83-7","information only not used for fragrances or flavors","ex","a"
"aesculus chinensis extract","https://www.thegoodscentscompany.com/data/ex1704961.html","/data/ex1704961.html","","astringent, tonic agents","ex","a"
"aesculus chinensis seed extract","https://www.thegoodscentscompany.com/data/ex1083651.html","/data/ex1083651.html","","information only not used for fragrances or flavors","ex","a"
"aesculus hippocastanum bark extract","https://www.thegoodscentscompany.com/data/ex1385431.html","/data/ex1385431.html","8053-39-2","astringent, skin conditioning","ex","a"
"aesculus hippocastanum bark/daucus carota root/foeniculum vulgare fruit extract","https://www.thegoodscentscompany.com/data/ex1704971.html","/data/ex1704971.html","","humectants, skin conditioning","ex","a"
"aesculus hippocastanum bud extract","https://www.thegoodscentscompany.com/data/ex1617201.html","/data/ex1617201.html","8053-39-2","cosmetic ingredient for skin conditioning","ex","a"
"aesculus hippocastanum extract","https://www.thegoodscentscompany.com/data/ex1659691.html","/data/ex1659691.html","8053-39-2","cosmetic agents","ex","a"
"aesculus hippocastanum flower extract","https://www.thegoodscentscompany.com/data/ex1617211.html","/data/ex1617211.html","8053-39-2","cosmetic ingredient for skin conditioning","ex","a"
"aesculus hippocastanum flower water","https://www.thegoodscentscompany.com/data/es1600921.html","/data/es1600921.html","8053-39-2","cosmetic ingredient for skin conditioning","es","a"
"aesculus hippocastanum fruit powder","https://www.thegoodscentscompany.com/data/rs1672171.html","/data/rs1672171.html","8053-39-2","emollients","rs","a"
"aesculus hippocastanum leaf extract","https://www.thegoodscentscompany.com/data/ex1617221.html","/data/ex1617221.html","8053-39-2","cosmetic ingredient for skin conditioning","ex","a"
"aesculus hippocastanum oil","https://www.thegoodscentscompany.com/data/es1669061.html","/data/es1669061.html","8053-39-2","cosmetic and fragrance agents","es","a"
"aesculus hippocastanum seed","https://www.thegoodscentscompany.com/data/rs1676631.html","/data/rs1676631.html","8053-39-2","information only not used for fragrances or flavors","rs","a"
"aesculus hippocastanum seed extract","https://www.thegoodscentscompany.com/data/ex1600931.html","/data/ex1600931.html","8053-39-2","cosmetic ingredient for skin conditioning","ex","a"
"aesculus hippocastanum tincture","https://www.thegoodscentscompany.com/data/ex1389971.html","/data/ex1389971.html","129677-95-8","information only not used for fragrances or flavors","ex","a"
"aesculus hippocastanum triterpene saponins mixture extract","https://www.thegoodscentscompany.com/data/ex1069271.html","/data/ex1069271.html","8053-39-2","cosmetic agents","ex","a"
"aesculus octandra purpurescens extract","https://www.thegoodscentscompany.com/data/ex1385441.html","/data/ex1385441.html","97952-57-3","information only not used for fragrances or flavors","ex","a"
"aesculus pavia extract","https://www.thegoodscentscompany.com/data/ex1385421.html","/data/ex1385421.html","97675-84-8","information only not used for fragrances or flavors","ex","a"
"aesculus turbinata bark","https://www.thegoodscentscompany.com/data/rs1691951.html","/data/rs1691951.html","","cosmetic ingredient for skin conditioning","rs","a"
"aesculus turbinata seed extract","https://www.thegoodscentscompany.com/data/ex1704981.html","/data/ex1704981.html","","antioxidant, astringent agents","ex","a"
"aethiopinone","https://www.thegoodscentscompany.com/data/rw1402161.html","/data/rw1402161.html","79491-58-0","natural substances and extractives","rw","a"
"aflatoxin B1, crystalline","https://www.thegoodscentscompany.com/data/rw1216361.html","/data/rw1216361.html","1162-65-8","information only not used for fragrances or flavors","rw","a"
"aflatoxin B2, crystalline","https://www.thegoodscentscompany.com/data/rw1216371.html","/data/rw1216371.html","7220-81-7","information only not used for fragrances or flavors","rw","a"
"aflatoxin G1, crystalline","https://www.thegoodscentscompany.com/data/rw1216381.html","/data/rw1216381.html","1165-39-5","information only not used for fragrances or flavors","rw","a"
"aflatoxin G2, crystalline","https://www.thegoodscentscompany.com/data/rw1216391.html","/data/rw1216391.html","7241-98-7","information only not used for fragrances or flavors","rw","a"
"aframodial","https://www.thegoodscentscompany.com/data/rw1857311.html","/data/rw1857311.html","71641-23-1","natural substances and extractives","rw","a"
"aframomum amaniense extract","https://www.thegoodscentscompany.com/data/ex1385451.html","/data/ex1385451.html","94279-61-5","information only not used for fragrances or flavors","ex","a"
"aframomum angustifolium leaf oil","https://www.thegoodscentscompany.com/data/es1612881.html","/data/es1612881.html","","flavor and fragrance agents","es","a"
"aframomum angustifolium seed extract","https://www.thegoodscentscompany.com/data/ex1691961.html","/data/ex1691961.html","","cosmetic ingredient for skin conditioning","ex","a"
"aframomum korarima oil","https://www.thegoodscentscompany.com/data/es1063261.html","/data/es1063261.html","","information only not used for fragrances or flavors","es","a"
"aframomum melegueta rosc. seed extract","https://www.thegoodscentscompany.com/data/ex1385111.html","/data/ex1385111.html","90320-21-1","cosmetic ingredient for skin conditioning","ex","a"
"africa-1,5-diene","https://www.thegoodscentscompany.com/data/rw1560341.html","/data/rw1560341.html","","natural substances and extractives","rw","a"
"african-1-ene","https://www.thegoodscentscompany.com/data/rw1561221.html","/data/rw1561221.html","","natural substances and extractives","rw","a"
"african-2-ene","https://www.thegoodscentscompany.com/data/rw1561241.html","/data/rw1561241.html","","natural substances and extractives","rw","a"
"african-3-ene","https://www.thegoodscentscompany.com/data/rw1561261.html","/data/rw1561261.html","","natural substances and extractives","rw","a"
"african-5-ene","https://www.thegoodscentscompany.com/data/rw1561271.html","/data/rw1561271.html","","natural substances and extractives","rw","a"
"africanol","https://www.thegoodscentscompany.com/data/rw1002021.html","/data/rw1002021.html","53823-07-7","natural substances and extractives","rw","a"
"africanone","https://www.thegoodscentscompany.com/data/rw1563981.html","/data/rw1563981.html","90851-05-1","natural substances and extractives","rw","a"
"afrormosin","https://www.thegoodscentscompany.com/data/rw1838401.html","/data/rw1838401.html","550-79-8","natural substances and extractives","rw","a"
"(-)-epi afzelechin","https://www.thegoodscentscompany.com/data/rw1388821.html","/data/rw1388821.html","24808-04-6","natural substances and extractives","rw","a"
"(+)- afzelichin","https://www.thegoodscentscompany.com/data/rw1072001.html","/data/rw1072001.html","2545-00-8","natural substances and extractives","rw","a"
"agamanone","https://www.thegoodscentscompany.com/data/rw1883571.html","/data/rw1883571.html","143381-59-3","natural substances and extractives","rw","a"
"agapanthus africanus flower extract","https://www.thegoodscentscompany.com/data/ex1647551.html","/data/ex1647551.html","","fragrance agents","ex","a"
"agar gum","https://www.thegoodscentscompany.com/data/rs1002041.html","/data/rs1002041.html","9002-18-0","thickeners, gelling agents, stabalizers and emulsifiers","rs","a"
"agaricus bisporus cap/stem extract","https://www.thegoodscentscompany.com/data/ex1705001.html","/data/ex1705001.html","95009-14-6","emollients","ex","a"
"agaricus bisporus extract","https://www.thegoodscentscompany.com/data/ex1691971.html","/data/ex1691971.html","95009-14-6","cosmetic ingredient for skin conditioning","ex","a"
"agaricus blazei","https://www.thegoodscentscompany.com/data/rs1678691.html","/data/rs1678691.html","","information only not used for fragrances or flavors","rs","a"
"agaricus blazei extract","https://www.thegoodscentscompany.com/data/ex1658641.html","/data/ex1658641.html","","cosmetic ingredient for skin conditioning","ex","a"
"agaricus blazei fruiting body extract","https://www.thegoodscentscompany.com/data/ex1691981.html","/data/ex1691981.html","","cosmetic ingredient for skin conditioning","ex","a"
"agaricus blazei/soy flour/sucrose ferment extract","https://www.thegoodscentscompany.com/data/ex1705011.html","/data/ex1705011.html","","film forming, skin conditioning agents","ex","a"
"agaritinal","https://www.thegoodscentscompany.com/data/rw1885531.html","/data/rw1885531.html","114847-20-0","natural substances and extractives","rw","a"
"alpha- agarofuran","https://www.thegoodscentscompany.com/data/rw1564911.html","/data/rw1564911.html","5956-12-7","natural substances and extractives","rw","a"
"beta- agarofuran","https://www.thegoodscentscompany.com/data/rw1568001.html","/data/rw1568001.html","","natural substances and extractives","rw","a"
"nor-keto agarofuran","https://www.thegoodscentscompany.com/data/rw1588051.html","/data/rw1588051.html","5986-25-4","natural substances and extractives","rw","a"
"agarol","https://www.thegoodscentscompany.com/data/rw1009601.html","/data/rw1009601.html","5956-13-8","natural substances and extractives","rw","a"
"agarospirol","https://www.thegoodscentscompany.com/data/rw1027151.html","/data/rw1027151.html","23811-08-7","fragrance agents","rw","a"
"oxo- agarospirol","https://www.thegoodscentscompany.com/data/rw1301851.html","/data/rw1301851.html","","natural substances and extractives","rw","a"
"agarum cribosum extract","https://www.thegoodscentscompany.com/data/ex1691991.html","/data/ex1691991.html","","cosmetic ingredient for skin conditioning","ex","a"
"agarwood","https://www.thegoodscentscompany.com/data/rs1658141.html","/data/rs1658141.html","","fragrance agents","rs","a"
"agarwood oil","https://www.thegoodscentscompany.com/data/es1067531.html","/data/es1067531.html","94350-09-1","fragrance agents","es","a"
"agarwood oil (aetoxylon sympetalum)","https://www.thegoodscentscompany.com/data/es1653441.html","/data/es1653441.html","1333524-00-7","fragrance agents","es","a"
"agarwood oil CO2 extract","https://www.thegoodscentscompany.com/data/es1672811.html","/data/es1672811.html","94350-09-1","fragrance agents","es","a"
"agarwood oil replacer","https://www.thegoodscentscompany.com/data/es1658561.html","/data/es1658561.html","","fragrance agents","es","a"
"agarwood specialty","https://www.thegoodscentscompany.com/data/pb1114411.html","/data/pb1114411.html","","fragrance agents","pb","a"
"agastache foeniculum flower","https://www.thegoodscentscompany.com/data/rs1672271.html","/data/rs1672271.html","","information only not used for fragrances or flavors","rs","a"
"agastache foeniculum leaf","https://www.thegoodscentscompany.com/data/rs1672281.html","/data/rs1672281.html","","information only not used for fragrances or flavors","rs","a"
"agastache rugosa callus culture","https://www.thegoodscentscompany.com/data/ex1692001.html","/data/ex1692001.html","91770-93-3","cosmetic ingredient for skin conditioning","ex","a"
"agastache rugosa extract","https://www.thegoodscentscompany.com/data/ex1385461.html","/data/ex1385461.html","91770-93-3","cosmetic agents","ex","a"
"agate fragrance","https://www.thegoodscentscompany.com/data/fr1113391.html","/data/fr1113391.html","","fragranced products of all types","fr","a"
"agathic acid","https://www.thegoodscentscompany.com/data/rw1491521.html","/data/rw1491521.html","640-28-8","natural substances and extractives","rw","a"
"agathis australis oil","https://www.thegoodscentscompany.com/data/es1064961.html","/data/es1064961.html","","information only not used for fragrances or flavors","es","a"
"agathis australis oleoresin","https://www.thegoodscentscompany.com/data/ol1064951.html","/data/ol1064951.html","","information only not used for fragrances or flavors","ol","a"
"agathosma crenulata leaf oil","https://www.thegoodscentscompany.com/data/es1589401.html","/data/es1589401.html","92346-82-2","cosmetic, flavor and fragrance agents","es","a"
"agavasaponin C","https://www.thegoodscentscompany.com/data/rw1835091.html","/data/rw1835091.html","56316-35-9","natural substances and extractives","rw","a"
"agavasaponin C'","https://www.thegoodscentscompany.com/data/rw1838561.html","/data/rw1838561.html","58546-17-1","natural substances and extractives","rw","a"
"agavasaponin D","https://www.thegoodscentscompany.com/data/rw1838571.html","/data/rw1838571.html","58546-18-2","natural substances and extractives","rw","a"
"agavasaponin E","https://www.thegoodscentscompany.com/data/rw1838531.html","/data/rw1838531.html","58546-19-3","natural substances and extractives","rw","a"
"agavasaponin H","https://www.thegoodscentscompany.com/data/rw1837901.html","/data/rw1837901.html","58546-21-7","natural substances and extractives","rw","a"
"agave americana leaf extract","https://www.thegoodscentscompany.com/data/ex1091921.html","/data/ex1091921.html","85186-53-4","cosmetic ingredient for skin conditioning","ex","a"
"agave americana leaf powder","https://www.thegoodscentscompany.com/data/rs1600911.html","/data/rs1600911.html","85186-53-4","abrasives","rs","a"
"agave americana stem extract","https://www.thegoodscentscompany.com/data/ex1600901.html","/data/ex1600901.html","85186-53-4","cosmetic ingredient for skin conditioning","ex","a"
"agave atrovirens extract","https://www.thegoodscentscompany.com/data/ex1692011.html","/data/ex1692011.html","","humectants, skin conditioning","ex","a"
"agave distillates","https://www.thegoodscentscompany.com/data/fl1127151.html","/data/fl1127151.html","","food additive","fl","a"
"agave flavor","https://www.thegoodscentscompany.com/data/fl1121361.html","/data/fl1121361.html","","flavored products of all types","fl","a"
"agave rigida leaf extract","https://www.thegoodscentscompany.com/data/ex1361321.html","/data/ex1361321.html","165800-55-5","bulking agents","ex","a"
"agave tequilana leaf extract","https://www.thegoodscentscompany.com/data/ex1654221.html","/data/ex1654221.html","","astringents","ex","a"
"agave tequilana root juice","https://www.thegoodscentscompany.com/data/fl1705021.html","/data/fl1705021.html","","cosmetic ingredient for skin conditioning","fl","a"
"agave tequilana stem extract","https://www.thegoodscentscompany.com/data/ex1692021.html","/data/ex1692021.html","","astringent, skin conditioning","ex","a"
"hydrolyzed agave tequilana stem extract","https://www.thegoodscentscompany.com/data/ex1705031.html","/data/ex1705031.html","","humectants, skin conditioning","ex","a"
"agavoside A","https://www.thegoodscentscompany.com/data/rw1842511.html","/data/rw1842511.html","56857-65-9","natural substances and extractives","rw","a"
"agavoside B","https://www.thegoodscentscompany.com/data/rw1841221.html","/data/rw1841221.html","56857-66-0","natural substances and extractives","rw","a"
"agavoside F","https://www.thegoodscentscompany.com/data/rw1832551.html","/data/rw1832551.html","58572-18-2","natural substances and extractives","rw","a"
"agavoside G","https://www.thegoodscentscompany.com/data/rw1842711.html","/data/rw1842711.html","58546-20-6","natural substances and extractives","rw","a"
"ageratum conyzoides flower/leaf/stem extract","https://www.thegoodscentscompany.com/data/ex1692031.html","/data/ex1692031.html","85480-32-6","cosmetic ingredient for skin conditioning","ex","a"
"ageratum conyzoides leaf extract","https://www.thegoodscentscompany.com/data/ex1669851.html","/data/ex1669851.html","85480-32-6","cosmetic ingredient for skin conditioning","ex","a"
"ageratum conyzoides oil","https://www.thegoodscentscompany.com/data/es1539091.html","/data/es1539091.html","85480-32-6","fragrance agents","es","a"
"agerol","https://www.thegoodscentscompany.com/data/rw1009611.html","/data/rw1009611.html","50657-20-0","natural substances and extractives","rw","a"
"agglomerone","https://www.thegoodscentscompany.com/data/rw1091581.html","/data/rw1091581.html","22595-43-3","natural substances and extractives","rw","a"
"aginoside progenin","https://www.thegoodscentscompany.com/data/rw1844321.html","/data/rw1844321.html","61478-53-3","natural substances and extractives","rw","a"
"aglaia edulis fruit","https://www.thegoodscentscompany.com/data/rs1086961.html","/data/rs1086961.html","","information only not used for fragrances or flavors","rs","a"
"aglaia elaeagnoidea fruit","https://www.thegoodscentscompany.com/data/rs1086971.html","/data/rs1086971.html","","information only not used for fragrances or flavors","rs","a"
"aglaia elliptica fruit","https://www.thegoodscentscompany.com/data/rs1086981.html","/data/rs1086981.html","","information only not used for fragrances or flavors","rs","a"
"aglaia harmsiana fruit","https://www.thegoodscentscompany.com/data/rs1086991.html","/data/rs1086991.html","","information only not used for fragrances or flavors","rs","a"
"aglaia odorata absolute","https://www.thegoodscentscompany.com/data/ab1067541.html","/data/ab1067541.html","85480-33-7","fragrance agents","ab","a"
"aglaia odorata concrete","https://www.thegoodscentscompany.com/data/co1592221.html","/data/co1592221.html","85480-33-7","fragrance agents","co","a"
"aglaia odorata extract","https://www.thegoodscentscompany.com/data/ex1385471.html","/data/ex1385471.html","85480-33-7","information only not used for fragrances or flavors","ex","a"
"aglaia odorata flower oil","https://www.thegoodscentscompany.com/data/es1067551.html","/data/es1067551.html","85480-33-7","cosmetic and fragrance agents","es","a"
"agmatine","https://www.thegoodscentscompany.com/data/rw1628071.html","/data/rw1628071.html","306-60-5","natural substances and extractives","rw","a"
"agnuside","https://www.thegoodscentscompany.com/data/rw1701811.html","/data/rw1701811.html","11027-63-7","natural substances and extractives","rw","a"
"agonis flexuosa oil","https://www.thegoodscentscompany.com/data/es1539101.html","/data/es1539101.html","","fragrance agents","es","a"
"agonis fragrans branch/leaf oil","https://www.thegoodscentscompany.com/data/es1705041.html","/data/es1705041.html","","masking agents","es","a"
"agrestic specialty","https://www.thegoodscentscompany.com/data/pb1558301.html","/data/pb1558301.html","","fragrance agents","pb","a"
"agrimonia eupatoria","https://www.thegoodscentscompany.com/data/rs1676071.html","/data/rs1676071.html","84775-40-6","information only not used for fragrances or flavors","rs","a"
"agrimonia eupatoria extract","https://www.thegoodscentscompany.com/data/ex1667741.html","/data/ex1667741.html","84775-40-6","astringents","ex","a"
"agrimonia eupatoria flower extract","https://www.thegoodscentscompany.com/data/ex1692041.html","/data/ex1692041.html","84775-40-6","cosmetic ingredient for skin conditioning","ex","a"
"agrimonia eupatoria leaf extract","https://www.thegoodscentscompany.com/data/ex1361331.html","/data/ex1361331.html","84775-40-6","cosmetic ingredient for skin conditioning","ex","a"
"agrimonia eupatoria root extract","https://www.thegoodscentscompany.com/data/ex1705051.html","/data/ex1705051.html","84775-40-6","antioxidant, astringent agents","ex","a"
"agrimonia eupatoria tincture","https://www.thegoodscentscompany.com/data/ex1672931.html","/data/ex1672931.html","84775-40-6","information only not used for fragrances or flavors","ex","a"
"agrimonia officinalis extract","https://www.thegoodscentscompany.com/data/ex1385491.html","/data/ex1385491.html","97435-00-2","information only not used for fragrances or flavors","ex","a"
"agrimonia pilosa extract","https://www.thegoodscentscompany.com/data/ex1692051.html","/data/ex1692051.html","","humectants, skin conditioning","ex","a"
"agrimonia repens extract","https://www.thegoodscentscompany.com/data/ex1385481.html","/data/ex1385481.html","97552-89-1","information only not used for fragrances or flavors","ex","a"
"agrimophol","https://www.thegoodscentscompany.com/data/rw1491591.html","/data/rw1491591.html","65792-05-4","natural substances and extractives","rw","a"
"agrocybenine","https://www.thegoodscentscompany.com/data/rw1892531.html","/data/rw1892531.html","178764-92-6","natural substances and extractives","rw","a"
"agrocybin","https://www.thegoodscentscompany.com/data/rw1820321.html","/data/rw1820321.html","544-44-5","natural substances and extractives","rw","a"
"agropyrene","https://www.thegoodscentscompany.com/data/rw1009621.html","/data/rw1009621.html","520-74-1","natural substances and extractives","rw","a"
"agropyron cristatum extract","https://www.thegoodscentscompany.com/data/ex1082351.html","/data/ex1082351.html","","cosmetic ingredient for skin conditioning","ex","a"
"agropyron repens rhizome/root","https://www.thegoodscentscompany.com/data/rs1671981.html","/data/rs1671981.html","84649-79-6","information only not used for fragrances or flavors","rs","a"
"agropyron repens root extract","https://www.thegoodscentscompany.com/data/ex1018161.html","/data/ex1018161.html","84649-79-6","cosmetic and flavor agents","ex","a"
"agropyron repens root tincture","https://www.thegoodscentscompany.com/data/ex1673311.html","/data/ex1673311.html","84649-79-6","flavoring agents","ex","a"
"agrostis gigantea extract","https://www.thegoodscentscompany.com/data/ex1385501.html","/data/ex1385501.html","100403-14-3","information only not used for fragrances or flavors","ex","a"
"agrumen aldehyde","https://www.thegoodscentscompany.com/data/pb1024671.html","/data/pb1024671.html","","fragrance agents","pb","a"
"agrumen nitrile","https://www.thegoodscentscompany.com/data/rw1039541.html","/data/rw1039541.html","97384-48-0","fragrance agents","rw","a"
"ahnfeltia concinna extract","https://www.thegoodscentscompany.com/data/ex1602071.html","/data/ex1602071.html","223749-75-5","gel forming agents","ex","a"
"ailanthone","https://www.thegoodscentscompany.com/data/rw1066041.html","/data/rw1066041.html","981-15-7","natural substances and extractives","rw","a"
"ailanthus altissima bark extract","https://www.thegoodscentscompany.com/data/ex1066051.html","/data/ex1066051.html","90131-67-2","cosmetic ingredient for skin conditioning","ex","a"
"ailanthus altissima fruit extract","https://www.thegoodscentscompany.com/data/ex1705071.html","/data/ex1705071.html","90131-67-2","cosmetic ingredient for skin protecting","ex","a"
"ailanthus excelsa extract","https://www.thegoodscentscompany.com/data/ex1385511.html","/data/ex1385511.html","92201-14-4","information only not used for fragrances or flavors","ex","a"
"aiphanes horrida fruit","https://www.thegoodscentscompany.com/data/rs1087051.html","/data/rs1087051.html","","information only not used for fragrances or flavors","rs","a"
"aji panca flavor","https://www.thegoodscentscompany.com/data/fl1118031.html","/data/fl1118031.html","","flavored products of all types","fl","a"
"ajmaline","https://www.thegoodscentscompany.com/data/rw1701781.html","/data/rw1701781.html","4360-12-7","natural substances and extractives","rw","a"
"ajoene","https://www.thegoodscentscompany.com/data/rw1494971.html","/data/rw1494971.html","92285-01-3","natural substances and extractives","rw","a"
"(E)- ajoene","https://www.thegoodscentscompany.com/data/rw1631431.html","/data/rw1631431.html","92284-99-6","natural substances and extractives","rw","a"
"(Z)- ajoene","https://www.thegoodscentscompany.com/data/rw1631421.html","/data/rw1631421.html","92285-00-2","natural substances and extractives","rw","a"
"ajowan seed oil","https://www.thegoodscentscompany.com/data/es1097041.html","/data/es1097041.html","8001-99-8","flavor and fragrance agents","es","a"
"ajowan seed oil CO2 extract","https://www.thegoodscentscompany.com/data/es1668281.html","/data/es1668281.html","8001-99-8","flavor and fragrance agents","es","a"
"ajuga bracteosa extract","https://www.thegoodscentscompany.com/data/ex1385521.html","/data/ex1385521.html","93347-97-8","information only not used for fragrances or flavors","ex","a"
"ajuga chamaepytis extract","https://www.thegoodscentscompany.com/data/ex1385531.html","/data/ex1385531.html","90320-24-4","information only not used for fragrances or flavors","ex","a"
"ajuga iva extract","https://www.thegoodscentscompany.com/data/ex1385541.html","/data/ex1385541.html","90320-25-5","information only not used for fragrances or flavors","ex","a"
"ajuga reptans cell culture extract","https://www.thegoodscentscompany.com/data/ex1705081.html","/data/ex1705081.html","90320-26-6","antioxidant, bleaching agents","ex","a"
"ajuga reptans leaf extract","https://www.thegoodscentscompany.com/data/ex1385551.html","/data/ex1385551.html","90320-26-6","cosmetic agents","ex","a"
"ajuga reptans meristem cell culture","https://www.thegoodscentscompany.com/data/rs1705091.html","/data/rs1705091.html","90320-26-6","cosmetic ingredient for skin conditioning","rs","a"
"ajuga turkestanica extract","https://www.thegoodscentscompany.com/data/ex1074961.html","/data/ex1074961.html","","cosmetic ingredient for skin conditioning","ex","a"
"ajuga turkestanica flower extract","https://www.thegoodscentscompany.com/data/ex1692061.html","/data/ex1692061.html","","cosmetic ingredient for skin conditioning","ex","a"
"akebia quinata extract","https://www.thegoodscentscompany.com/data/ex1692071.html","/data/ex1692071.html","","cosmetic ingredient for skin conditioning","ex","a"
"akebia quinata flower extract","https://www.thegoodscentscompany.com/data/ex1692081.html","/data/ex1692081.html","","cosmetic ingredient for skin conditioning","ex","a"
"akebia quinata fruit","https://www.thegoodscentscompany.com/data/rs1087031.html","/data/rs1087031.html","","information only not used for fragrances or flavors","rs","a"
"akebia quinata fruit extract","https://www.thegoodscentscompany.com/data/ex1705101.html","/data/ex1705101.html","","cosmetic ingredient for skin protecting","ex","a"
"akebia quinata seed extract","https://www.thegoodscentscompany.com/data/ex1705111.html","/data/ex1705111.html","","cosmetic ingredient for skin protecting","ex","a"
"akebia quinata stem extract","https://www.thegoodscentscompany.com/data/ex1692091.html","/data/ex1692091.html","","cosmetic ingredient for skin conditioning","ex","a"
"akebia trifoliata stem extract","https://www.thegoodscentscompany.com/data/ex1692101.html","/data/ex1692101.html","","cosmetic ingredient for skin conditioning","ex","a"
"alachlor","https://www.thegoodscentscompany.com/data/rw1312551.html","/data/rw1312551.html","15972-60-8","herbicides / pesticides","rw","a"
"alangium salviifolium bark extract","https://www.thegoodscentscompany.com/data/ex1074971.html","/data/ex1074971.html","","cosmetic ingredient for skin conditioning","ex","a"
"alangium salviifolium bark powder","https://www.thegoodscentscompany.com/data/rs1692111.html","/data/rs1692111.html","","cosmetic ingredient for skin conditioning","rs","a"
"alangium salviifolium fruit","https://www.thegoodscentscompany.com/data/rs1087041.html","/data/rs1087041.html","","information only not used for fragrances or flavors","rs","a"
"beta- alanine","https://www.thegoodscentscompany.com/data/rw1002211.html","/data/rw1002211.html","107-95-9","flavoring agents and adjuvants, curing and pickling agents, flavor enhancers","rw","a"
"dextro- alanine","https://www.thegoodscentscompany.com/data/rw1038581.html","/data/rw1038581.html","338-69-2","natural substances and extractives","rw","a"
"dextro,laevo- alanine","https://www.thegoodscentscompany.com/data/rw1043861.html","/data/rw1043861.html","302-72-7","flavoring agents and adjuvants, curing and pickling agents, flavor enhancers","rw","a"
"laevo- alanine","https://www.thegoodscentscompany.com/data/rw1044181.html","/data/rw1044181.html","56-41-7","special dietary and nutritional additives","rw","a"
"beta- alanine diacetic acid","https://www.thegoodscentscompany.com/data/rw1364831.html","/data/rw1364831.html","6245-75-6","chelating agents","rw","a"
"alanine glutamate","https://www.thegoodscentscompany.com/data/rw1301381.html","/data/rw1301381.html","13187-90-1","cosmetic ingredient for skin conditioning","rw","a"
"alanine/histidine/lysine polypeptide copper HCl","https://www.thegoodscentscompany.com/data/rw1705131.html","/data/rw1705131.html","","cosmetic ingredient for skin conditioning","rw","a"
"alantolactone","https://www.thegoodscentscompany.com/data/rw1389041.html","/data/rw1389041.html","546-43-0","natural substances and extractives","rw","a"
"(&plusmn;)-iso alantolactone","https://www.thegoodscentscompany.com/data/rw1065851.html","/data/rw1065851.html","470-17-7","natural substances and extractives","rw","a"
"laevo- alanyl-laevo-glutamine","https://www.thegoodscentscompany.com/data/rw1127141.html","/data/rw1127141.html","39537-23-0","special dietary and nutritional additives","rw","a"
"alanyl ornithine","https://www.thegoodscentscompany.com/data/rw1705141.html","/data/rw1705141.html","643755-41-3","cosmetic ingredient for skin conditioning","rw","a"
"alaria esculenta extract","https://www.thegoodscentscompany.com/data/ex1705151.html","/data/ex1705151.html","","hair conditiong, skin protecting","ex","a"
"alpha- alaskene","https://www.thegoodscentscompany.com/data/rw1561121.html","/data/rw1561121.html","28400-12-6","natural substances and extractives","rw","a"
"beta- alaskene","https://www.thegoodscentscompany.com/data/rw1561471.html","/data/rw1561471.html","28908-21-6","natural substances and extractives","rw","a"
"alatanin A","https://www.thegoodscentscompany.com/data/rw1890131.html","/data/rw1890131.html","139610-21-2","natural substances and extractives","rw","a"
"albafuran A","https://www.thegoodscentscompany.com/data/rw1813451.html","/data/rw1813451.html","84323-14-8","natural substances and extractives","rw","a"
"albafuran B","https://www.thegoodscentscompany.com/data/rw1813461.html","/data/rw1813461.html","84323-15-9","natural substances and extractives","rw","a"
"albafuran C","https://www.thegoodscentscompany.com/data/rw1813471.html","/data/rw1813471.html","84323-16-0","natural substances and extractives","rw","a"
"albanin A","https://www.thegoodscentscompany.com/data/rw1861491.html","/data/rw1861491.html","73343-42-7","natural substances and extractives","rw","a"
"albanin B","https://www.thegoodscentscompany.com/data/rw1840771.html","/data/rw1840771.html","73343-41-6","natural substances and extractives","rw","a"
"albanin C","https://www.thegoodscentscompany.com/data/rw1838211.html","/data/rw1838211.html","73343-43-8","natural substances and extractives","rw","a"
"albanin E","https://www.thegoodscentscompany.com/data/rw1872301.html","/data/rw1872301.html","134955-27-4","natural substances and extractives","rw","a"
"albanin F","https://www.thegoodscentscompany.com/data/rw1813481.html","/data/rw1813481.html","75629-19-5","natural substances and extractives","rw","a"
"Albanol B","https://www.thegoodscentscompany.com/data/rw1817111.html","/data/rw1817111.html","87084-99-9","natural substances and extractives","rw","a"
"albatrellus confluens extract","https://www.thegoodscentscompany.com/data/ex1692121.html","/data/ex1692121.html","","humectants, skin conditioning","ex","a"
"albene","https://www.thegoodscentscompany.com/data/rw1559511.html","/data/rw1559511.html","38451-64-8","natural substances and extractives","rw","a"
"albicanol","https://www.thegoodscentscompany.com/data/rw1567351.html","/data/rw1567351.html","54632-04-1","natural substances and extractives","rw","a"
"albigenic acid","https://www.thegoodscentscompany.com/data/rw1856151.html","/data/rw1856151.html","664-40-4","natural substances and extractives","rw","a"
"albizia adianthifolia leaf extract","https://www.thegoodscentscompany.com/data/ex1074981.html","/data/ex1074981.html","","cosmetic ingredient for skin conditioning","ex","a"
"albizia julibrissin bark extract","https://www.thegoodscentscompany.com/data/ex1603131.html","/data/ex1603131.html","","masking agents","ex","a"
"albizia julibrissin branch/leaf extract","https://www.thegoodscentscompany.com/data/ex1692131.html","/data/ex1692131.html","","cosmetic ingredient for skin conditioning","ex","a"
"albizia julibrissin flower extract","https://www.thegoodscentscompany.com/data/ex1660101.html","/data/ex1660101.html","","cosmetic ingredient for skin conditioning","ex","a"
"albizia lebbek leaf","https://www.thegoodscentscompany.com/data/rs1705161.html","/data/rs1705161.html","84775-72-4","antimicrobial agents","rs","a"
"albizia zygia gum","https://www.thegoodscentscompany.com/data/rs1385561.html","/data/rs1385561.html","9079-26-9","information only not used for fragrances or flavors","rs","a"
"albizzia lebbek","https://www.thegoodscentscompany.com/data/rs1100391.html","/data/rs1100391.html","","decorative botanicals","rs","a"
"albumen","https://www.thegoodscentscompany.com/data/rw1299821.html","/data/rw1299821.html","9006-50-2","food additive and cosmetic agents","rw","a"
"hydrolyzed albumen","https://www.thegoodscentscompany.com/data/rs1705171.html","/data/rs1705171.html","91079-84-4","antistatic, hair conditioning, skin conditioning","rs","a"
"albumen extract","https://www.thegoodscentscompany.com/data/ex1705181.html","/data/ex1705181.html","","emollients, hair conditioning","ex","a"
"albumins","https://www.thegoodscentscompany.com/data/rw1098651.html","/data/rw1098651.html","9006-59-1","cold-pack cheese food","rw","a"
"alcantarea imperialis leaf extract","https://www.thegoodscentscompany.com/data/ex1912691.html","/data/ex1912691.html","","cosmetic agents","ex","a"
"alchemilla alpina extract","https://www.thegoodscentscompany.com/data/ex1385971.html","/data/ex1385971.html","90320-27-7","cosmetic ingredient for skin conditioning","ex","a"
"alchemilla vulgaris herb","https://www.thegoodscentscompany.com/data/rs1672221.html","/data/rs1672221.html","84695-94-3","information only not used for fragrances or flavors","rs","a"
"alchemilla vulgaris herb extract","https://www.thegoodscentscompany.com/data/ex1677811.html","/data/ex1677811.html","84695-94-3","astringent, skin conditioning","ex","a"
"alchemilla vulgaris leaf extract","https://www.thegoodscentscompany.com/data/ex1091181.html","/data/ex1091181.html","84695-94-3","antioxidant, astringent agents","ex","a"
"alchemilla vulgaris leaf tincture","https://www.thegoodscentscompany.com/data/ex1677321.html","/data/ex1677321.html","84695-94-3","information only not used for fragrances or flavors","ex","a"
"alchornea cordifolia leaf extract","https://www.thegoodscentscompany.com/data/ex1074991.html","/data/ex1074991.html","","astringent, skin conditioning","ex","a"
"alcioxa","https://www.thegoodscentscompany.com/data/rw1098681.html","/data/rw1098681.html","1317-25-5","antimicrobial, astringent agents","rw","a"
"alcohol blockers","https://www.thegoodscentscompany.com/data/fl1644881.html","/data/fl1644881.html","","flavor enhancers, alcohol taste blockers","fl","a"
"alcohol burn flavor","https://www.thegoodscentscompany.com/data/fl1637991.html","/data/fl1637991.html","","flavored products of all types","fl","a"
"alcohol denat. SD alcohol 1","https://www.thegoodscentscompany.com/data/rw1000101.html","/data/rw1000101.html","","solvents","rw","a"
"alcohol denat. SD alcohol 23-F","https://www.thegoodscentscompany.com/data/rw1000501.html","/data/rw1000501.html","","solvents","rw","a"
"alcohol denat. SD alcohol 23-H","https://www.thegoodscentscompany.com/data/rw1677161.html","/data/rw1677161.html","","solvents","rw","a"
"alcohol denat. SD alcohol 27-B","https://www.thegoodscentscompany.com/data/rw1677461.html","/data/rw1677461.html","","solvents","rw","a"
"alcohol denat. SD alcohol 3-A","https://www.thegoodscentscompany.com/data/rw1584401.html","/data/rw1584401.html","977021-59-2","solvents","rw","a"
"alcohol denat. SD alcohol 3-B","https://www.thegoodscentscompany.com/data/rw1677721.html","/data/rw1677721.html","","solvents","rw","a"
"alcohol denat. SD alcohol 3-C","https://www.thegoodscentscompany.com/data/rw1647781.html","/data/rw1647781.html","","solvents","rw","a"
"alcohol denat. SD alcohol 30","https://www.thegoodscentscompany.com/data/rw1680161.html","/data/rw1680161.html","","solvents","rw","a"
"alcohol denat. SD alcohol 31-A","https://www.thegoodscentscompany.com/data/rw1070281.html","/data/rw1070281.html","","solvents","rw","a"
"alcohol denat. SD alcohol 36","https://www.thegoodscentscompany.com/data/rw1092341.html","/data/rw1092341.html","","solvents","rw","a"
"alcohol denat. SD alcohol 37","https://www.thegoodscentscompany.com/data/rw1105241.html","/data/rw1105241.html","","solvents","rw","a"
"alcohol denat. SD alcohol 38-B","https://www.thegoodscentscompany.com/data/rw1130621.html","/data/rw1130621.html","","solvents","rw","a"
"alcohol denat. SD alcohol 38-C","https://www.thegoodscentscompany.com/data/rw1385271.html","/data/rw1385271.html","","solvents","rw","a"
"alcohol denat. SD alcohol 38-D","https://www.thegoodscentscompany.com/data/rw1685231.html","/data/rw1685231.html","","solvents","rw","a"
"alcohol denat. SD alcohol 38-F","https://www.thegoodscentscompany.com/data/rw1685241.html","/data/rw1685241.html","","solvents","rw","a"
"alcohol denat. SD alcohol 39","https://www.thegoodscentscompany.com/data/rw1685251.html","/data/rw1685251.html","","solvents","rw","a"
"alcohol denat. SD alcohol 39-A","https://www.thegoodscentscompany.com/data/rw1685261.html","/data/rw1685261.html","","solvents","rw","a"
"alcohol denat. SD alcohol 39-B","https://www.thegoodscentscompany.com/data/rw1685271.html","/data/rw1685271.html","","solvents","rw","a"
"alcohol denat. SD alcohol 39-C","https://www.thegoodscentscompany.com/data/rw1685281.html","/data/rw1685281.html","","solvents","rw","a"
"alcohol denat. SD alcohol 39-D","https://www.thegoodscentscompany.com/data/rw1685291.html","/data/rw1685291.html","","solvents","rw","a"
"alcohol denat. SD alcohol 40","https://www.thegoodscentscompany.com/data/rw1685301.html","/data/rw1685301.html","","solvents","rw","a"
"alcohol denat. SD alcohol 40-A","https://www.thegoodscentscompany.com/data/rw1685311.html","/data/rw1685311.html","","solvents","rw","a"
"alcohol denat. SD alcohol 40-B","https://www.thegoodscentscompany.com/data/rw1685321.html","/data/rw1685321.html","","solvents","rw","a"
"alcohol denat. SD alcohol 40-C","https://www.thegoodscentscompany.com/data/rw1685331.html","/data/rw1685331.html","","solvents","rw","a"
"alcohol denat. SD alcohol 46","https://www.thegoodscentscompany.com/data/rw1685341.html","/data/rw1685341.html","","solvents","rw","a"
"alcohol denat. SD alcohol 23-A","https://www.thegoodscentscompany.com/data/rw1584391.html","/data/rw1584391.html","977021-64-9","solvents/deluents for cosmetic, flavor and/or fragrance agents","rw","a"
"alcohol warming","https://www.thegoodscentscompany.com/data/fl1395881.html","/data/fl1395881.html","","flavor enhancers","fl","a"
"alcohols C10-16","https://www.thegoodscentscompany.com/data/rw1315991.html","/data/rw1315991.html","67762-41-8","pharmaceuticals / chemical synthisis","rw","a"
"alcohols C12-14","https://www.thegoodscentscompany.com/data/rw1319131.html","/data/rw1319131.html","80206-82-2","pharmaceuticals / chemical synthisis","rw","a"
"alcohols C12-15 branched and linear ethoxylated","https://www.thegoodscentscompany.com/data/rw1573681.html","/data/rw1573681.html","106232-83-1","fragrance agents","rw","a"
"alcohols C12-18 ethoxylated and propoxylated","https://www.thegoodscentscompany.com/data/rw1573291.html","/data/rw1573291.html","69227-21-0","indirect food additives: adjuvants, production aids, and sanitizers","rw","a"
"alcohols C16-18 and C18-unsatd.","https://www.thegoodscentscompany.com/data/rw1316071.html","/data/rw1316071.html","68002-94-8","information only not used for fragrances or flavors","rw","a"
"alcohols C6-12","https://www.thegoodscentscompany.com/data/rw1317601.html","/data/rw1317601.html","68603-15-6","pharmaceuticals / chemical synthisis","rw","a"
"alcohols C7-9-iso- C8-rich","https://www.thegoodscentscompany.com/data/rw1682961.html","/data/rw1682961.html","68526-83-0","flavor and fragrance agents","rw","a"
"alcohols C8-10 ethoxylated sulfates ammonium salts","https://www.thegoodscentscompany.com/data/rw1573241.html","/data/rw1573241.html","68891-29-2","emulsifiers, surfactants","rw","a"
"alcohols, C11-14-iso-, C13-rich, ethoxylated","https://www.thegoodscentscompany.com/data/rw1352561.html","/data/rw1352561.html","78330-21-9","inhibit microbiological spoilage","rw","a"
"alcohols, C12-14-secondary, beta-(2-hydroxyethoxy-, ethoxylated","https://www.thegoodscentscompany.com/data/rw1775421.html","/data/rw1775421.html","146340-15-0","indirect food additives: adhesives and components of coatings","rw","a"
"alcohols, C6-10, ethoxylated propoxylated","https://www.thegoodscentscompany.com/data/rw1690771.html","/data/rw1690771.html","68987-81-5","fragrance agents","rw","a"
"alcohols, C9-11-iso-, C10-rich","https://www.thegoodscentscompany.com/data/rw1690751.html","/data/rw1690751.html","68526-85-2","fragrance agents","rw","a"
"aldehydic fragrance","https://www.thegoodscentscompany.com/data/fr1541931.html","/data/fr1541931.html","","fragranced products of all types","fr","a"
"aldehydic nitrile","https://www.thegoodscentscompany.com/data/rw1059281.html","/data/rw1059281.html","40188-41-8","fragrance agents","rw","a"
"aldehydic specialty","https://www.thegoodscentscompany.com/data/pb1061001.html","/data/pb1061001.html","","fragrance agents","pb","a"
"aldenal C-10","https://www.thegoodscentscompany.com/data/rw1027751.html","/data/rw1027751.html","","fragrance agents","rw","a"
"aldenal C-9","https://www.thegoodscentscompany.com/data/rw1019771.html","/data/rw1019771.html","","fragrance agents","rw","a"
"aldrithiol","https://www.thegoodscentscompany.com/data/rw1216501.html","/data/rw1216501.html","2127-03-9","information only not used for fragrances or flavors","rw","a"
"alectrol","https://www.thegoodscentscompany.com/data/rw1891781.html","/data/rw1891781.html","143572-84-3","natural substances and extractives","rw","a"
"iso aleprolic acid","https://www.thegoodscentscompany.com/data/rw1459261.html","/data/rw1459261.html","1560-11-8","natural substances and extractives","rw","a"
"aletris farinosa extract","https://www.thegoodscentscompany.com/data/ex1091131.html","/data/ex1091131.html","84695-95-4","cosmetic agents","ex","a"
"aletris farinosa root","https://www.thegoodscentscompany.com/data/rs1678311.html","/data/rs1678311.html","84695-95-4","information only not used for fragrances or flavors","rs","a"
"aletris farinosa root tincture","https://www.thegoodscentscompany.com/data/ex1678321.html","/data/ex1678321.html","84695-95-4","information only not used for fragrances or flavors","ex","a"
"aleuriaxanthin","https://www.thegoodscentscompany.com/data/rw1858041.html","/data/rw1858041.html","51599-07-6","natural substances and extractives","rw","a"
"aleurites fordii branch/fruit/leaf extract","https://www.thegoodscentscompany.com/data/ex1385581.html","/data/ex1385581.html","91770-96-6","cosmetic ingredient for skin conditioning","ex","a"
"aleurites moluccana bark extract","https://www.thegoodscentscompany.com/data/ex1692141.html","/data/ex1692141.html","8015-80-3","cosmetic ingredient for skin conditioning","ex","a"
"aleurites moluccana ethyl ester","https://www.thegoodscentscompany.com/data/rw1705211.html","/data/rw1705211.html","","cosmetic ingredient for skin conditioning","rw","a"
"aleurites moluccana extract","https://www.thegoodscentscompany.com/data/ex1705221.html","/data/ex1705221.html","8015-80-3","astringent, emollient agents","ex","a"
"aleurites moluccana seed extract","https://www.thegoodscentscompany.com/data/ex1091371.html","/data/ex1091371.html","8015-80-3","cosmetic ingredient for skin conditioning","ex","a"
"aleurites moluccanus bakoly seed oil","https://www.thegoodscentscompany.com/data/vg1684891.html","/data/vg1684891.html","","cosmetic agents","vg","a"
"aleurites montana leaf extract","https://www.thegoodscentscompany.com/data/ex1692151.html","/data/ex1692151.html","","antioxidants, skin conditioning","ex","a"
"aleuritic acid","https://www.thegoodscentscompany.com/data/rw1438811.html","/data/rw1438811.html","6949-98-0","cosmetic ingredient for skin conditioning","rw","a"
"alpha- aleuritic acid","https://www.thegoodscentscompany.com/data/rw1066371.html","/data/rw1066371.html","533-87-9","information only not used for fragrances or flavors","rw","a"
"wheat aleurone","https://www.thegoodscentscompany.com/data/rs1702051.html","/data/rs1702051.html","","food additive, dietary supplements","rs","a"
"alfa alsolute","https://www.thegoodscentscompany.com/data/ab1080371.html","/data/ab1080371.html","68952-68-1","fragrance agents","ab","a"
"alfafuran","https://www.thegoodscentscompany.com/data/rw1870471.html","/data/rw1870471.html","156098-99-6","natural substances and extractives","rw","a"
"alfalfa","https://www.thegoodscentscompany.com/data/rs1038631.html","/data/rs1038631.html","","flavoring agents, food additives","rs","a"
"alfalfa absolute","https://www.thegoodscentscompany.com/data/ab1092731.html","/data/ab1092731.html","84082-36-0","fragrance agents","ab","a"
"alfalfa distillates","https://www.thegoodscentscompany.com/data/fl1663421.html","/data/fl1663421.html","","flavoring agents","fl","a"
"alfalfa essence","https://www.thegoodscentscompany.com/data/ex1663411.html","/data/ex1663411.html","84082-36-0","flavoring agents","ex","a"
"alfalfa leaf powder","https://www.thegoodscentscompany.com/data/rs1053711.html","/data/rs1053711.html","84082-36-0","spices, other natural seasonings and flavorings","rs","a"
"alfalfa oil","https://www.thegoodscentscompany.com/data/es1376171.html","/data/es1376171.html","8015-60-9","flavor and fragrance agents","es","a"
"alfalfa resinoid","https://www.thegoodscentscompany.com/data/rs1092741.html","/data/rs1092741.html","84082-36-0","flavor and fragrance agents","rs","a"
"alfalone","https://www.thegoodscentscompany.com/data/rw1871591.html","/data/rw1871591.html","970-48-9","natural substances and extractives","rw","a"
"red algae","https://www.thegoodscentscompany.com/data/rs1584411.html","/data/rs1584411.html","977007-74-1","spices, other natural seasonings and flavorings","rs","a"
"green algae absolute","https://www.thegoodscentscompany.com/data/ab1000651.html","/data/ab1000651.html","68917-51-1","flavor and fragrance agents","ab","a"
"algae extract","https://www.thegoodscentscompany.com/data/ex1068761.html","/data/ex1068761.html","68917-51-1","cosmetic, flavor and fragrance agents","ex","a"
"brown algae extract","https://www.thegoodscentscompany.com/data/ex1381301.html","/data/ex1381301.html","977161-38-8","spices, other natural seasonings and flavorings","ex","a"
"hydrolyzed algae extract","https://www.thegoodscentscompany.com/data/ex1705241.html","/data/ex1705241.html","","cosmetic ingredient for skin conditioning","ex","a"
"red algae extract","https://www.thegoodscentscompany.com/data/ex1584421.html","/data/ex1584421.html","977090-04-2","spices, other natural seasonings and flavorings","ex","a"
"algae fragrance","https://www.thegoodscentscompany.com/data/fr1084421.html","/data/fr1084421.html","","fragranced products of all types","fr","a"
"algae meal dried","https://www.thegoodscentscompany.com/data/rs1607861.html","/data/rs1607861.html","977010-47-1","food additive","rs","a"
"algae oil","https://www.thegoodscentscompany.com/data/es1651351.html","/data/es1651351.html","","natural substances and extractives","es","a"
"algal fat","https://www.thegoodscentscompany.com/data/vg1018041.html","/data/vg1018041.html","","replacement for stearic acid-containing dietary fats or oils","vg","a"
"algalin oil","https://www.thegoodscentscompany.com/data/vg1679091.html","/data/vg1679091.html","","food additive","vg","a"
"alginic acid","https://www.thegoodscentscompany.com/data/rw1097561.html","/data/rw1097561.html","9005-32-7","thickeners, gelling agents, stabalizers and emulsifiers","rw","a"
"alibertia edulis fruit","https://www.thegoodscentscompany.com/data/rs1087071.html","/data/rs1087071.html","","information only not used for fragrances or flavors","rs","a"
"alibertia sorbilis fruit","https://www.thegoodscentscompany.com/data/rs1087081.html","/data/rs1087081.html","","information only not used for fragrances or flavors","rs","a"
"alisma orientale tuber extract","https://www.thegoodscentscompany.com/data/ex1692161.html","/data/ex1692161.html","","cosmetic ingredient for skin conditioning","ex","a"
"alisma plantago-aquatica extract","https://www.thegoodscentscompany.com/data/ex1385641.html","/data/ex1385641.html","90320-32-4","cosmetic ingredient for skin conditioning","ex","a"
"alismol","https://www.thegoodscentscompany.com/data/rw1565021.html","/data/rw1565021.html","87827-55-2","natural substances and extractives","rw","a"
"alitame anhydrous","https://www.thegoodscentscompany.com/data/rw1002231.html","/data/rw1002231.html","80863-62-3","sweeteners, flavor enhancers","rw","a"
"alitame hydrate","https://www.thegoodscentscompany.com/data/rw1000691.html","/data/rw1000691.html","99016-42-9","sweeteners, flavor enhancers","rw","a"
"alkanna tinctoria root","https://www.thegoodscentscompany.com/data/rs1056301.html","/data/rs1056301.html","","information only not used for fragrances or flavors","rs","a"
"alkanna tinctoria root extract","https://www.thegoodscentscompany.com/data/ex1038651.html","/data/ex1038651.html","85251-58-7","cosmetic agents","ex","a"
"alkannin","https://www.thegoodscentscompany.com/data/rw1584441.html","/data/rw1584441.html","23444-65-7","color adjuvant agents","rw","a"
"a- alkenes, C20-24 alpha-, polymers with maleic anhydride, reaction products with 2,2,6,6-tetramethyl-4-piperidinamine","https://www.thegoodscentscompany.com/data/rw1783351.html","/data/rw1783351.html","152261-33-1","indirect food additives: adhesives and components of coatings","rw","a"
"alkhanin","https://www.thegoodscentscompany.com/data/rw1853881.html","/data/rw1853881.html","71327-31-6","natural substances and extractives","rw","a"
"alkhanol","https://www.thegoodscentscompany.com/data/rw1853791.html","/data/rw1853791.html","71241-93-5","natural substances and extractives","rw","a"
"N- alkyl(C8-C18 from coconut oil) amine acetate","https://www.thegoodscentscompany.com/data/rw1608271.html","/data/rw1608271.html","977075-63-0","adjuvants for pesticide use dilutions","rw","a"
"alkyl pyrazines","https://www.thegoodscentscompany.com/data/rw1053071.html","/data/rw1053071.html","","flavoring agents","rw","a"
"alpha- alkyl-omega-hydroxypoly(oxyethylene)","https://www.thegoodscentscompany.com/data/rw1608281.html","/data/rw1608281.html","977044-31-7","specific usage additives","rw","a"
"alkylene oxide adducts of alkyl alcohols / phosphate esters of same, mixture","https://www.thegoodscentscompany.com/data/rw1608261.html","/data/rw1608261.html","977043-74-5","specific usage additives","rw","a"
"allagoptera arenaria fruit","https://www.thegoodscentscompany.com/data/rs1087101.html","/data/rs1087101.html","","information only not used for fragrances or flavors","rs","a"
"allamanda cathartica flower oil brazil","https://www.thegoodscentscompany.com/data/es1593061.html","/data/es1593061.html","","cosmetic agents","es","a"
"allanblackia floribunda seed oil","https://www.thegoodscentscompany.com/data/vg1303441.html","/data/vg1303441.html","","food additive","vg","a"
"allantoic acid","https://www.thegoodscentscompany.com/data/rw1216611.html","/data/rw1216611.html","99-16-1","natural substances and extractives","rw","a"
"allantoin ascorbate","https://www.thegoodscentscompany.com/data/rw1359211.html","/data/rw1359211.html","57448-83-6","antioxidants, skin conditioning","rw","a"
"allantoin biotin","https://www.thegoodscentscompany.com/data/rw1360871.html","/data/rw1360871.html","4492-73-3","antiseborrhoeic agents","rw","a"
"allantoin calcium pantothenate","https://www.thegoodscentscompany.com/data/rw1360881.html","/data/rw1360881.html","4207-41-4","cosmetic ingredient for skin and hair conditioning","rw","a"
"allantoin galacturonic acid","https://www.thegoodscentscompany.com/data/rw1360891.html","/data/rw1360891.html","5119-24-4","cosmetic agents","rw","a"
"allantoin glycyrrhetinic acid","https://www.thegoodscentscompany.com/data/rw1360901.html","/data/rw1360901.html","4572-09-2","cosmetic agents","rw","a"
"allantoin PABA","https://www.thegoodscentscompany.com/data/rw1098791.html","/data/rw1098791.html","4207-42-5","cosmetic ingredient for skin conditioning","rw","a"
"allantoin panthenol","https://www.thegoodscentscompany.com/data/rw1705281.html","/data/rw1705281.html","","cosmetic ingredient for skin conditioning","rw","a"
"allantoin polygalacturonic acid","https://www.thegoodscentscompany.com/data/rw1098861.html","/data/rw1098861.html","29659-38-9","cosmetic ingredient for skin and hair care","rw","a"
"allenolic acid","https://www.thegoodscentscompany.com/data/rw1009641.html","/data/rw1009641.html","553-39-9","natural substances and extractives","rw","a"
"allethrolone","https://www.thegoodscentscompany.com/data/rw1488481.html","/data/rw1488481.html","29605-88-7","natural substances and extractives","rw","a"
"allicin","https://www.thegoodscentscompany.com/data/rw1009901.html","/data/rw1009901.html","539-86-6","natural substances and extractives","rw","a"
"alliin","https://www.thegoodscentscompany.com/data/rw1592041.html","/data/rw1592041.html","556-27-4","flavoring agents","rw","a"
"iso alliin","https://www.thegoodscentscompany.com/data/rw1809511.html","/data/rw1809511.html","23315-20-0","natural substances and extractives","rw","a"
"alliospiroside C","https://www.thegoodscentscompany.com/data/rw1823661.html","/data/rw1823661.html","114317-57-6","natural substances and extractives","rw","a"
"alliospiroside D","https://www.thegoodscentscompany.com/data/rw1823671.html","/data/rw1823671.html","114317-58-7","natural substances and extractives","rw","a"
"allium ascalonicum bulb infusion","https://www.thegoodscentscompany.com/data/ex1070671.html","/data/ex1070671.html","92202-24-9","flavoring agents","ex","a"
"allium ascalonicum extract","https://www.thegoodscentscompany.com/data/ex1405251.html","/data/ex1405251.html","92202-24-9","flavoring agents","ex","a"
"allium cepa bulb extract","https://www.thegoodscentscompany.com/data/ex1091381.html","/data/ex1091381.html","8054-39-5","cosmetic and flavor agents, antioxidants","ex","a"
"allium cepa root extract","https://www.thegoodscentscompany.com/data/ex1705291.html","/data/ex1705291.html","8054-39-5","antioxidants","ex","a"
"allium chinense bulb extract","https://www.thegoodscentscompany.com/data/ex1692171.html","/data/ex1692171.html","","cosmetic ingredient for skin conditioning","ex","a"
"allium fistulosum bulb extract","https://www.thegoodscentscompany.com/data/ex1600991.html","/data/ex1600991.html","90320-33-5","cosmetic ingredient for skin conditioning","ex","a"
"allium fistulosum oil","https://www.thegoodscentscompany.com/data/es1109621.html","/data/es1109621.html","90320-33-5","cosmetic agents","es","a"
"allium fistulosum root extract","https://www.thegoodscentscompany.com/data/ex1705301.html","/data/ex1705301.html","90320-33-5","antioxidants","ex","a"
"allium fistulosum stalk/brassica rapa leaf/stem/capsicum annuum fruit extract","https://www.thegoodscentscompany.com/data/ex1705311.html","/data/ex1705311.html","","humectants, skin conditioning","ex","a"
"allium grayi callus culture extract","https://www.thegoodscentscompany.com/data/ex1705321.html","/data/ex1705321.html","","cosmetic ingredient for skin protecting","ex","a"
"allium hookeri extract","https://www.thegoodscentscompany.com/data/ex1913711.html","/data/ex1913711.html","","antioxidants, skin conditioning","ex","a"
"allium monanthum extract","https://www.thegoodscentscompany.com/data/ex1692181.html","/data/ex1692181.html","","cosmetic ingredient for skin conditioning","ex","a"
"allium nigrum extract","https://www.thegoodscentscompany.com/data/ex1385731.html","/data/ex1385731.html","91844-82-5","information only not used for fragrances or flavors","ex","a"
"allium odorum extract","https://www.thegoodscentscompany.com/data/ex1692191.html","/data/ex1692191.html","","cosmetic ingredient for skin conditioning","ex","a"
"allium odorum seed extract","https://www.thegoodscentscompany.com/data/ex1705331.html","/data/ex1705331.html","","antioxidants","ex","a"
"allium porrum extract","https://www.thegoodscentscompany.com/data/ex1397641.html","/data/ex1397641.html","84650-15-7","flavoring agents","ex","a"
"allium sativum bulb extract","https://www.thegoodscentscompany.com/data/ex1092011.html","/data/ex1092011.html","8008-99-9","cosmetic agents, flavoring agents, dietary supplements","ex","a"
"allium sativum bulb powder","https://www.thegoodscentscompany.com/data/rs1705341.html","/data/rs1705341.html","8008-99-9","cosmetic ingredient for skin conditioning","rs","a"
"allium sativum bulb tincture","https://www.thegoodscentscompany.com/data/ex1673521.html","/data/ex1673521.html","8008-99-9","flavoring agents","ex","a"
"allium sativum oil egypt","https://www.thegoodscentscompany.com/data/es1653291.html","/data/es1653291.html","8000-78-0","flavor and fragrance agents","es","a"
"allium tuberosum","https://www.thegoodscentscompany.com/data/rs1109631.html","/data/rs1109631.html","","spices, other natural seasonings and flavorings","rs","a"
"allium tuberosum oil","https://www.thegoodscentscompany.com/data/es1052671.html","/data/es1052671.html","","flavoring agents","es","a"
"allium tuberosum seed","https://www.thegoodscentscompany.com/data/rs1675301.html","/data/rs1675301.html","","information only not used for fragrances or flavors","rs","a"
"allium tuberosum seed extract","https://www.thegoodscentscompany.com/data/ex1692201.html","/data/ex1692201.html","","cosmetic ingredient for skin conditioning","ex","a"
"allium ursinum extract","https://www.thegoodscentscompany.com/data/ex1385751.html","/data/ex1385751.html","90320-34-6","cosmetic ingredient for skin conditioning","ex","a"
"allium ursinum oil","https://www.thegoodscentscompany.com/data/es1396281.html","/data/es1396281.html","","flavor and fragrance agents","es","a"
"allium victorialis extract","https://www.thegoodscentscompany.com/data/ex1385761.html","/data/ex1385761.html","97593-04-9","antioxidants, skin conditioning","ex","a"
"allixin","https://www.thegoodscentscompany.com/data/rw1885631.html","/data/rw1885631.html","125263-70-9","natural substances and extractives","rw","a"
"alloathyriol","https://www.thegoodscentscompany.com/data/rw1870741.html","/data/rw1870741.html","67370-97-2","natural substances and extractives","rw","a"
"alloimperatorin","https://www.thegoodscentscompany.com/data/rw1814181.html","/data/rw1814181.html","642-05-7","natural substances and extractives","rw","a"
"allspice","https://www.thegoodscentscompany.com/data/rs1004801.html","/data/rs1004801.html","977051-72-1","spices, other natural seasonings and flavorings","rs","a"
"allspice berry absolute","https://www.thegoodscentscompany.com/data/ab1054931.html","/data/ab1054931.html","8006-77-7","flavor and fragrance agents","ab","a"
"allspice berry oil","https://www.thegoodscentscompany.com/data/es1024901.html","/data/es1024901.html","8006-77-7","flavor and fragrance agents","es","a"
"allspice berry oil CO2 extract","https://www.thegoodscentscompany.com/data/es1052591.html","/data/es1052591.html","8006-77-7","flavor and fragrance agents","es","a"
"allspice berry oil terpeneless","https://www.thegoodscentscompany.com/data/tl1651191.html","/data/tl1651191.html","8006-77-7","flavor and fragrance agents","tl","a"
"allspice essence","https://www.thegoodscentscompany.com/data/ex1080481.html","/data/ex1080481.html","8006-77-7","flavor and fragrance agents","ex","a"
"allspice flavor","https://www.thegoodscentscompany.com/data/fl1017651.html","/data/fl1017651.html","","flavored products of all types","fl","a"
"allspice fragrance","https://www.thegoodscentscompany.com/data/fr1112631.html","/data/fr1112631.html","","fragranced products of all types","fr","a"
"allspice leaf oil","https://www.thegoodscentscompany.com/data/es1017611.html","/data/es1017611.html","8006-77-7","flavor and fragrance agents","es","a"
"allspice leaf oil terpeneless","https://www.thegoodscentscompany.com/data/tl1651201.html","/data/tl1651201.html","8006-77-7","flavor and fragrance agents","tl","a"
"allspice oil","https://www.thegoodscentscompany.com/data/es1029371.html","/data/es1029371.html","8006-77-7","flavor and fragrance agents","es","a"
"allspice oleoresin","https://www.thegoodscentscompany.com/data/ol1004821.html","/data/ol1004821.html","8006-77-7","flavor and fragrance agents","ol","a"
"allyl acetate","https://www.thegoodscentscompany.com/data/rw1216721.html","/data/rw1216721.html","591-87-7","flavoring agents","rw","a"
"allyl acetoacetate","https://www.thegoodscentscompany.com/data/rw1216731.html","/data/rw1216731.html","1118-84-9","information only not used for fragrances or flavors","rw","a"
"allyl acetone","https://www.thegoodscentscompany.com/data/rw1038661.html","/data/rw1038661.html","109-49-9","flavoring agents and cosmetic fragrance agents","rw","a"
"allyl alcohol","https://www.thegoodscentscompany.com/data/rw1038671.html","/data/rw1038671.html","107-18-6","flavoring agents","rw","a"
"allyl amine","https://www.thegoodscentscompany.com/data/rw1216951.html","/data/rw1216951.html","107-11-9","information only not used for fragrances or flavors","rw","a"
"allyl amyl glycolate","https://www.thegoodscentscompany.com/data/rw1001841.html","/data/rw1001841.html","67634-00-8","fragrance agents","rw","a"
"allyl anthranilate","https://www.thegoodscentscompany.com/data/rw1002291.html","/data/rw1002291.html","7493-63-2","flavor and fragrance agents","rw","a"
"7- allyl benzo[b][1,4]dioxepin-3-one","https://www.thegoodscentscompany.com/data/rw1697191.html","/data/rw1697191.html","","fragrance agents","rw","a"
"allyl benzoate","https://www.thegoodscentscompany.com/data/rw1009751.html","/data/rw1009751.html","583-04-0","fragrance agents","rw","a"
"allyl bromide","https://www.thegoodscentscompany.com/data/rw1216741.html","/data/rw1216741.html","106-95-6","pharmaceuticals / chemical synthisis","rw","a"
"allyl butyrate","https://www.thegoodscentscompany.com/data/rw1017881.html","/data/rw1017881.html","2051-78-7","flavor and fragrance agents","rw","a"
"allyl cinnamate","https://www.thegoodscentscompany.com/data/rw1002311.html","/data/rw1002311.html","1866-31-5","flavor and fragrance agents","rw","a"
"allyl (E)-cinnamate","https://www.thegoodscentscompany.com/data/rw1117191.html","/data/rw1117191.html","1866-31-5","flavor and fragrance agents","rw","a"
"allyl (Z)-cinnamate","https://www.thegoodscentscompany.com/data/rw1117241.html","/data/rw1117241.html","1866-31-5","flavor and fragrance agents","rw","a"
"allyl crotonate","https://www.thegoodscentscompany.com/data/rw1038691.html","/data/rw1038691.html","20474-93-5","flavoring agents","rw","a"
"allyl cyclohexane carboxylate","https://www.thegoodscentscompany.com/data/rw1409041.html","/data/rw1409041.html","16491-63-7","information only not used for fragrances or flavors","rw","a"
"allyl cyclohexyl acetate","https://www.thegoodscentscompany.com/data/rw1002541.html","/data/rw1002541.html","4728-82-9","flavor and fragrance agents","rw","a"
"allyl cyclohexyl butyrate","https://www.thegoodscentscompany.com/data/rw1002551.html","/data/rw1002551.html","7493-65-4","flavor and fragrance agents","rw","a"
"allyl cyclohexyl hexanoate","https://www.thegoodscentscompany.com/data/rw1002601.html","/data/rw1002601.html","7493-66-5","flavor and fragrance agents","rw","a"
"allyl cyclohexyl propionate","https://www.thegoodscentscompany.com/data/rw1000322.html","/data/rw1000322.html","2705-87-5","flavor and fragrance agents","rw","a"
"allyl cyclohexyl valerate","https://www.thegoodscentscompany.com/data/rw1002771.html","/data/rw1002771.html","7493-68-7","flavoring agents","rw","a"
"S- allyl-laevo-cysteine","https://www.thegoodscentscompany.com/data/rw1593931.html","/data/rw1593931.html","21593-77-1","flavoring agents","rw","a"
"allyl decanoate","https://www.thegoodscentscompany.com/data/rw1038711.html","/data/rw1038711.html","57856-81-2","flavor and fragrance agents","rw","a"
"allyl dimethoxyphenetole","https://www.thegoodscentscompany.com/data/rw1546921.html","/data/rw1546921.html","68213-85-4","cosmetic fragrance agents and aromatic raw materials","rw","a"
"4- allyl-2,6-dimethoxyphenol","https://www.thegoodscentscompany.com/data/rw1037281.html","/data/rw1037281.html","6627-88-9","flavoring agents","rw","a"
"4- allyl-1,4-dimethyl bicyclo(3.2.1)octan-3-one","https://www.thegoodscentscompany.com/data/rw1062651.html","/data/rw1062651.html","","fragrance agents","rw","a"
"alpha- allyl-4,6-dimethyl-3-cyclohexene-1-methanyl acetate","https://www.thegoodscentscompany.com/data/rw1078951.html","/data/rw1078951.html","","information only not used for fragrances or flavors","rw","a"
"3- allyl-1,5-dimethyl-2-oxabicyclo(2.2.2)octane","https://www.thegoodscentscompany.com/data/rw1536581.html","/data/rw1536581.html","71477-76-4","information only not used for fragrances or flavors","rw","a"
"allyl disulfide","https://www.thegoodscentscompany.com/data/rw1002791.html","/data/rw1002791.html","2179-57-9","flavoring agents and cosmetic fragrance agents","rw","a"
"allyl 2-ethyl butyrate","https://www.thegoodscentscompany.com/data/rw1027771.html","/data/rw1027771.html","7493-69-8","flavor and fragrance agents","rw","a"
"allyl ethyl sulfide","https://www.thegoodscentscompany.com/data/rw1483671.html","/data/rw1483671.html","5296-62-8","information only not used for fragrances or flavors","rw","a"
"allyl formate","https://www.thegoodscentscompany.com/data/rw1038721.html","/data/rw1038721.html","1838-59-1","flavoring agents","rw","a"
"2- allyl furan","https://www.thegoodscentscompany.com/data/rw1119531.html","/data/rw1119531.html","75135-41-0","natural substances and extractives","rw","a"
"allyl 2-furoate","https://www.thegoodscentscompany.com/data/rw1004881.html","/data/rw1004881.html","4208-49-5","flavoring agents","rw","a"
"allyl glycidyl ether","https://www.thegoodscentscompany.com/data/rw1216841.html","/data/rw1216841.html","106-92-3","indirect food additives: polymers","rw","a"
"allyl glycol","https://www.thegoodscentscompany.com/data/rw1408881.html","/data/rw1408881.html","111-45-5","information only not used for fragrances or flavors","rw","a"
"allyl heptanoate","https://www.thegoodscentscompany.com/data/rw1021051.html","/data/rw1021051.html","142-19-8","flavor and fragrance agents","rw","a"
"allyl heptine carbonate","https://www.thegoodscentscompany.com/data/rw1409181.html","/data/rw1409181.html","73157-43-4","information only not used for fragrances or flavors","rw","a"
"allyl hexanoate","https://www.thegoodscentscompany.com/data/rw1000731.html","/data/rw1000731.html","123-68-2","flavor and fragrance agents","rw","a"
"allyl levulinate","https://www.thegoodscentscompany.com/data/rw1038761.html","/data/rw1038761.html","1070-35-5","flavoring agents","rw","a"
"allyl mercaptan","https://www.thegoodscentscompany.com/data/rw1002801.html","/data/rw1002801.html","870-23-5","flavoring agents","rw","a"
"allyl methacrylate","https://www.thegoodscentscompany.com/data/rw1216871.html","/data/rw1216871.html","96-05-9","indirect food additives: adhesives and components of coatings","rw","a"
"N- allyl 3-methyl-2-(E)-butenamide","https://www.thegoodscentscompany.com/data/rw1069621.html","/data/rw1069621.html","","information only not used for fragrances or flavors","rw","a"
"allyl 2-methyl butoxyacetate","https://www.thegoodscentscompany.com/data/rw1408821.html","/data/rw1408821.html","67634-01-9","fragrance agents","rw","a"
"alpha- allyl-4-methyl-3-cyclohexene methanol","https://www.thegoodscentscompany.com/data/rw1078901.html","/data/rw1078901.html","","information only not used for fragrances or flavors","rw","a"
"alpha- allyl-4-methyl-3-cyclohexene-1-methanyl acetate","https://www.thegoodscentscompany.com/data/rw1078931.html","/data/rw1078931.html","","information only not used for fragrances or flavors","rw","a"
"2- allyl-3-methyl-2-cyclopenten-1-one","https://www.thegoodscentscompany.com/data/rw1074681.html","/data/rw1074681.html","3569-36-6","information only not used for fragrances or flavors","rw","a"
"allyl methyl disulfide","https://www.thegoodscentscompany.com/data/rw1009831.html","/data/rw1009831.html","2179-58-0","flavoring agents","rw","a"
"3- allyl-1-methyl-2-oxabicyclo(2.2.2)octane","https://www.thegoodscentscompany.com/data/rw1078861.html","/data/rw1078861.html","","information only not used for fragrances or flavors","rw","a"
"allyl methyl sulfide","https://www.thegoodscentscompany.com/data/rw1038781.html","/data/rw1038781.html","10152-76-8","flavoring agents","rw","a"
"allyl methyl tetrasulfide","https://www.thegoodscentscompany.com/data/rw1582921.html","/data/rw1582921.html","90195-83-8","flavoring agents","rw","a"
"allyl methyl trisulfide","https://www.thegoodscentscompany.com/data/rw1009841.html","/data/rw1009841.html","34135-85-8","flavoring agents","rw","a"
"allyl myristate","https://www.thegoodscentscompany.com/data/rw1409141.html","/data/rw1409141.html","45236-96-2","pharmaceuticals / chemical synthisis","rw","a"
"allyl nicotinate","https://www.thegoodscentscompany.com/data/rw1409151.html","/data/rw1409151.html","25635-12-5","pharmaceuticals / chemical synthisis","rw","a"
"N- allyl (E,Z)-2,6-nonadienamide","https://www.thegoodscentscompany.com/data/rw1069591.html","/data/rw1069591.html","","information only not used for fragrances or flavors","rw","a"
"allyl nonanoate","https://www.thegoodscentscompany.com/data/rw1002841.html","/data/rw1002841.html","7493-72-3","flavor and fragrance agents","rw","a"
"allyl isononylate","https://www.thegoodscentscompany.com/data/rw1038751.html","/data/rw1038751.html","68132-80-9","fragrance agents","rw","a"
"allyl 2-nonynoate","https://www.thegoodscentscompany.com/data/rw1058101.html","/data/rw1058101.html","72939-63-0","information only not used for fragrances or flavors","rw","a"
"allyl octanoate","https://www.thegoodscentscompany.com/data/rw1002871.html","/data/rw1002871.html","4230-97-1","flavor and fragrance agents","rw","a"
"allyl 2-octenoate","https://www.thegoodscentscompany.com/data/rw1409171.html","/data/rw1409171.html","94135-94-1","pharmaceuticals / chemical synthisis","rw","a"
"allyl oleate","https://www.thegoodscentscompany.com/data/rw1409191.html","/data/rw1409191.html","19855-52-8","information only not used for fragrances or flavors","rw","a"
"3- allyl oxy-1,4-dimethyl bicyclo(3.2.1)octane","https://www.thegoodscentscompany.com/data/rw1062631.html","/data/rw1062631.html","","fragrance agents","rw","a"
"allyl phenethyl ether","https://www.thegoodscentscompany.com/data/rw1038811.html","/data/rw1038811.html","14289-65-7","fragrance agents","rw","a"
"2- allyl phenol","https://www.thegoodscentscompany.com/data/rw1169641.html","/data/rw1169641.html","1745-81-9","natural substances and extractives","rw","a"
"allyl phenoxyacetate","https://www.thegoodscentscompany.com/data/rw1028371.html","/data/rw1028371.html","7493-74-5","flavor and fragrance agents","rw","a"
"allyl phenyl acetate","https://www.thegoodscentscompany.com/data/rw1002911.html","/data/rw1002911.html","1797-74-6","flavor and fragrance agents","rw","a"
"allyl phenyl ether","https://www.thegoodscentscompany.com/data/rw1216901.html","/data/rw1216901.html","1746-13-0","information only not used for fragrances or flavors","rw","a"
"allyl phenyl sulfide","https://www.thegoodscentscompany.com/data/rw1579081.html","/data/rw1579081.html","5296-64-0","information only not used for fragrances or flavors","rw","a"
"allyl propanesulfinate","https://www.thegoodscentscompany.com/data/rw1075951.html","/data/rw1075951.html","","information only not used for fragrances or flavors","rw","a"
"allyl 1-propenyl disulfide","https://www.thegoodscentscompany.com/data/rw1582931.html","/data/rw1582931.html","33368-82-0","flavoring agents","rw","a"
"(E)- allyl 1-propenyl disulfide","https://www.thegoodscentscompany.com/data/rw1119621.html","/data/rw1119621.html","122156-02-9","information only not used for fragrances or flavors","rw","a"
"(Z)- allyl 1-propenyl disulfide","https://www.thegoodscentscompany.com/data/rw1119631.html","/data/rw1119631.html","122156-03-0","information only not used for fragrances or flavors","rw","a"
"allyl propionate","https://www.thegoodscentscompany.com/data/rw1002921.html","/data/rw1002921.html","2408-20-0","flavor and fragrance agents","rw","a"
"allyl propyl disulfide","https://www.thegoodscentscompany.com/data/rw1009851.html","/data/rw1009851.html","2179-59-1","flavoring agents","rw","a"
"allyl propyl sulfide","https://www.thegoodscentscompany.com/data/rw1038821.html","/data/rw1038821.html","27817-67-0","flavoring agents","rw","a"
"allyl propyl tetrasulfide","https://www.thegoodscentscompany.com/data/rw1082771.html","/data/rw1082771.html","","natural substances and extractives","rw","a"
"allyl propyl trisulfide","https://www.thegoodscentscompany.com/data/rw1038831.html","/data/rw1038831.html","33922-73-5","flavoring agents","rw","a"
"2- allyl pyridine","https://www.thegoodscentscompany.com/data/rw1656271.html","/data/rw1656271.html","25638-00-0","information only not used for fragrances or flavors","rw","a"
"allyl salicylate","https://www.thegoodscentscompany.com/data/rw1002941.html","/data/rw1002941.html","10484-09-0","fragrance agents","rw","a"
"allyl sorbate","https://www.thegoodscentscompany.com/data/rw1002961.html","/data/rw1002961.html","30895-79-5","flavor and fragrance agents","rw","a"
"(E,E)- allyl sorbate","https://www.thegoodscentscompany.com/data/rw1408831.html","/data/rw1408831.html","7493-75-6","flavor and fragrance agents","rw","a"
"allyl sulfide","https://www.thegoodscentscompany.com/data/rw1002971.html","/data/rw1002971.html","592-88-1","flavoring agents and cosmetic fragrance agents","rw","a"
"1- allyl-2,2,7,7-tetramethyl cycloheptanol","https://www.thegoodscentscompany.com/data/rw1002391.html","/data/rw1002391.html","105463-44-3","fragrance agents","rw","a"
"allyl thioacetate","https://www.thegoodscentscompany.com/data/rw1051831.html","/data/rw1051831.html","23973-51-5","flavoring agents","rw","a"
"allyl thiocyanate","https://www.thegoodscentscompany.com/data/rw1632261.html","/data/rw1632261.html","764-49-8","natural substances and extractives","rw","a"
"allyl isothiocyanate","https://www.thegoodscentscompany.com/data/rw1002981.html","/data/rw1002981.html","57-06-7","flavoring agents","rw","a"
"allyl thiohexanoate","https://www.thegoodscentscompany.com/data/rw1590291.html","/data/rw1590291.html","156420-69-8","flavoring agents","rw","a"
"allyl thiopropionate","https://www.thegoodscentscompany.com/data/rw1003001.html","/data/rw1003001.html","41820-22-8","flavoring agents","rw","a"
"allyl tiglate","https://www.thegoodscentscompany.com/data/rw1003011.html","/data/rw1003011.html","7493-71-2","flavoring agents","rw","a"
"allyl 3,5,5-trimethyl hexanoate","https://www.thegoodscentscompany.com/data/rw1408951.html","/data/rw1408951.html","71500-37-3","flavor and fragrance agents","rw","a"
"allyl 10-undecenoate","https://www.thegoodscentscompany.com/data/rw1003051.html","/data/rw1003051.html","7493-76-7","flavor and fragrance agents","rw","a"
"allyl valerate","https://www.thegoodscentscompany.com/data/rw1409231.html","/data/rw1409231.html","6321-45-5","flavoring agents","rw","a"
"allyl isovalerate","https://www.thegoodscentscompany.com/data/rw1003061.html","/data/rw1003061.html","2835-39-4","flavor and fragrance agents","rw","a"
"4- allyl-2,5-dimethoxyphenol","https://www.thegoodscentscompany.com/data/rw1635331.html","/data/rw1635331.html","90377-06-3","natural substances and extractives","rw","a"
"alpha- allyl-alpha-3,3-trimethyl-2-norbornane methanol","https://www.thegoodscentscompany.com/data/rw1010061.html","/data/rw1010061.html","","fragrance agents","rw","a"
"3-( allyldithio)butan-2-one","https://www.thegoodscentscompany.com/data/rw1081191.html","/data/rw1081191.html","1838169-65-5","flavoring agents","rw","a"
"3- allylthio-2,6-dimethyl-4-heptanone","https://www.thegoodscentscompany.com/data/rw1009961.html","/data/rw1009961.html","","fragrance agents","rw","a"
"sweet almond","https://www.thegoodscentscompany.com/data/rs1061741.html","/data/rs1061741.html","90320-37-9","food additive","rs","a"
"almond blossom fragrance","https://www.thegoodscentscompany.com/data/fr1084431.html","/data/fr1084431.html","","fragranced products of all types","fr","a"
"almond brittle flavor","https://www.thegoodscentscompany.com/data/fl1702761.html","/data/fl1702761.html","","flavored products of all types","fl","a"
"sweet almond butter","https://www.thegoodscentscompany.com/data/vg1670941.html","/data/vg1670941.html","","cosmetic agents","vg","a"
"almond butter flavor","https://www.thegoodscentscompany.com/data/fl1642801.html","/data/fl1642801.html","","flavored products of all types","fl","a"
"almond cream flavor","https://www.thegoodscentscompany.com/data/fl1642811.html","/data/fl1642811.html","","flavored products of all types","fl","a"
"toasted almond creme flavor","https://www.thegoodscentscompany.com/data/fl1650511.html","/data/fl1650511.html","","flavored products of all types","fl","a"
"almond distillates","https://www.thegoodscentscompany.com/data/fl1127181.html","/data/fl1127181.html","","flavoring agents","fl","a"
"bitter almond distillates","https://www.thegoodscentscompany.com/data/fl1084121.html","/data/fl1084121.html","","flavored products of all types","fl","a"
"roasted almond distillates","https://www.thegoodscentscompany.com/data/fl1127161.html","/data/fl1127161.html","","flavoring agents","fl","a"
"almond extract","https://www.thegoodscentscompany.com/data/ex1127491.html","/data/ex1127491.html","","flavoring agents","ex","a"
"almond flavor","https://www.thegoodscentscompany.com/data/fl1598211.html","/data/fl1598211.html","","flavored products of all types","fl","a"
"bitter almond flavor","https://www.thegoodscentscompany.com/data/fl1114031.html","/data/fl1114031.html","","flavored products of all types","fl","a"
"burnt almond flavor","https://www.thegoodscentscompany.com/data/fl1645141.html","/data/fl1645141.html","","flavored products of all types","fl","a"
"roasted almond flavor","https://www.thegoodscentscompany.com/data/fl1642791.html","/data/fl1642791.html","","flavored products of all types","fl","a"
"toasted almond flavor","https://www.thegoodscentscompany.com/data/fl1598221.html","/data/fl1598221.html","","flavored products of all types","fl","a"
"almond fragrance","https://www.thegoodscentscompany.com/data/fr1104501.html","/data/fr1104501.html","","fragranced products of all types","fr","a"
"almond hazelnut flavor","https://www.thegoodscentscompany.com/data/fl1558311.html","/data/fl1558311.html","","flavored products of all types","fl","a"
"almond isolates","https://www.thegoodscentscompany.com/data/fl1127191.html","/data/fl1127191.html","","flavoring agents","fl","a"
"almond nouveau flavor","https://www.thegoodscentscompany.com/data/fl1649961.html","/data/fl1649961.html","","flavored products of all types","fl","a"
"bitter almond oil","https://www.thegoodscentscompany.com/data/es1038841.html","/data/es1038841.html","8013-76-1","flavor and fragrance agents","es","a"
"hydrogenated sweet almond oil","https://www.thegoodscentscompany.com/data/vg1705391.html","/data/vg1705391.html","","viscosity controlling agents","vg","a"
"sweet almond oil","https://www.thegoodscentscompany.com/data/vg1010121.html","/data/vg1010121.html","8007-69-0","solvents/deluents for cosmetic and fragrance agents","vg","a"
"bitter almond oil (fixed)","https://www.thegoodscentscompany.com/data/vg1601981.html","/data/vg1601981.html","90320-35-7","solvents/deluents for cosmetic and fragrance agents","vg","a"
"sweet almond oil decyl esters","https://www.thegoodscentscompany.com/data/rw1705401.html","/data/rw1705401.html","","cosmetic ingredient for skin conditioning","rw","a"
"almond oil glycereth-8 esters","https://www.thegoodscentscompany.com/data/rw1705411.html","/data/rw1705411.html","","emollients, emulsifiers","rw","a"
"almond oil peg-6 esters","https://www.thegoodscentscompany.com/data/rw1360911.html","/data/rw1360911.html","124046-50-0","cosmetic agents","rw","a"
"almond oil peg-8 esters","https://www.thegoodscentscompany.com/data/rw1705421.html","/data/rw1705421.html","","emollients, emulsifiers, skin conditioning, surfactants","rw","a"
"sweet almond oil peg-8 esters","https://www.thegoodscentscompany.com/data/rw1705431.html","/data/rw1705431.html","","emollients, emulsifiers, skin conditioning, surfactants","rw","a"
"sweet almond oil polyglyceryl-4 esters","https://www.thegoodscentscompany.com/data/rw1705451.html","/data/rw1705451.html","","emollients, emulsifiers","rw","a"
"sweet almond oil polyglyceryl-6 esters","https://www.thegoodscentscompany.com/data/rw1705461.html","/data/rw1705461.html","","emollients, emulsifiers, skin conditioning, surfactants","rw","a"
"almond oil propylene glycol esters","https://www.thegoodscentscompany.com/data/rw1705471.html","/data/rw1705471.html","","emollients","rw","a"
"bitter almond oil replacer","https://www.thegoodscentscompany.com/data/es1021411.html","/data/es1021411.html","","flavor and fragrance agents","es","a"
"almond paste","https://www.thegoodscentscompany.com/data/fl1083921.html","/data/fl1083921.html","","food additive","fl","a"
"almond pistachio flavor","https://www.thegoodscentscompany.com/data/fl1606841.html","/data/fl1606841.html","","flavored products of all types","fl","a"
"almond specialty","https://www.thegoodscentscompany.com/data/pb1010191.html","/data/pb1010191.html","","fragrance agents","pb","a"
"almond toffee crunch flavor","https://www.thegoodscentscompany.com/data/fl1638001.html","/data/fl1638001.html","","flavored products of all types","fl","a"
"almond toffee flavor","https://www.thegoodscentscompany.com/data/fl1638011.html","/data/fl1638011.html","","flavored products of all types","fl","a"
"alnus firmifolia fruit extract","https://www.thegoodscentscompany.com/data/ex1692221.html","/data/ex1692221.html","223747-71-5","cosmetic ingredient for skin conditioning","ex","a"
"alnus glutinosa extract","https://www.thegoodscentscompany.com/data/ex1385781.html","/data/ex1385781.html","90320-29-9","information only not used for fragrances or flavors","ex","a"
"alnus japonica bark extract","https://www.thegoodscentscompany.com/data/ex1692231.html","/data/ex1692231.html","","cosmetic ingredient for skin conditioning","ex","a"
"alnus japonica extract","https://www.thegoodscentscompany.com/data/ex1705531.html","/data/ex1705531.html","","cosmetic ingredient for skin conditioning","ex","a"
"alnus japonica leaf/stem water","https://www.thegoodscentscompany.com/data/ex1705541.html","/data/ex1705541.html","","hair conditioning, humectants, skin conditioning","ex","a"
"hydrolyzed alnus japonica stem extract","https://www.thegoodscentscompany.com/data/ex1705551.html","/data/ex1705551.html","","skin conditioning, skin protecting","ex","a"
"alnus oregona extract","https://www.thegoodscentscompany.com/data/ex1385791.html","/data/ex1385791.html","90320-30-2","information only not used for fragrances or flavors","ex","a"
"alnus serrulata extract","https://www.thegoodscentscompany.com/data/ex1385801.html","/data/ex1385801.html","90320-31-3","information only not used for fragrances or flavors","ex","a"
"alnustone","https://www.thegoodscentscompany.com/data/rw1827341.html","/data/rw1827341.html","33457-62-4","natural substances and extractives","rw","a"
"aloe africana extract","https://www.thegoodscentscompany.com/data/ex1385881.html","/data/ex1385881.html","90320-38-0","flavoring agents","ex","a"
"aloe andongensis leaf extract","https://www.thegoodscentscompany.com/data/ex1692241.html","/data/ex1692241.html","","humectants, skin conditioning","ex","a"
"aloe andongensis leaf juice","https://www.thegoodscentscompany.com/data/fl1692251.html","/data/fl1692251.html","","humectants, skin conditioning","fl","a"
"aloe arborescens flower extract","https://www.thegoodscentscompany.com/data/ex1660361.html","/data/ex1660361.html","223747-76-0","cosmetic ingredient for skin conditioning","ex","a"
"aloe arborescens leaf extract","https://www.thegoodscentscompany.com/data/ex1660371.html","/data/ex1660371.html","223747-76-0","moisturising agents","ex","a"
"aloe arborescens leaf juice","https://www.thegoodscentscompany.com/data/fl1692261.html","/data/fl1692261.html","223747-76-0","cosmetic ingredient for skin conditioning","fl","a"
"aloe arborescens leaf powder","https://www.thegoodscentscompany.com/data/rs1705561.html","/data/rs1705561.html","223747-76-0","cosmetic ingredient for skin conditioning","rs","a"
"aloe arborescens leaf protoplasts","https://www.thegoodscentscompany.com/data/rs1705571.html","/data/rs1705571.html","223747-76-0","humectants, skin conditioning","rs","a"
"aloe barbadensis callus culture extract","https://www.thegoodscentscompany.com/data/ex1705581.html","/data/ex1705581.html","85507-69-3","antioxidants","ex","a"
"aloe barbadensis callus powder","https://www.thegoodscentscompany.com/data/rs1912651.html","/data/rs1912651.html","","antioxidants, skin protecting","rs","a"
"aloe barbadensis extract","https://www.thegoodscentscompany.com/data/ex1705591.html","/data/ex1705591.html","85507-69-3","cosmetic ingredient for skin conditioning","ex","a"
"aloe barbadensis flower extract","https://www.thegoodscentscompany.com/data/ex1601001.html","/data/ex1601001.html","85507-69-3","emollients, skin conditioning","ex","a"
"aloe barbadensis leaf","https://www.thegoodscentscompany.com/data/rs1061761.html","/data/rs1061761.html","8001-97-6","masking agents","rs","a"
"hydrolyzed aloe barbadensis leaf","https://www.thegoodscentscompany.com/data/rs1705601.html","/data/rs1705601.html","","cosmetic ingredient for skin and hair conditioning","rs","a"
"aloe barbadensis leaf extract","https://www.thegoodscentscompany.com/data/ex1385941.html","/data/ex1385941.html","94349-62-9","cosmetic and flavor agents, dietary supplements","ex","a"
"hydrolyzed aloe barbadensis leaf extract","https://www.thegoodscentscompany.com/data/ex1705611.html","/data/ex1705611.html","","cosmetic ingredient for skin conditioning","ex","a"
"aloe barbadensis leaf juice","https://www.thegoodscentscompany.com/data/fl1614321.html","/data/fl1614321.html","94349-62-9","cosmetic ingredient for skin conditioning","fl","a"
"hydrolyzed aloe barbadensis leaf juice","https://www.thegoodscentscompany.com/data/fl1705621.html","/data/fl1705621.html","","cosmetic ingredient for skin and hair conditioning","fl","a"
"aloe barbadensis leaf juice powder","https://www.thegoodscentscompany.com/data/fl1671131.html","/data/fl1671131.html","94349-62-9","cosmetic ingredient for skin conditioning","fl","a"
"aloe barbadensis leaf polysaccharides","https://www.thegoodscentscompany.com/data/rs1705631.html","/data/rs1705631.html","","emollients, film forming","rs","a"
"aloe barbadensis leaf powder","https://www.thegoodscentscompany.com/data/rs1705641.html","/data/rs1705641.html","85507-69-3","cosmetic ingredient for skin conditioning","rs","a"
"aloe barbadensis leaf water","https://www.thegoodscentscompany.com/data/es1617891.html","/data/es1617891.html","85507-69-3","cosmetic and fragrance agents","es","a"
"aloe barbadensis phytoplacenta extract","https://www.thegoodscentscompany.com/data/ex1705651.html","/data/ex1705651.html","","humectants, skin conditioning","ex","a"
"aloe barbadensis sprout","https://www.thegoodscentscompany.com/data/rs1705661.html","/data/rs1705661.html","","humectants, skin conditioning","rs","a"
"aloe capensis","https://www.thegoodscentscompany.com/data/rs1656841.html","/data/rs1656841.html","","flavoring agents, food additives","rs","a"
"aloe capensis extract","https://www.thegoodscentscompany.com/data/ex1385821.html","/data/ex1385821.html","100084-89-7","information only not used for fragrances or flavors","ex","a"
"aloe capensis oil","https://www.thegoodscentscompany.com/data/es1658621.html","/data/es1658621.html","100084-89-7","information only not used for fragrances or flavors","es","a"
"aloe capensis resin","https://www.thegoodscentscompany.com/data/rs1675861.html","/data/rs1675861.html","100084-89-7","information only not used for fragrances or flavors","rs","a"
"aloe capensis tincture","https://www.thegoodscentscompany.com/data/ex1675871.html","/data/ex1675871.html","100084-89-7","information only not used for fragrances or flavors","ex","a"
"aloe emodin","https://www.thegoodscentscompany.com/data/rw1665291.html","/data/rw1665291.html","481-72-1","natural substances and extractives","rw","a"
"aloe ferox leaf","https://www.thegoodscentscompany.com/data/rs1672511.html","/data/rs1672511.html","84649-82-1","food additive","rs","a"
"aloe ferox leaf extract","https://www.thegoodscentscompany.com/data/ex1385851.html","/data/ex1385851.html","84649-82-1","cosmetic and flavor agents","ex","a"
"aloe ferox leaf juice","https://www.thegoodscentscompany.com/data/fl1692271.html","/data/fl1692271.html","84649-82-1","cosmetic ingredient for skin conditioning","fl","a"
"aloe ferox leaf juice extract","https://www.thegoodscentscompany.com/data/ex1705671.html","/data/ex1705671.html","84649-82-1","cosmetic ingredient for skin conditioning","ex","a"
"aloe ferox leaf juice powder","https://www.thegoodscentscompany.com/data/fl1705681.html","/data/fl1705681.html","84649-82-1","cosmetic ingredient for skin conditioning","fl","a"
"aloe fragrance","https://www.thegoodscentscompany.com/data/fr1652331.html","/data/fr1652331.html","","fragranced products of all types","fr","a"
"aloe gum","https://www.thegoodscentscompany.com/data/rs1385841.html","/data/rs1385841.html","67479-27-0","information only not used for fragrances or flavors","rs","a"
"aloe lingua extract","https://www.thegoodscentscompany.com/data/ex1385831.html","/data/ex1385831.html","97926-09-5","information only not used for fragrances or flavors","ex","a"
"aloe maculata leaf extract","https://www.thegoodscentscompany.com/data/ex1692281.html","/data/ex1692281.html","","cosmetic ingredient for skin conditioning","ex","a"
"aloe marlothii extract","https://www.thegoodscentscompany.com/data/ex1385931.html","/data/ex1385931.html","97675-51-9","information only not used for fragrances or flavors","ex","a"
"aloe perryi extract","https://www.thegoodscentscompany.com/data/ex1385891.html","/data/ex1385891.html","90320-39-1","cosmetic and flavor agents","ex","a"
"aloe plicatilis extract","https://www.thegoodscentscompany.com/data/ex1385921.html","/data/ex1385921.html","94166-90-2","information only not used for fragrances or flavors","ex","a"
"aloe species resin","https://www.thegoodscentscompany.com/data/rs1546931.html","/data/rs1546931.html","84837-08-1","fragrance agents","rs","a"
"aloe spicata extract","https://www.thegoodscentscompany.com/data/ex1385901.html","/data/ex1385901.html","90320-40-4","flavoring agents","ex","a"
"aloe succotrina extract","https://www.thegoodscentscompany.com/data/ex1385911.html","/data/ex1385911.html","90320-41-5","information only not used for fragrances or flavors","ex","a"
"aloe vera flavor","https://www.thegoodscentscompany.com/data/fl1121461.html","/data/fl1121461.html","","flavored products of all types","fl","a"
"aloe vera fragrance","https://www.thegoodscentscompany.com/data/fr1007111.html","/data/fr1007111.html","","fragranced products of all types","fr","a"
"aloe vera leaf oil","https://www.thegoodscentscompany.com/data/vg1068771.html","/data/vg1068771.html","85507-69-3","cosmetic agents","vg","a"
"aloesol","https://www.thegoodscentscompany.com/data/rw1851091.html","/data/rw1851091.html","94356-35-1","natural substances and extractives","rw","a"
"aloin","https://www.thegoodscentscompany.com/data/rw1665301.html","/data/rw1665301.html","1415-73-2","natural substances and extractives","rw","a"
"aloinoside A","https://www.thegoodscentscompany.com/data/rw1892121.html","/data/rw1892121.html","56645-88-6","natural substances and extractives","rw","a"
"aloinoside B","https://www.thegoodscentscompany.com/data/rw1851611.html","/data/rw1851611.html","11006-91-0","natural substances and extractives","rw","a"
"alopecurus pratensis extract","https://www.thegoodscentscompany.com/data/ex1385951.html","/data/ex1385951.html","97659-49-9","information only not used for fragrances or flavors","ex","a"
"alpine bouquet fragrance","https://www.thegoodscentscompany.com/data/fr1114011.html","/data/fr1114011.html","","fragranced products of all types","fr","a"
"alpinia calcarata rhizome extract","https://www.thegoodscentscompany.com/data/ex1705701.html","/data/ex1705701.html","90132-03-9","cosmetic ingredient for skin conditioning","ex","a"
"alpinia calcarata rhizome/root extract","https://www.thegoodscentscompany.com/data/ex1705711.html","/data/ex1705711.html","90132-03-9","cosmetic ingredient for skin conditioning","ex","a"
"alpinia formosana leaf oil","https://www.thegoodscentscompany.com/data/es1911421.html","/data/es1911421.html","","cosmetic and fragrance agents","es","a"
"alpinia formosana leaf/stem water","https://www.thegoodscentscompany.com/data/ex1692301.html","/data/ex1692301.html","","antioxidants, skin conditioning","ex","a"
"alpinia formosana seed powder","https://www.thegoodscentscompany.com/data/rs1692311.html","/data/rs1692311.html","","emollients","rs","a"
"alpinia formosana seed water","https://www.thegoodscentscompany.com/data/ex1692321.html","/data/ex1692321.html","","emollients, skin conditioning","ex","a"
"alpinia galanga extract","https://www.thegoodscentscompany.com/data/ex1705721.html","/data/ex1705721.html","84625-26-3","cosmetic ingredient for skin conditioning","ex","a"
"alpinia galanga leaf extract","https://www.thegoodscentscompany.com/data/ex1692331.html","/data/ex1692331.html","84625-26-3","cosmetic ingredient for skin conditioning","ex","a"
"alpinia galanga oil","https://www.thegoodscentscompany.com/data/es1544231.html","/data/es1544231.html","84625-26-3","flavor and fragrance agents","es","a"
"alpinia galanga rhizome extract","https://www.thegoodscentscompany.com/data/ex1386311.html","/data/ex1386311.html","84625-26-3","cosmetic, flavor and fragrance agents","ex","a"
"alpinia galanga rhizome oil CO2 extract","https://www.thegoodscentscompany.com/data/es1668331.html","/data/es1668331.html","84625-26-3","flavor and fragrance agents","es","a"
"alpinia galanga root","https://www.thegoodscentscompany.com/data/rs1075021.html","/data/rs1075021.html","","information only not used for fragrances or flavors","rs","a"
"alpinia intermedia leaf/stem water","https://www.thegoodscentscompany.com/data/ex1692341.html","/data/ex1692341.html","","emollients, skin conditioning","ex","a"
"alpinia intermedia seed powder","https://www.thegoodscentscompany.com/data/rs1692351.html","/data/rs1692351.html","","emollients, skin conditioning","rs","a"
"alpinia intermedia seed water","https://www.thegoodscentscompany.com/data/ex1692361.html","/data/ex1692361.html","","emollients, skin conditioning","ex","a"
"alpinia japonica extract","https://www.thegoodscentscompany.com/data/ex1386351.html","/data/ex1386351.html","97593-05-0","information only not used for fragrances or flavors","ex","a"
"alpinia katsumadai fruit extract","https://www.thegoodscentscompany.com/data/ex1692371.html","/data/ex1692371.html","","cosmetic ingredient for skin conditioning","ex","a"
"alpinia katsumadai seed extract","https://www.thegoodscentscompany.com/data/ex1692381.html","/data/ex1692381.html","","cosmetic ingredient for skin conditioning","ex","a"
"alpinia nigra extract","https://www.thegoodscentscompany.com/data/ex1386321.html","/data/ex1386321.html","91770-99-9","cosmetic agents","ex","a"
"alpinia nigra root powder","https://www.thegoodscentscompany.com/data/rs1692391.html","/data/rs1692391.html","91770-99-9","humectants, skin conditioning","rs","a"
"alpinia officinarum leaf extract","https://www.thegoodscentscompany.com/data/ex1692401.html","/data/ex1692401.html","90320-42-6","cosmetic ingredient for skin conditioning","ex","a"
"alpinia officinarum root extract","https://www.thegoodscentscompany.com/data/ex1022041.html","/data/ex1022041.html","90320-42-6","cosmetic, flavor and fragrance agents","ex","a"
"alpinia officinarum root tincture","https://www.thegoodscentscompany.com/data/ex1673511.html","/data/ex1673511.html","90320-42-6","flavor and fragrance agents","ex","a"
"alpinia officinarum root water","https://www.thegoodscentscompany.com/data/ex1692411.html","/data/ex1692411.html","90320-42-6","cosmetic ingredient for skin conditioning","ex","a"
"alpinia oxyphylla seed extract","https://www.thegoodscentscompany.com/data/ex1663141.html","/data/ex1663141.html","","cosmetic ingredient for skin conditioning","ex","a"
"alpinia speciosa flower/leaf/seed/stem extract","https://www.thegoodscentscompany.com/data/ex1705731.html","/data/ex1705731.html","","antioxidants and preservatives","ex","a"
"alpinia speciosa flower/leaf/stem water","https://www.thegoodscentscompany.com/data/ex1705741.html","/data/ex1705741.html","","antimicrobial, skin conditioning","ex","a"
"alpinia speciosa leaf extract","https://www.thegoodscentscompany.com/data/ex1689421.html","/data/ex1689421.html","","cosmetic ingredient for skin conditioning","ex","a"
"alpinia speciosa leaf oil","https://www.thegoodscentscompany.com/data/es1705751.html","/data/es1705751.html","","hair conditioning, humectants, skin conditioning","es","a"
"alpinia speciosa leaf water","https://www.thegoodscentscompany.com/data/ex1705761.html","/data/ex1705761.html","","antimicrobial agents","ex","a"
"alpinia speciosa leaf/stem ferment","https://www.thegoodscentscompany.com/data/ex1705771.html","/data/ex1705771.html","","antioxidants and preservatives","ex","a"
"alpinia uraiensis leaf extract","https://www.thegoodscentscompany.com/data/ex1692421.html","/data/ex1692421.html","","cosmetic ingredient for skin conditioning","ex","a"
"alpinia uraiensis leaf oil","https://www.thegoodscentscompany.com/data/es1687861.html","/data/es1687861.html","","flavor and fragrance agents","es","a"
"alpinia uraiensis leaf water","https://www.thegoodscentscompany.com/data/ex1705781.html","/data/ex1705781.html","","humectants","ex","a"
"alpinia uraiensis stalk/leaf water","https://www.thegoodscentscompany.com/data/ex1705791.html","/data/ex1705791.html","","antioxidants","ex","a"
"hydrolyzed alpinia zerumbet","https://www.thegoodscentscompany.com/data/rs1705801.html","/data/rs1705801.html","","cosmetic ingredient for skin conditioning","rs","a"
"alpinia zerumbet leaf/stem water","https://www.thegoodscentscompany.com/data/ex1705811.html","/data/ex1705811.html","770734-37-7","emollients, skin conditioning","ex","a"
"alpinia zerumbet oil","https://www.thegoodscentscompany.com/data/es1612591.html","/data/es1612591.html","770734-37-7","fragrance agents","es","a"
"alpinia zerumbet seed powder","https://www.thegoodscentscompany.com/data/rs1705821.html","/data/rs1705821.html","770734-37-7","cleansing, skin conditioning","rs","a"
"alpinia zerumbet seed water","https://www.thegoodscentscompany.com/data/ex1705831.html","/data/ex1705831.html","770734-37-7","emollients, skin conditioning","ex","a"
"alpinone","https://www.thegoodscentscompany.com/data/rw1402181.html","/data/rw1402181.html","480-13-7","natural substances and extractives","rw","a"
"alsidum helminthocorton extract","https://www.thegoodscentscompany.com/data/ex1692431.html","/data/ex1692431.html","","cosmetic ingredient for skin conditioning","ex","a"
"alstonia constricta extract","https://www.thegoodscentscompany.com/data/ex1386361.html","/data/ex1386361.html","90320-43-7","information only not used for fragrances or flavors","ex","a"
"alstonia scholaris bark extract","https://www.thegoodscentscompany.com/data/ex1705841.html","/data/ex1705841.html","91745-20-9","buffering agents","ex","a"
"alstonia scholaris extract","https://www.thegoodscentscompany.com/data/ex1386371.html","/data/ex1386371.html","91745-20-9","information only not used for fragrances or flavors","ex","a"
"alternanthera sessilis extract","https://www.thegoodscentscompany.com/data/ex1705851.html","/data/ex1705851.html","","antimicrobial, antiseborrhoeic agents","ex","a"
"alternanthera sessilis oil","https://www.thegoodscentscompany.com/data/es1705861.html","/data/es1705861.html","","cosmetic ingredient for hair conditioning","es","a"
"alternariol","https://www.thegoodscentscompany.com/data/rw1701901.html","/data/rw1701901.html","641-38-3","toxic natural substances","rw","a"
"alteromonas ferment extract","https://www.thegoodscentscompany.com/data/ex1705871.html","/data/ex1705871.html","","cosmetic ingredient for skin conditioning","ex","a"
"pseudo alteromonas ferment extract","https://www.thegoodscentscompany.com/data/ex1661911.html","/data/ex1661911.html","","humectants","ex","a"
"alteromonas ferment filtrate","https://www.thegoodscentscompany.com/data/ex1705881.html","/data/ex1705881.html","","humectants","ex","a"
"althaea officinalis callus culture extract","https://www.thegoodscentscompany.com/data/ex1705891.html","/data/ex1705891.html","73049-65-7","antioxidants, hair conditioning, humectants","ex","a"
"althaea officinalis herb tincture","https://www.thegoodscentscompany.com/data/ex1677481.html","/data/ex1677481.html","73049-65-7","information only not used for fragrances or flavors","ex","a"
"althaea officinalis leaf","https://www.thegoodscentscompany.com/data/rs1059541.html","/data/rs1059541.html","73049-65-7","information only not used for fragrances or flavors","rs","a"
"althaea officinalis leaf extract","https://www.thegoodscentscompany.com/data/ex1617461.html","/data/ex1617461.html","73049-65-7","cosmetic ingredient for skin conditioning","ex","a"
"althaea officinalis leaf tincture","https://www.thegoodscentscompany.com/data/ex1677471.html","/data/ex1677471.html","73049-65-7","information only not used for fragrances or flavors","ex","a"
"althaea officinalis leaf/root extract","https://www.thegoodscentscompany.com/data/ex1705901.html","/data/ex1705901.html","73049-65-7","emollients","ex","a"
"althaea officinalis root","https://www.thegoodscentscompany.com/data/rs1005001.html","/data/rs1005001.html","73049-65-7","substances used in conjunction with flavors","rs","a"
"althaea officinalis root extract","https://www.thegoodscentscompany.com/data/ex1090761.html","/data/ex1090761.html","73049-65-7","cosmetic and flavor agents","ex","a"
"althaea officinalis root tincture","https://www.thegoodscentscompany.com/data/ex1673821.html","/data/ex1673821.html","73049-65-7","flavoring agents","ex","a"
"althaea rosea callus culture extract","https://www.thegoodscentscompany.com/data/ex1692441.html","/data/ex1692441.html","90045-76-4","cosmetic ingredient for skin conditioning","ex","a"
"althaea rosea flower extract","https://www.thegoodscentscompany.com/data/ex1360921.html","/data/ex1360921.html","90045-76-4","cosmetic ingredient for skin conditioning","ex","a"
"althaea rosea flower water","https://www.thegoodscentscompany.com/data/es1685351.html","/data/es1685351.html","90045-76-4","cosmetic ingredient for skin conditioning","es","a"
"althaea rosea nigra extract","https://www.thegoodscentscompany.com/data/ex1395871.html","/data/ex1395871.html","97926-66-4","information only not used for fragrances or flavors","ex","a"
"althaea rosea root extract","https://www.thegoodscentscompany.com/data/ex1660381.html","/data/ex1660381.html","90045-76-4","humectants","ex","a"
"althea flowers","https://www.thegoodscentscompany.com/data/rs1038861.html","/data/rs1038861.html","977052-71-3","substances used in conjunction with flavors","rs","a"
"dextro- altrose (mixture of anomers)","https://www.thegoodscentscompany.com/data/rw1233641.html","/data/rw1233641.html","1990-29-0","natural substances and extractives","rw","a"
"alum (double sulfate Al and NH4, K, OR Na)","https://www.thegoodscentscompany.com/data/rw1608301.html","/data/rw1608301.html","977007-61-6","substances for use only as components of adhesives for food packaging, transporting, or holding food","rw","a"
"aluminium phosphide","https://www.thegoodscentscompany.com/data/rw1093881.html","/data/rw1093881.html","20859-73-8","herbicides / pesticides","rw","a"
"aluminum acetate","https://www.thegoodscentscompany.com/data/rw1345461.html","/data/rw1345461.html","139-12-8","indirect food additives: adhesives and components of coatings","rw","a"
"aluminum acetate basic","https://www.thegoodscentscompany.com/data/rw1218701.html","/data/rw1218701.html","142-03-0","antimicrobial agents","rw","a"
"aluminum acetate solution","https://www.thegoodscentscompany.com/data/rw1705931.html","/data/rw1705931.html","139-12-8","astringents","rw","a"
"aluminum ammonium sulfate","https://www.thegoodscentscompany.com/data/rw1352351.html","/data/rw1352351.html","7784-25-0","buffering agents, neutralizing agents, color fixatives","rw","a"
"aluminum ammonium sulfate dodecahydrate","https://www.thegoodscentscompany.com/data/rw1218721.html","/data/rw1218721.html","7784-26-1","multiple purpose GRAS food substances","rw","a"
"aluminum borate","https://www.thegoodscentscompany.com/data/rw1343561.html","/data/rw1343561.html","11121-16-7","indirect food additives: adhesives and components of coatings","rw","a"
"aluminum calcium silicate","https://www.thegoodscentscompany.com/data/rw1584451.html","/data/rw1584451.html","1327-39-5","processing aids, anticaking agents","rw","a"
"aluminum calcium sodium silicate","https://www.thegoodscentscompany.com/data/rw1611171.html","/data/rw1611171.html","1344-01-0","anticaking agents","rw","a"
"aluminum capryloyl hydrolyzed collagen","https://www.thegoodscentscompany.com/data/rw1692451.html","/data/rw1692451.html","165800-56-6","cosmetic agents","rw","a"
"aluminum chloride","https://www.thegoodscentscompany.com/data/rw1218781.html","/data/rw1218781.html","7446-70-0","food additive, dietary supplements","rw","a"
"aluminum chloride hexahydrate","https://www.thegoodscentscompany.com/data/rw1218761.html","/data/rw1218761.html","7784-13-6","information only not used for fragrances or flavors","rw","a"
"aluminum citrate","https://www.thegoodscentscompany.com/data/rw1099021.html","/data/rw1099021.html","31142-56-0","cosmetic agents","rw","a"
"aluminum cobalt oxide","https://www.thegoodscentscompany.com/data/rw1098901.html","/data/rw1098901.html","1333-88-6","indirect food additives: paper and paperboard components","rw","a"
"aluminum decanoate","https://www.thegoodscentscompany.com/data/rw1409441.html","/data/rw1409441.html","22620-93-5","multipurpose additives","rw","a"
"aluminum decyloxide","https://www.thegoodscentscompany.com/data/rw1409961.html","/data/rw1409961.html","26303-54-8","information only not used for fragrances or flavors","rw","a"
"aluminum hydroxide hydrate","https://www.thegoodscentscompany.com/data/rw1218841.html","/data/rw1218841.html","21645-51-2","substances for use only as components of adhesives for food packaging, transporting, or holding food","rw","a"
"aluminum hydroxide oxide","https://www.thegoodscentscompany.com/data/rw1538901.html","/data/rw1538901.html","11139-78-9","cosmetic agents","rw","a"
"aluminum hydroxy bis-methylene bis-di-t-butylphenyl phosphate","https://www.thegoodscentscompany.com/data/rw1692461.html","/data/rw1692461.html","151841-65-5","cosmetic ingredient for skin conditioning","rw","a"
"aluminum iron calcium magnesium germanium silicates","https://www.thegoodscentscompany.com/data/rw1705991.html","/data/rw1705991.html","","antimicrobial, antioxidants agents","rw","a"
"aluminum iron calcium magnesium zirconium silicates","https://www.thegoodscentscompany.com/data/rw1706001.html","/data/rw1706001.html","","bulking agents","rw","a"
"aluminum iron silicates","https://www.thegoodscentscompany.com/data/rw1706011.html","/data/rw1706011.html","","abrasives, bulking agents","rw","a"
"aluminum isopropoxide","https://www.thegoodscentscompany.com/data/rw1218861.html","/data/rw1218861.html","555-31-7","abrasives","rw","a"
"aluminum isostearate","https://www.thegoodscentscompany.com/data/rw1706021.html","/data/rw1706021.html","72277-75-9","cosmetic agents","rw","a"
"aluminum isostearates/laurates/palmitates","https://www.thegoodscentscompany.com/data/rw1706031.html","/data/rw1706031.html","","cosmetic agents","rw","a"
"aluminum isostearates/laurates/stearates","https://www.thegoodscentscompany.com/data/rw1706041.html","/data/rw1706041.html","","cosmetic agents","rw","a"
"aluminum isostearates/myristates","https://www.thegoodscentscompany.com/data/rw1706051.html","/data/rw1706051.html","","cosmetic agents","rw","a"
"aluminum isostearates/palmitates","https://www.thegoodscentscompany.com/data/rw1706061.html","/data/rw1706061.html","","cosmetic agents","rw","a"
"aluminum isostearates/stearates","https://www.thegoodscentscompany.com/data/rw1706071.html","/data/rw1706071.html","","cosmetic agents","rw","a"
"aluminum isostearyl glyceryl phosphate","https://www.thegoodscentscompany.com/data/rw1706081.html","/data/rw1706081.html","","viscosity controlling agents","rw","a"
"aluminum lactate","https://www.thegoodscentscompany.com/data/rw1361011.html","/data/rw1361011.html","18917-91-4","cosmetic agents","rw","a"
"aluminum lakes of colouring matters","https://www.thegoodscentscompany.com/data/rw1609461.html","/data/rw1609461.html","","coloring agents","rw","a"
"aluminum laurate","https://www.thegoodscentscompany.com/data/rw1410121.html","/data/rw1410121.html","7230-93-5","multipurpose additives","rw","a"
"aluminum myristate","https://www.thegoodscentscompany.com/data/rw1099371.html","/data/rw1099371.html","4040-50-0","multipurpose additives","rw","a"
"aluminum myristates/palmitates","https://www.thegoodscentscompany.com/data/rw1706091.html","/data/rw1706091.html","","cosmetic agents","rw","a"
"aluminum nicotinate","https://www.thegoodscentscompany.com/data/rw1410141.html","/data/rw1410141.html","1976-28-9","special dietary and nutritional additives","rw","a"
"aluminum nitrate","https://www.thegoodscentscompany.com/data/rw1345041.html","/data/rw1345041.html","13473-90-0","information only not used for fragrances or flavors","rw","a"
"aluminum nitrate nonahydrate","https://www.thegoodscentscompany.com/data/rw1218881.html","/data/rw1218881.html","7784-27-2","information only not used for fragrances or flavors","rw","a"
"aluminum octanoate","https://www.thegoodscentscompany.com/data/rw1360951.html","/data/rw1360951.html","6028-57-5","multipurpose additives","rw","a"
"aluminum oleate","https://www.thegoodscentscompany.com/data/rw1410151.html","/data/rw1410151.html","688-37-9","multipurpose additives","rw","a"
"aluminum oxide","https://www.thegoodscentscompany.com/data/rw1218901.html","/data/rw1218901.html","1344-28-1","cosmetic agents","rw","a"
"aluminum palmitate","https://www.thegoodscentscompany.com/data/rw1410161.html","/data/rw1410161.html","555-35-1","multipurpose additives","rw","a"
"aluminum potassium silicate(1:1:1)","https://www.thegoodscentscompany.com/data/rw1409781.html","/data/rw1409781.html","12003-49-5","indirect food additives: adhesives and components of coatings","rw","a"
"aluminum potassium sulfate","https://www.thegoodscentscompany.com/data/rw1342931.html","/data/rw1342931.html","10043-67-1","acidity regulators, firming agents, raising agents","rw","a"
"aluminum potassium sulfate dodecahydrate","https://www.thegoodscentscompany.com/data/rw1218941.html","/data/rw1218941.html","7784-24-9","acidity regulators, firming agents, raising agents","rw","a"
"aluminum powder","https://www.thegoodscentscompany.com/data/rw1219031.html","/data/rw1219031.html","7429-90-5","coloring agents (for surface only)","rw","a"
"aluminum salts of fatty acids","https://www.thegoodscentscompany.com/data/rw1608311.html","/data/rw1608311.html","977089-51-2","multipurpose additives","rw","a"
"aluminum sebacate (3:2)","https://www.thegoodscentscompany.com/data/rw1409851.html","/data/rw1409851.html","5505-62-4","information only not used for fragrances or flavors","rw","a"
"aluminum sodium oxide","https://www.thegoodscentscompany.com/data/rw1837601.html","/data/rw1837601.html","11138-49-1","indirect food additives: adhesives and components of coatings","rw","a"
"aluminum sodium sulfate (AlNa(SO4)2)","https://www.thegoodscentscompany.com/data/rw1343021.html","/data/rw1343021.html","10102-71-3","buffering agents and neutralizing agents","rw","a"
"aluminum sodium sulfate dodecahydrate","https://www.thegoodscentscompany.com/data/rw1352361.html","/data/rw1352361.html","7784-28-3","multiple purpose GRAS food substances","rw","a"
"aluminum monostearate","https://www.thegoodscentscompany.com/data/rw1351581.html","/data/rw1351581.html","7047-84-9","multipurpose additives","rw","a"
"aluminum stearoyl glutamate","https://www.thegoodscentscompany.com/data/rw1706131.html","/data/rw1706131.html","","moisturising agents","rw","a"
"aluminum sucrose octasulfate","https://www.thegoodscentscompany.com/data/rw1692471.html","/data/rw1692471.html","54182-58-0","cosmetic agents","rw","a"
"aluminum sulfate anhydrous","https://www.thegoodscentscompany.com/data/rw1218971.html","/data/rw1218971.html","10043-01-3","firming agents","rw","a"
"aluminum sulfate hexadecahydrate","https://www.thegoodscentscompany.com/data/rw1346391.html","/data/rw1346391.html","16828-11-8","information only not used for fragrances or flavors","rw","a"
"aluminum sulfate hydrate","https://www.thegoodscentscompany.com/data/rw1218951.html","/data/rw1218951.html","17927-65-0","information only not used for fragrances or flavors","rw","a"
"aluminum trilinoleate","https://www.thegoodscentscompany.com/data/rw1410131.html","/data/rw1410131.html","645-17-0","information only not used for fragrances or flavors","rw","a"
"aluminum tristearate","https://www.thegoodscentscompany.com/data/rw1099461.html","/data/rw1099461.html","637-12-7","cosmetic agents","rw","a"
"aluminum undecylenoyl collagen amino acids","https://www.thegoodscentscompany.com/data/rw1692481.html","/data/rw1692481.html","162260-09-5","antistatic, hair conditioning, skin conditioning","rw","a"
"aluminum zinc oxide","https://www.thegoodscentscompany.com/data/rw1706151.html","/data/rw1706151.html","12068-53-0","binding, bulking agents","rw","a"
"aluminum zirconium octachlorohydrate","https://www.thegoodscentscompany.com/data/rw1361071.html","/data/rw1361071.html","98106-55-9","antiperspirant, astringent agents","rw","a"
"aluminum zirconium octachlorohydrex gly","https://www.thegoodscentscompany.com/data/rw1361081.html","/data/rw1361081.html","90604-80-1","antiperspirant, astringent agents","rw","a"
"aluminum zirconium pentachlorohydrate","https://www.thegoodscentscompany.com/data/rw1361091.html","/data/rw1361091.html","98106-54-8","antiperspirant, astringent agents","rw","a"
"aluminum zirconium pentachlorohydrex gly","https://www.thegoodscentscompany.com/data/rw1706161.html","/data/rw1706161.html","125913-22-6","antiperspirant, astringent agents","rw","a"
"aluminum zirconium tetrachlorohydrate","https://www.thegoodscentscompany.com/data/rw1361101.html","/data/rw1361101.html","98106-52-6","antiperspirant, astringent agents","rw","a"
"aluminum zirconium tetrachlorohydrex gly","https://www.thegoodscentscompany.com/data/rw1706171.html","/data/rw1706171.html","134910-86-4","antiperspirant, astringent agents","rw","a"
"aluminum zirconium tetrachlorohydrex peg","https://www.thegoodscentscompany.com/data/rw1686041.html","/data/rw1686041.html","246867-10-7","deodorant agents","rw","a"
"aluminum zirconium tetrachlorohydrex PG","https://www.thegoodscentscompany.com/data/rw1706181.html","/data/rw1706181.html","235433-35-9","deodorants","rw","a"
"aluminum zirconium trichlorohydrate","https://www.thegoodscentscompany.com/data/rw1706191.html","/data/rw1706191.html","98106-53-7","antiperspirant, astringent agents","rw","a"
"aluminum zirconium trichlorohydrex gly","https://www.thegoodscentscompany.com/data/rw1706201.html","/data/rw1706201.html","134375-99-8","antiperspirant, astringent agents","rw","a"
"aluminum/magnesium hydroxide stearate","https://www.thegoodscentscompany.com/data/rw1706211.html","/data/rw1706211.html","","emulsion stabilising, viscosity controlling agents","rw","a"
"alysicarpus vaginalis extract","https://www.thegoodscentscompany.com/data/ex1692511.html","/data/ex1692511.html","","cosmetic ingredient for skin conditioning","ex","a"
"alyxia oliviformis absolute","https://www.thegoodscentscompany.com/data/ab1671301.html","/data/ab1671301.html","","fragrance agents","ab","a"
"amanita caesarea extract","https://www.thegoodscentscompany.com/data/ex1386411.html","/data/ex1386411.html","93164-83-1","information only not used for fragrances or flavors","ex","a"
"amanita muscaria extract","https://www.thegoodscentscompany.com/data/ex1386391.html","/data/ex1386391.html","91745-21-0","information only not used for fragrances or flavors","ex","a"
"amanita phalloides extract","https://www.thegoodscentscompany.com/data/ex1386401.html","/data/ex1386401.html","93455-69-7","information only not used for fragrances or flavors","ex","a"
"amaracus dictamnus extract","https://www.thegoodscentscompany.com/data/ex1392331.html","/data/ex1392331.html","90320-44-8","information only not used for fragrances or flavors","ex","a"
"amaranth (c.i. 16185 (Na))","https://www.thegoodscentscompany.com/data/rw1131781.html","/data/rw1131781.html","915-67-3","coloring agents","rw","a"
"hydrolyzed amaranth protein","https://www.thegoodscentscompany.com/data/rs1706221.html","/data/rs1706221.html","","cosmetic ingredient for skin conditioning","rs","a"
"amaranthus caudatus extract","https://www.thegoodscentscompany.com/data/ex1692491.html","/data/ex1692491.html","223747-79-3","cosmetic ingredient for skin conditioning","ex","a"
"amaranthus caudatus seed extract","https://www.thegoodscentscompany.com/data/ex1075031.html","/data/ex1075031.html","223747-79-3","cosmetic agents, dietary supplements","ex","a"
"amaranthus caudatus seed oil","https://www.thegoodscentscompany.com/data/vg1692501.html","/data/vg1692501.html","223747-79-3","emollients, skin conditioning","vg","a"
"amaranthus caudatus seed oil CO2 extract","https://www.thegoodscentscompany.com/data/vg1668291.html","/data/vg1668291.html","223747-79-3","cosmetic agents","vg","a"
"amaranthus hypochondriacus seed extract","https://www.thegoodscentscompany.com/data/ex1386421.html","/data/ex1386421.html","90320-45-9","antioxidant, emollients, skin conditioning","ex","a"
"amaranthus hypochondriacus seed oil","https://www.thegoodscentscompany.com/data/vg1660941.html","/data/vg1660941.html","90320-45-9","emollients, skin conditioning","vg","a"
"amaranthus mangostanus extract","https://www.thegoodscentscompany.com/data/ex1692521.html","/data/ex1692521.html","","cosmetic ingredient for skin conditioning","ex","a"
"amaranthus spinosus seed oil","https://www.thegoodscentscompany.com/data/vg1913761.html","/data/vg1913761.html","","cosmetic ingredient for skin conditioning","vg","a"
"amaranthussaponin I","https://www.thegoodscentscompany.com/data/rw1890731.html","/data/rw1890731.html","139742-09-9","natural substances and extractives","rw","a"
"amaranthussaponin II","https://www.thegoodscentscompany.com/data/rw1891601.html","/data/rw1891601.html","139742-10-2","natural substances and extractives","rw","a"
"amaranthussaponin III","https://www.thegoodscentscompany.com/data/rw1890671.html","/data/rw1890671.html","139742-11-3","natural substances and extractives","rw","a"
"amaranthussaponin IV","https://www.thegoodscentscompany.com/data/rw1891561.html","/data/rw1891561.html","139742-12-4","natural substances and extractives","rw","a"
"amaretto cappuccino flavor","https://www.thegoodscentscompany.com/data/fl1638031.html","/data/fl1638031.html","","flavored products of all types","fl","a"
"amaretto coffee fragrance","https://www.thegoodscentscompany.com/data/fr1006141.html","/data/fr1006141.html","","fragranced products of all types","fr","a"
"amaretto cream flavor","https://www.thegoodscentscompany.com/data/fl1649971.html","/data/fl1649971.html","","flavored products of all types","fl","a"
"amaretto extract","https://www.thegoodscentscompany.com/data/ex1127511.html","/data/ex1127511.html","","flavoring agents","ex","a"
"amaretto flavor","https://www.thegoodscentscompany.com/data/fl1598231.html","/data/fl1598231.html","","flavored products of all types","fl","a"
"amaretto mochaccino flavor","https://www.thegoodscentscompany.com/data/fl1702771.html","/data/fl1702771.html","","flavored products of all types","fl","a"
"amaro flavor","https://www.thegoodscentscompany.com/data/fl1121731.html","/data/fl1121731.html","","flavored products of all types","fl","a"
"amarogentin","https://www.thegoodscentscompany.com/data/rw1596721.html","/data/rw1596721.html","21018-84-8","flavoring agents","rw","a"
"amaryllis belladonna extract","https://www.thegoodscentscompany.com/data/ex1388391.html","/data/ex1388391.html","92346-83-3","information only not used for fragrances or flavors","ex","a"
"amaryllis fragrance","https://www.thegoodscentscompany.com/data/fr1084441.html","/data/fr1084441.html","","fragranced products of all types","fr","a"
"amazon nut flavor","https://www.thegoodscentscompany.com/data/fl1638041.html","/data/fl1638041.html","","flavored products of all types","fl","a"
"amber","https://www.thegoodscentscompany.com/data/rs1675881.html","/data/rs1675881.html","8002-67-3","fragrance agents","rs","a"
"amber acetate","https://www.thegoodscentscompany.com/data/rw1052371.html","/data/rw1052371.html","37172-02-4","fragrance agents","rw","a"
"amber butanol","https://www.thegoodscentscompany.com/data/rw1100881.html","/data/rw1100881.html","139504-68-0","fragrance agents","rw","a"
"amber carane","https://www.thegoodscentscompany.com/data/rw1096571.html","/data/rw1096571.html","121251-68-1","fragrance agents","rw","a"
"amber carbinol","https://www.thegoodscentscompany.com/data/rw1007661.html","/data/rw1007661.html","87118-95-4","fragrance agents","rw","a"
"amber cosmetic color","https://www.thegoodscentscompany.com/data/rw1647791.html","/data/rw1647791.html","","coloring agents (for surface only)","rw","a"
"amber cyclohexanol","https://www.thegoodscentscompany.com/data/rw1007201.html","/data/rw1007201.html","37172-05-7","fragrance agents","rw","a"
"amber decane","https://www.thegoodscentscompany.com/data/rw1016091.html","/data/rw1016091.html","58567-11-6","fragrance agents","rw","a"
"amber decatriene","https://www.thegoodscentscompany.com/data/rw1000961.html","/data/rw1000961.html","144020-22-4","fragrance agents","rw","a"
"amber dioxane","https://www.thegoodscentscompany.com/data/rw1038591.html","/data/rw1038591.html","117933-89-8","fragrance agents","rw","a"
"amber dioxepine","https://www.thegoodscentscompany.com/data/rw1031111.html","/data/rw1031111.html","53338-05-9","fragrance agents","rw","a"
"amber dodecane","https://www.thegoodscentscompany.com/data/rw1024491.html","/data/rw1024491.html","37514-30-0","fragrance agents","rw","a"
"amber extract","https://www.thegoodscentscompany.com/data/ex1692531.html","/data/ex1692531.html","","cosmetic and fragrance agents","ex","a"
"amber floral fragrance","https://www.thegoodscentscompany.com/data/fr1071711.html","/data/fr1071711.html","","fragranced products of all types","fr","a"
"amber formate","https://www.thegoodscentscompany.com/data/rw1015231.html","/data/rw1015231.html","65405-72-3","fragrance agents","rw","a"
"amber fragrance","https://www.thegoodscentscompany.com/data/fr1113381.html","/data/fr1113381.html","","fragranced products of all types","fr","a"
"sports amber fragrance","https://www.thegoodscentscompany.com/data/fr1112741.html","/data/fr1112741.html","","fragranced products of all types","fr","a"
"amber furan","https://www.thegoodscentscompany.com/data/rw1023391.html","/data/rw1023391.html","68611-23-4","fragrance agents","rw","a"
"amber naphthofuran","https://www.thegoodscentscompany.com/data/rw1005291.html","/data/rw1005291.html","3738-00-9","flavor and fragrance agents","rw","a"
"amber nutmeg fragrance","https://www.thegoodscentscompany.com/data/fr1671161.html","/data/fr1671161.html","","fragranced products of all types","fr","a"
"amber oil","https://www.thegoodscentscompany.com/data/es1067561.html","/data/es1067561.html","8002-67-3","fragrance agents","es","a"
"amber oil CO2 extract","https://www.thegoodscentscompany.com/data/es1670371.html","/data/es1670371.html","8002-67-3","fragrance agents","es","a"
"amber oxepin","https://www.thegoodscentscompany.com/data/rw1547611.html","/data/rw1547611.html","57345-19-4","fragrance agents","rw","a"
"amber pentadecane","https://www.thegoodscentscompany.com/data/rw1023251.html","/data/rw1023251.html","42824-62-4","fragrance agents","rw","a"
"amber powder","https://www.thegoodscentscompany.com/data/rs1706231.html","/data/rs1706231.html","9000-02-6","deodorants","rs","a"
"amber powdery floral fragrance","https://www.thegoodscentscompany.com/data/fr1003101.html","/data/fr1003101.html","","fragranced products of all types","fr","a"
"amber romance fragrance","https://www.thegoodscentscompany.com/data/fr1009741.html","/data/fr1009741.html","","fragranced products of all types","fr","a"
"amber specialty","https://www.thegoodscentscompany.com/data/pb1114121.html","/data/pb1114121.html","","fragrance agents","pb","a"
"amber spirolene","https://www.thegoodscentscompany.com/data/rw1547811.html","/data/rw1547811.html","154171-77-4","fragrance agents","rw","a"
"amber woody specialty","https://www.thegoodscentscompany.com/data/pb1114361.html","/data/pb1114361.html","","fragrance agents","pb","a"
"ambergris extract","https://www.thegoodscentscompany.com/data/ex1546941.html","/data/ex1546941.html","84836-94-2","flavor and fragrance agents","ex","a"
"ambergris fragrance","https://www.thegoodscentscompany.com/data/fr1539181.html","/data/fr1539181.html","","fragranced products of all types","fr","a"
"ambergris naphthol","https://www.thegoodscentscompany.com/data/rw1039181.html","/data/rw1039181.html","41199-19-3","fragrance agents","rw","a"
"ambergris natural","https://www.thegoodscentscompany.com/data/rs1119101.html","/data/rs1119101.html","8038-65-1","fragrance agents","rs","a"
"ambergris specialty","https://www.thegoodscentscompany.com/data/pb1005171.html","/data/pb1005171.html","","fragrance agents","pb","a"
"ambergris tincture","https://www.thegoodscentscompany.com/data/ex1010331.html","/data/ex1010331.html","8038-65-1","flavor and fragrance agents","ex","a"
"ambergris tincture replacer","https://www.thegoodscentscompany.com/data/ex1000571.html","/data/ex1000571.html","","fragrance agents","ex","a"
"ambermax 50 (Givaudan)","https://www.thegoodscentscompany.com/data/rw1687381.html","/data/rw1687381.html","929625-08-1","fragrance agents","rw","a"
"ambolic acid","https://www.thegoodscentscompany.com/data/rw1851101.html","/data/rw1851101.html","13878-93-8","natural substances and extractives","rw","a"
"ambonic acid","https://www.thegoodscentscompany.com/data/rw1852851.html","/data/rw1852851.html","17984-17-7","natural substances and extractives","rw","a"
"ambrain","https://www.thegoodscentscompany.com/data/rs1058931.html","/data/rs1058931.html","8016-26-0","fragrance agents","rs","a"
"ambrein","https://www.thegoodscentscompany.com/data/rw1429691.html","/data/rw1429691.html","473-03-0","cosmetic and fragrance agents","rw","a"
"ambreine fragrance","https://www.thegoodscentscompany.com/data/fr1541971.html","/data/fr1541971.html","","fragrance agents","fr","a"
"ambreine specialty","https://www.thegoodscentscompany.com/data/pb1375261.html","/data/pb1375261.html","","fragrance agents","pb","a"
"ambrene acetal","https://www.thegoodscentscompany.com/data/rw1023231.html","/data/rw1023231.html","42604-12-6","fragrance agents","rw","a"
"ambrene specialty","https://www.thegoodscentscompany.com/data/pb1060911.html","/data/pb1060911.html","","fragrance agents","pb","a"
"ambrette seed","https://www.thegoodscentscompany.com/data/rs1038871.html","/data/rs1038871.html","977052-20-2","spices, other natural seasonings and flavorings","rs","a"
"ambrette seed absolute","https://www.thegoodscentscompany.com/data/ab1029391.html","/data/ab1029391.html","84455-19-6","flavor and fragrance agents","ab","a"
"ambrette seed concrete","https://www.thegoodscentscompany.com/data/co1067571.html","/data/co1067571.html","","fragranced products of all types","co","a"
"ambrette seed oil","https://www.thegoodscentscompany.com/data/es1024691.html","/data/es1024691.html","8015-62-1","flavor and fragrance agents","es","a"
"ambrette seed oil CO2 extract","https://www.thegoodscentscompany.com/data/es1052601.html","/data/es1052601.html","8015-62-1","flavor and fragrance agents","es","a"
"ambrette seed oil replacer","https://www.thegoodscentscompany.com/data/es1057471.html","/data/es1057471.html","","fragrance agents","es","a"
"ambrette seed resinoid","https://www.thegoodscentscompany.com/data/rs1092761.html","/data/rs1092761.html","84455-19-6","fragrance agents","rs","a"
"ambrette seed tincture","https://www.thegoodscentscompany.com/data/ex1005181.html","/data/ex1005181.html","977017-78-9","flavor and fragrance agents","ex","a"
"ambrettolic acid","https://www.thegoodscentscompany.com/data/rw1010401.html","/data/rw1010401.html","506-14-9","natural substances and extractives","rw","a"
"ambrettolide","https://www.thegoodscentscompany.com/data/rw1451741.html","/data/rw1451741.html","7779-50-2","flavor and fragrance agents","rw","a"
"(Z)- ambrettolide","https://www.thegoodscentscompany.com/data/rw1399741.html","/data/rw1399741.html","123-69-3","flavor and fragrance agents","rw","a"
"(Z)-iso ambrettolide","https://www.thegoodscentscompany.com/data/rw1537431.html","/data/rw1537431.html","36508-31-3","fragrance agents","rw","a"
"iso ambrettolide","https://www.thegoodscentscompany.com/data/rw1026271.html","/data/rw1026271.html","28645-51-4","flavor and fragrance agents","rw","a"
"ambrinol","https://www.thegoodscentscompany.com/data/rw1024191.html","/data/rw1024191.html","71832-76-3","fragrance agents","rw","a"
"alpha- ambrinol","https://www.thegoodscentscompany.com/data/rw1052421.html","/data/rw1052421.html","41199-19-3","cosmetic, flavor and fragrance agents","rw","a"
"beta- ambrinol","https://www.thegoodscentscompany.com/data/rw1378761.html","/data/rw1378761.html","670-24-6","fragrance agents","rw","a"
"homo ambrinol","https://www.thegoodscentscompany.com/data/rw1585681.html","/data/rw1585681.html","","fragrance agents","rw","a"
"ambrosia artemisiafolia extract","https://www.thegoodscentscompany.com/data/ex1386121.html","/data/ex1386121.html","90106-05-1","information only not used for fragrances or flavors","ex","a"
"ambrosia flavor","https://www.thegoodscentscompany.com/data/fl1638051.html","/data/fl1638051.html","","flavored products of all types","fl","a"
"ambrosia fragrance","https://www.thegoodscentscompany.com/data/fr1111591.html","/data/fr1111591.html","","fragranced products of all types","fr","a"
"ambrosia peruviana leaf extract","https://www.thegoodscentscompany.com/data/ex1692541.html","/data/ex1692541.html","","cosmetic ingredient for skin conditioning","ex","a"
"ambrosin","https://www.thegoodscentscompany.com/data/rw1530991.html","/data/rw1530991.html","509-93-3","natural substances and extractives","rw","a"
"ambroxan","https://www.thegoodscentscompany.com/data/rw1016071.html","/data/rw1016071.html","6790-58-5","flavor and fragrance agents","rw","a"
"ambroxdiol","https://www.thegoodscentscompany.com/data/rw1697851.html","/data/rw1697851.html","","fragrance agents","rw","a"
"ambroxide","https://www.thegoodscentscompany.com/data/rw1022031.html","/data/rw1022031.html","65588-69-4","flavor and fragrance agents","rw","a"
"amburana cearensis seed oil","https://www.thegoodscentscompany.com/data/vg1706241.html","/data/vg1706241.html","","abrasives","vg","a"
"amchoor powder","https://www.thegoodscentscompany.com/data/rs1034801.html","/data/rs1034801.html","","food additive","rs","a"
"amelanchier alnifolia fruit","https://www.thegoodscentscompany.com/data/rs1087151.html","/data/rs1087151.html","","information only not used for fragrances or flavors","rs","a"
"amelanchier canadensis fruit","https://www.thegoodscentscompany.com/data/rs1087131.html","/data/rs1087131.html","","information only not used for fragrances or flavors","rs","a"
"amelanchier canadensis fruit extract","https://www.thegoodscentscompany.com/data/ex1692551.html","/data/ex1692551.html","","cosmetic ingredient for skin conditioning","ex","a"
"amelanchier laevis fruit","https://www.thegoodscentscompany.com/data/rs1087121.html","/data/rs1087121.html","","information only not used for fragrances or flavors","rs","a"
"amentoflavone","https://www.thegoodscentscompany.com/data/rw1654031.html","/data/rw1654031.html","1617-53-4","antioxidant, bleaching agents","rw","a"
"americanin A","https://www.thegoodscentscompany.com/data/rw1823091.html","/data/rw1823091.html","69506-79-2","natural substances and extractives","rw","a"
"iso americanin A","https://www.thegoodscentscompany.com/data/rw1834751.html","/data/rw1834751.html","109063-85-6","natural substances and extractives","rw","a"
"americanin B","https://www.thegoodscentscompany.com/data/rw1859971.html","/data/rw1859971.html","77053-44-2","natural substances and extractives","rw","a"
"americanin D","https://www.thegoodscentscompany.com/data/rw1878701.html","/data/rw1878701.html","77053-45-3","natural substances and extractives","rw","a"
"americanol A","https://www.thegoodscentscompany.com/data/rw1876741.html","/data/rw1876741.html","133838-65-0","natural substances and extractives","rw","a"
"iso americanol A","https://www.thegoodscentscompany.com/data/rw1879931.html","/data/rw1879931.html","121620-06-2","natural substances and extractives","rw","a"
"americine","https://www.thegoodscentscompany.com/data/rw1842881.html","/data/rw1842881.html","18867-84-0","natural substances and extractives","rw","a"
"amerinal","https://www.thegoodscentscompany.com/data/rw1023351.html","/data/rw1023351.html","","fragrance agents","rw","a"
"amethyst cosmetic color","https://www.thegoodscentscompany.com/data/rw1647801.html","/data/rw1647801.html","","coloring agents (for surface only)","rw","a"
"ametoctradin","https://www.thegoodscentscompany.com/data/rw1698431.html","/data/rw1698431.html","865318-97-4","herbicides / pesticides","rw","a"
"amidosulfuron","https://www.thegoodscentscompany.com/data/rw1696031.html","/data/rw1696031.html","120923-37-7","herbicides / pesticides","rw","a"
"amines, bis(hydrogenated rape-oil alkyl)methyl, N-oxides","https://www.thegoodscentscompany.com/data/rw1085161.html","/data/rw1085161.html","204933-93-7","antioxidants and stabilizers","rw","a"
"amines, bis(hydrogenated tallow alkyl) oxidised","https://www.thegoodscentscompany.com/data/rw1722891.html","/data/rw1722891.html","143925-92-2","indirect food additives: adhesives and components of coatings","rw","a"
"amines, N-tallow alkyltripropylenetetra-, citrates","https://www.thegoodscentscompany.com/data/rw1333971.html","/data/rw1333971.html","189120-62-5","information only not used for fragrances or flavors","rw","a"
"amino methacrylate copolymer","https://www.thegoodscentscompany.com/data/rw1559961.html","/data/rw1559961.html","24938-16-7","indirect food additives: adjuvants, production aids, and sanitizers","rw","a"
"6- amino-1,3-dimethyl uracil","https://www.thegoodscentscompany.com/data/rw1212271.html","/data/rw1212271.html","6642-31-5","indirect food additives: adhesives and components of coatings","rw","a"
"(&plusmn;)-5- amino-1,3,3-trimethyl cyclohexane methyl amine","https://www.thegoodscentscompany.com/data/rw1135281.html","/data/rw1135281.html","2855-13-2","indirect food additives: adhesives and components of coatings","rw","a"
"(3R,3S)-3-[[(4- amino-2,2-dioxido-1H-2,1,3-benzothiadiazin-5-yl)oxy]methyl]-N-cyclopentyl-2-oxo-3-piperidinecarboxamide","https://www.thegoodscentscompany.com/data/rw1094381.html","/data/rw1094381.html","1446687-20-2","flavor modifiers","rw","a"
"N-(1-((4- amino-2,2-dioxido-1H-benzo[c][1,2,6]thiadiazin-5-yl)oxy)-2-methylpropan-2-yl)-2,6-dimethylisonicotinamide","https://www.thegoodscentscompany.com/data/rw1855231.html","/data/rw1855231.html","1622458-34-7","flavoring agents","rw","a"
"N-(1-((4- amino-2,2-dioxido-1H-benzo[c][1,2,6]thiadiazin-5-yl)oxy)-2-methylpropan-2-yl)isonicotinamide","https://www.thegoodscentscompany.com/data/rw1086581.html","/data/rw1086581.html","1622458-32-5","flavoring agents","rw","a"
"(S)-1-(3-(((4- amino-2,2-dioxido-1H-benzo[c][1,2,6]thiadiazin-5-yl)oxy)methyl)piperidin-1-yl)-3-methylbutan-1-one","https://www.thegoodscentscompany.com/data/rw1094431.html","/data/rw1094431.html","1469426-64-9","flavor modifiers","rw","a"
"2- amino-4-picoline","https://www.thegoodscentscompany.com/data/rw1170281.html","/data/rw1170281.html","695-34-1","natural substances and extractives","rw","a"
"2- aminoacetophenone","https://www.thegoodscentscompany.com/data/rw1062161.html","/data/rw1062161.html","551-93-9","flavoring agents","rw","a"
"3'- aminoacetophenone","https://www.thegoodscentscompany.com/data/rw1181481.html","/data/rw1181481.html","99-03-6","natural substances and extractives","rw","a"
"4'- aminoacetophenone","https://www.thegoodscentscompany.com/data/rw1193661.html","/data/rw1193661.html","99-92-3","herbicides / pesticides","rw","a"
"aminoacylase","https://www.thegoodscentscompany.com/data/rw1216191.html","/data/rw1216191.html","9012-37-7","information only not used for fragrances or flavors","rw","a"
"4- aminoantipyrine","https://www.thegoodscentscompany.com/data/rw1198741.html","/data/rw1198741.html","83-07-8","pharmaceuticals / chemical synthisis","rw","a"
"2- aminobenzaldehyde","https://www.thegoodscentscompany.com/data/rw1349821.html","/data/rw1349821.html","529-23-7","natural substances and extractives","rw","a"
"3- aminobenzamide","https://www.thegoodscentscompany.com/data/rw1187311.html","/data/rw1187311.html","3544-24-9","pharmaceuticals / chemical synthisis","rw","a"
"3- amino-2-benzopyrone","https://www.thegoodscentscompany.com/data/rw1701771.html","/data/rw1701771.html","1635-31-0","information only not used for fragrances or flavors","rw","a"
"(R)-(-)-2- aminobutyric acid","https://www.thegoodscentscompany.com/data/rw1140351.html","/data/rw1140351.html","2623-91-8","information only not used for fragrances or flavors","rw","a"
"(S)-(+)-2- aminobutyric acid","https://www.thegoodscentscompany.com/data/rw1141141.html","/data/rw1141141.html","1492-24-6","natural substances and extractives","rw","a"
"gamma- aminobutyric acid","https://www.thegoodscentscompany.com/data/rw1198861.html","/data/rw1198861.html","56-12-2","cosmetic and flavor agents","rw","a"
"gamma- aminobutyric acid:linoleic acid conjugates","https://www.thegoodscentscompany.com/data/rw1129681.html","/data/rw1129681.html","1444005-46-2","food additive, dietary supplements","rw","a"
"6- aminocaproic acid","https://www.thegoodscentscompany.com/data/rw1212381.html","/data/rw1212381.html","60-32-2","pharmaceuticals / chemical synthisis","rw","a"
"5- amino-4-chloro-o-cresol","https://www.thegoodscentscompany.com/data/rw1706341.html","/data/rw1706341.html","110102-86-8","hair dyeing agents","rw","a"
"5- amino-6-chloro-o-cresol","https://www.thegoodscentscompany.com/data/rw1373971.html","/data/rw1373971.html","84540-50-1","hair dyeing agents","rw","a"
"5- amino-4-chloro-o-cresol HCl","https://www.thegoodscentscompany.com/data/rw1706351.html","/data/rw1706351.html","110102-85-7","hair dyeing agents","rw","a"
"2- amino-6-chloro-p-nitrophenol","https://www.thegoodscentscompany.com/data/rw1706371.html","/data/rw1706371.html","6358-09-4","hair dyeing agents","rw","a"
"2- amino-4-(4-chlorophenyl) thiazole","https://www.thegoodscentscompany.com/data/rw1170031.html","/data/rw1170031.html","2103-99-3","pharmaceuticals / chemical synthisis","rw","a"
"2- amino-6-chloropyrazine","https://www.thegoodscentscompany.com/data/rw1127311.html","/data/rw1127311.html","33332-28-4","pharmaceuticals / chemical synthisis","rw","a"
"3- aminocrotonic acid, diester with thiobis (2-hydroxyethyl) ether","https://www.thegoodscentscompany.com/data/rw1078811.html","/data/rw1078811.html","13560-49-1","indirect food additives: adhesives and components of coatings","rw","a"
"(Z+E)-3- aminocrotononitrile","https://www.thegoodscentscompany.com/data/rw1187371.html","/data/rw1187371.html","1118-61-2","pharmaceuticals / chemical synthisis","rw","a"
"1- aminocyclohexane carbonitrile","https://www.thegoodscentscompany.com/data/rw1664401.html","/data/rw1664401.html","5496-10-6","pharmaceuticals / chemical synthisis","rw","a"
"4- amino-5,6-dimethyl thieno(2,3-d)pyrimidin-2(1H)-one","https://www.thegoodscentscompany.com/data/rw1601071.html","/data/rw1601071.html","121746-18-7","flavor modifiers","rw","a"
"4- amino-5,6-dimethyl thieno(2,3-d)pyrimidin-2(1H)-one hydrochloride","https://www.thegoodscentscompany.com/data/rw1601081.html","/data/rw1601081.html","1033366-59-4","flavor modifiers","rw","a"
"3-((4- amino-2,2-dioxido-1H-2,1,3-benzothiadiazin-5-yl)oxy)-2,2-dimethyl-N-propyl propanamide","https://www.thegoodscentscompany.com/data/rw1603331.html","/data/rw1603331.html","1093200-92-0","flavor modifiers","rw","a"
"12- aminododecanoic acid","https://www.thegoodscentscompany.com/data/rw1157201.html","/data/rw1157201.html","693-57-2","indirect food additives: adhesives and components of coatings","rw","a"
"aminoethyl ethanolamine","https://www.thegoodscentscompany.com/data/rw1167661.html","/data/rw1167661.html","111-41-1","food contact resinous and polymeric coatings","rw","a"
"(2S,5R)-N-[4-(2- amino-2-oxoethyl)phenyl]-5-methyl-2-(propan-2-yl)cyclohexanecarboxamide","https://www.thegoodscentscompany.com/data/rw1121741.html","/data/rw1121741.html","1119711-29-3","flavor enhancers, flavoring agents","rw","a"
"N-(2- aminoethyl)-b-alanine, sodium salt","https://www.thegoodscentscompany.com/data/rw1079851.html","/data/rw1079851.html","84434-12-8","indirect food additives: adhesives and components of coatings","rw","a"
"aminoguanidine bicarbonate","https://www.thegoodscentscompany.com/data/rw1219341.html","/data/rw1219341.html","2582-30-1","information only not used for fragrances or flavors","rw","a"
"2- aminoisobutyric acid","https://www.thegoodscentscompany.com/data/rw1171101.html","/data/rw1171101.html","62-57-7","pharmaceuticals / chemical synthisis","rw","a"
"3- amino-5-mercapto-1,2,4-triazole","https://www.thegoodscentscompany.com/data/rw1186871.html","/data/rw1186871.html","16691-43-3","pharmaceuticals / chemical synthisis","rw","a"
"2- aminomethyl-1-ethyl pyrrolidine","https://www.thegoodscentscompany.com/data/rw1097631.html","/data/rw1097631.html","26116-12-1","pharmaceuticals / chemical synthisis","rw","a"
"2- amino-4-methyl thiazole","https://www.thegoodscentscompany.com/data/rw1170221.html","/data/rw1170221.html","1603-91-4","pharmaceuticals / chemical synthisis","rw","a"
"1- aminonaphthalene","https://www.thegoodscentscompany.com/data/rw1152221.html","/data/rw1152221.html","134-32-7","indirect food additives: adhesives and components of coatings","rw","a"
"(2S,5R)-N-[4-(4- amino-4-oxobutyl)phenyl]-5-methyl-2-(propan-2-yl)cyclohexane carboxamide","https://www.thegoodscentscompany.com/data/rw1052251.html","/data/rw1052251.html","","information only not used for fragrances or flavors","rw","a"
"aminopeptidase from lactococcus lactis","https://www.thegoodscentscompany.com/data/rw1606021.html","/data/rw1606021.html","9031-94-1","enzyme preparations and microorganisms","rw","a"
"meta- aminophenol","https://www.thegoodscentscompany.com/data/rw1187411.html","/data/rw1187411.html","591-27-5","hair dyeing agents","rw","a"
"ortho- aminophenol","https://www.thegoodscentscompany.com/data/rw1171141.html","/data/rw1171141.html","95-55-6","hair dyeing agents","rw","a"
"para- aminophenol","https://www.thegoodscentscompany.com/data/rw1198931.html","/data/rw1198931.html","123-30-8","hair dyeing agents","rw","a"
"m- aminophenol HCl","https://www.thegoodscentscompany.com/data/rw1370871.html","/data/rw1370871.html","51-81-0","hair dyeing agents","rw","a"
"p- aminophenol HCl","https://www.thegoodscentscompany.com/data/rw1198921.html","/data/rw1198921.html","51-78-5","hair dyeing agents","rw","a"
"m- aminophenol sulfate","https://www.thegoodscentscompany.com/data/rw1370881.html","/data/rw1370881.html","68239-81-6","hair dyeing agents","rw","a"
"o- aminophenol sulfate","https://www.thegoodscentscompany.com/data/rw1706431.html","/data/rw1706431.html","67845-79-8","hair dyeing agents","rw","a"
"p- aminophenol sulfate","https://www.thegoodscentscompany.com/data/rw1371721.html","/data/rw1371721.html","63084-98-0","hair dyeing agents","rw","a"
"4- aminophenyl acetamide","https://www.thegoodscentscompany.com/data/rw1051451.html","/data/rw1051451.html","6633-76-7","information only not used for fragrances or flavors","rw","a"
"4- aminophenyl acetic acid","https://www.thegoodscentscompany.com/data/rw1198961.html","/data/rw1198961.html","1197-55-3","pharmaceuticals / chemical synthisis","rw","a"
"4- aminophenyl butyramide","https://www.thegoodscentscompany.com/data/rw1051771.html","/data/rw1051771.html","69024-58-4","information only not used for fragrances or flavors","rw","a"
"dextro,laevo-3- amino-3-phenyl propionic acid","https://www.thegoodscentscompany.com/data/rw1241421.html","/data/rw1241421.html","614-19-7","pharmaceuticals / chemical synthisis","rw","a"
"4- aminophenyl sulfone","https://www.thegoodscentscompany.com/data/rw1198951.html","/data/rw1198951.html","80-08-0","indirect food additives: adhesives and components of coatings","rw","a"
"aminophylline","https://www.thegoodscentscompany.com/data/rw1219401.html","/data/rw1219401.html","317-34-0","pharmaceuticals / chemical synthisis","rw","a"
"3- aminopropane diol","https://www.thegoodscentscompany.com/data/rw1134861.html","/data/rw1134861.html","616-30-8","preparation of polyurethane resins","rw","a"
"3- aminopropane sulfonic acid","https://www.thegoodscentscompany.com/data/rw1186921.html","/data/rw1186921.html","3687-18-1","hydrotrope, surfactant agents","rw","a"
"1- amino-2-propanol","https://www.thegoodscentscompany.com/data/rw1043411.html","/data/rw1043411.html","78-96-6","food-contact surface of paper and paperboard","rw","a"
"(R)-(-)-1- amino-2-propanol","https://www.thegoodscentscompany.com/data/rw1140231.html","/data/rw1140231.html","2799-16-8","food-contact surface of paper and paperboard","rw","a"
"(S)-(+)-1- amino-2-propanol","https://www.thegoodscentscompany.com/data/rw1140961.html","/data/rw1140961.html","2799-17-9","food-contact surface of paper and paperboard","rw","a"
"3- amino-1-propanol","https://www.thegoodscentscompany.com/data/rw1186951.html","/data/rw1186951.html","156-87-6","pharmaceuticals / chemical synthisis","rw","a"
"4- amino-5-(3-(isopropyl amino)-2,2-dimethyl-3-oxopropoxy)-2-methyl quinoline-3-carboxylic acid","https://www.thegoodscentscompany.com/data/rw1661811.html","/data/rw1661811.html","1359963-68-0","sweeteners, flavor enhancers","rw","a"
"4- amino-5-(3-(isopropylamino)-2,2-dimethyl-3-oxopropoxy)-2-methylquinoline-3-carboxylic acid hemisulfate monohydrate salt","https://www.thegoodscentscompany.com/data/rw1702981.html","/data/rw1702981.html","1460210-04-1","flavoring agents","rw","a"
"3- aminopropyl triethoxysilane","https://www.thegoodscentscompany.com/data/rw1187491.html","/data/rw1187491.html","919-30-2","emulsifiers, surfactants","rw","a"
"3- aminopropyl trimethoxysilane","https://www.thegoodscentscompany.com/data/rw1187501.html","/data/rw1187501.html","13822-56-5","indirect food additives: adhesives and components of coatings","rw","a"
"N,N'-bis(gamma- aminopropyl)diaminoethane","https://www.thegoodscentscompany.com/data/rw1262201.html","/data/rw1262201.html","10563-26-5","indirect food additives: paper and paperboard components","rw","a"
"1,2-bis(3- aminopropyl)ethylenediamine, polymer with N-butyl-2,2,6,6-tetramethyl-4-piperidinamine and 2,4,6-trichloro-1,3,5-triazine","https://www.thegoodscentscompany.com/data/rw1722491.html","/data/rw1722491.html","136504-96-6","indirect food additives: adhesives and components of coatings","rw","a"
"aminopyralid","https://www.thegoodscentscompany.com/data/rw1669681.html","/data/rw1669681.html","150114-71-9","herbicides / pesticides","rw","a"
"2- aminopyrazine","https://www.thegoodscentscompany.com/data/rw1038901.html","/data/rw1038901.html","5049-61-6","pharmaceuticals / chemical synthisis","rw","a"
"3- aminopyrazine-2-carboxylic acid","https://www.thegoodscentscompany.com/data/rw1187511.html","/data/rw1187511.html","5424-01-1","information only not used for fragrances or flavors","rw","a"
"3- aminopyridine","https://www.thegoodscentscompany.com/data/rw1187531.html","/data/rw1187531.html","462-08-8","pharmaceuticals / chemical synthisis","rw","a"
"1- amino-2-(4-(1,1,3,3-tetramethylbutyl)phenoxy)-4-((2,4,6-trimethylphenyl)amino)anthraquinone","https://www.thegoodscentscompany.com/data/rw1690791.html","/data/rw1690791.html","71701-33-2","coloring agents (for surface only)","rw","a"
"2- aminothiazole","https://www.thegoodscentscompany.com/data/rw1171201.html","/data/rw1171201.html","96-50-4","pharmaceuticals / chemical synthisis","rw","a"
"11- aminoundecanoic acid","https://www.thegoodscentscompany.com/data/rw1157121.html","/data/rw1157121.html","2432-99-7","indirect food additives: adhesives and components of coatings","rw","a"
"amisulbrom","https://www.thegoodscentscompany.com/data/rw1069641.html","/data/rw1069641.html","348635-87-0","herbicides / pesticides","rw","a"
"amitenone","https://www.thegoodscentscompany.com/data/rw1810421.html","/data/rw1810421.html","21682-47-3","natural substances and extractives","rw","a"
"amitraz","https://www.thegoodscentscompany.com/data/rw1336591.html","/data/rw1336591.html","33089-61-1","herbicides / pesticides","rw","a"
"amitrole","https://www.thegoodscentscompany.com/data/rw1186891.html","/data/rw1186891.html","61-82-5","herbicides / pesticides","rw","a"
"amlaic acid","https://www.thegoodscentscompany.com/data/rw1854761.html","/data/rw1854761.html","17278-02-3","natural substances and extractives","rw","a"
"ammi majus extract","https://www.thegoodscentscompany.com/data/ex1386431.html","/data/ex1386431.html","90320-46-0","cosmetic ingredient for skin conditioning","ex","a"
"ammi majus seed","https://www.thegoodscentscompany.com/data/rs1066061.html","/data/rs1066061.html","90320-46-0","information only not used for fragrances or flavors","rs","a"
"ammonia","https://www.thegoodscentscompany.com/data/rw1097731.html","/data/rw1097731.html","7664-41-7","acidity regulators","rw","a"
"ammonia-epichlorohydrin copolymer reacted with methyl chloride","https://www.thegoodscentscompany.com/data/rw1610231.html","/data/rw1610231.html","68036-99-7","ion-exchange resins","rw","a"
"ammoniacum gum","https://www.thegoodscentscompany.com/data/rs1061811.html","/data/rs1061811.html","9000-03-7","information only not used for fragrances or flavors","rs","a"
"ammoniated mercuric chloride","https://www.thegoodscentscompany.com/data/rw1343051.html","/data/rw1343051.html","10124-48-8","pharmaceuticals / chemical synthisis","rw","a"
"ammonium acetate","https://www.thegoodscentscompany.com/data/rw1219431.html","/data/rw1219431.html","631-61-8","acidity regulators","rw","a"
"ammonium acrylates copolymer","https://www.thegoodscentscompany.com/data/rw1706551.html","/data/rw1706551.html","","antistatic, binding agents","rw","a"
"ammonium acrylates/acrylonitrogens copolymer","https://www.thegoodscentscompany.com/data/rw1706561.html","/data/rw1706561.html","37809-64-6","binding, film forming agents","rw","a"
"ammonium acrylates/ethylhexyl acrylate copolymer","https://www.thegoodscentscompany.com/data/rw1706571.html","/data/rw1706571.html","","film forming agents","rw","a"
"ammonium acrylates/methyl styrene/styrene copolymer","https://www.thegoodscentscompany.com/data/rw1706581.html","/data/rw1706581.html","","film forming agents","rw","a"
"ammonium acryloyl dimethyltaurate/carboxyethyl acrylate crosspolymer","https://www.thegoodscentscompany.com/data/rw1706591.html","/data/rw1706591.html","","viscosity controlling agents","rw","a"
"ammonium acryloyldimethyltaurate/laureth-7 methacrylate copolymer","https://www.thegoodscentscompany.com/data/rw1706601.html","/data/rw1706601.html","683748-07-4","abrasives","rw","a"
"ammonium acryloyldimethyltaurate/steareth-25 methacrylate crosspolymer","https://www.thegoodscentscompany.com/data/rw1706611.html","/data/rw1706611.html","","emulsion stabilising","rw","a"
"ammonium acryloyldimethyltaurate/steareth-8 methacrylate copolymer","https://www.thegoodscentscompany.com/data/rw1706621.html","/data/rw1706621.html","","emulsion stabilising, viscosity controlling agents","rw","a"
"ammonium acryloyldimethyltaurate/vinyl formamide copolymer","https://www.thegoodscentscompany.com/data/rw1706631.html","/data/rw1706631.html","58374-69-9","emulsion stabilising, viscosity controlling agents","rw","a"
"ammonium acryloyldimethyltaurate/VP copolymer","https://www.thegoodscentscompany.com/data/rw1706641.html","/data/rw1706641.html","","viscosity controlling agents","rw","a"
"ammonium adipate","https://www.thegoodscentscompany.com/data/rw1663021.html","/data/rw1663021.html","19090-60-9","acidity regulators","rw","a"
"ammonium alginate","https://www.thegoodscentscompany.com/data/rw1582311.html","/data/rw1582311.html","9005-34-9","stabilizers, thickeners, gelling agents, emulsifiers","rw","a"
"ammonium benzoate","https://www.thegoodscentscompany.com/data/rw1222051.html","/data/rw1222051.html","1863-63-4","preservatives","rw","a"
"ammonium beta-sitosteryl sulfate","https://www.thegoodscentscompany.com/data/rw1706651.html","/data/rw1706651.html","","cosmetic ingredient for skin and hair conditioning","rw","a"
"ammonium bicarbonate","https://www.thegoodscentscompany.com/data/rw1097681.html","/data/rw1097681.html","1066-33-7","raising agents","rw","a"
"ammonium bifluoride","https://www.thegoodscentscompany.com/data/rw1219741.html","/data/rw1219741.html","1341-49-7","bonding agent for aluminum foil, stabilizer or preservative","rw","a"
"ammonium bisulfate","https://www.thegoodscentscompany.com/data/rw1219451.html","/data/rw1219451.html","7803-63-6","information only not used for fragrances or flavors","rw","a"
"ammonium bisulfide","https://www.thegoodscentscompany.com/data/rw1410331.html","/data/rw1410331.html","12124-99-1","antioxidants and preservatives","rw","a"
"ammonium borate","https://www.thegoodscentscompany.com/data/rw1410361.html","/data/rw1410361.html","27522-09-4","indirect food additives: adhesives and components of coatings","rw","a"
"ammonium bromide","https://www.thegoodscentscompany.com/data/rw1219461.html","/data/rw1219461.html","12124-97-9","pharmaceuticals / chemical synthisis","rw","a"
"ammonium butyrate","https://www.thegoodscentscompany.com/data/rw1410391.html","/data/rw1410391.html","14287-04-8","information only not used for fragrances or flavors","rw","a"
"ammonium carbonate","https://www.thegoodscentscompany.com/data/rw1219481.html","/data/rw1219481.html","506-87-6","acidity regulators, raising agents","rw","a"
"ammonium carbonate carbamate","https://www.thegoodscentscompany.com/data/rw1584491.html","/data/rw1584491.html","8000-73-5","leavening agents","rw","a"
"ammonium carrageenan","https://www.thegoodscentscompany.com/data/rw1410441.html","/data/rw1410441.html","60063-90-3","thickeners, gelling agents, stabalizers and emulsifiers","rw","a"
"ammonium carrageenan with polysorbate 80","https://www.thegoodscentscompany.com/data/rw1607351.html","/data/rw1607351.html","60063-90-3","chewing gum bases and related substances","rw","a"
"ammonium caseinate","https://www.thegoodscentscompany.com/data/rw1361361.html","/data/rw1361361.html","9005-42-9","frozen desserts","rw","a"
"ammonium chloride","https://www.thegoodscentscompany.com/data/rw1097711.html","/data/rw1097711.html","12125-02-9","sanitizing solutions, dough strengtheners, flavor enhancers, leavening agents","rw","a"
"ammonium citrate","https://www.thegoodscentscompany.com/data/rw1410461.html","/data/rw1410461.html","7632-50-0","indirect food additives: adhesives and components of coatings","rw","a"
"ammonium citrate dibasic","https://www.thegoodscentscompany.com/data/rw1219521.html","/data/rw1219521.html","3012-65-5","stabilizing agents","rw","a"
"ammonium citrate monobasic","https://www.thegoodscentscompany.com/data/rw1410541.html","/data/rw1410541.html","4450-94-6","information only not used for fragrances or flavors","rw","a"
"ammonium citrate tribasic","https://www.thegoodscentscompany.com/data/rw1219531.html","/data/rw1219531.html","3458-72-8","buffering agents","rw","a"
"ammonium decyl sulfate","https://www.thegoodscentscompany.com/data/rw1410531.html","/data/rw1410531.html","13177-52-1","information only not used for fragrances or flavors","rw","a"
"ammonium ferrous sulfate","https://www.thegoodscentscompany.com/data/rw1410671.html","/data/rw1410671.html","19864-63-2","special dietary and nutritional additives","rw","a"
"ammonium formate","https://www.thegoodscentscompany.com/data/rw1219581.html","/data/rw1219581.html","540-69-2","information only not used for fragrances or flavors","rw","a"
"ammonium furcelleran","https://www.thegoodscentscompany.com/data/rw1608511.html","/data/rw1608511.html","977089-77-2","emulsifiers, stabilizers, thickeners","rw","a"
"mono ammonium gluconate","https://www.thegoodscentscompany.com/data/rw1410691.html","/data/rw1410691.html","2554-04-3","sequestrants","rw","a"
"ammonium glutamate","https://www.thegoodscentscompany.com/data/rw1410711.html","/data/rw1410711.html","7558-63-6","flavor enhancers, salt substitute","rw","a"
"ammonium glycyrrhizate","https://www.thegoodscentscompany.com/data/rw1026751.html","/data/rw1026751.html","53956-04-0","licorice and licorice derivatives","rw","a"
"ammonium heptamolybdate","https://www.thegoodscentscompany.com/data/rw1343911.html","/data/rw1343911.html","12027-67-7","information only not used for fragrances or flavors","rw","a"
"ammonium hydroxide","https://www.thegoodscentscompany.com/data/rw1219761.html","/data/rw1219761.html","1336-21-6","acidity regulators","rw","a"
"ammonium hypophosphite","https://www.thegoodscentscompany.com/data/rw1410831.html","/data/rw1410831.html","7803-65-8","information only not used for fragrances or flavors","rw","a"
"ammonium laurate","https://www.thegoodscentscompany.com/data/rw1410921.html","/data/rw1410921.html","2437-23-2","information only not used for fragrances or flavors","rw","a"
"ammonium mandelate","https://www.thegoodscentscompany.com/data/rw1410951.html","/data/rw1410951.html","530-31-4","information only not used for fragrances or flavors","rw","a"
"ammonium oxalate","https://www.thegoodscentscompany.com/data/rw1411101.html","/data/rw1411101.html","14258-49-2","information only not used for fragrances or flavors","rw","a"
"ammonium oxalate monohydrate","https://www.thegoodscentscompany.com/data/rw1219881.html","/data/rw1219881.html","6009-70-7","pharmaceuticals / chemical synthisis","rw","a"
"ammonium palmitate","https://www.thegoodscentscompany.com/data/rw1411131.html","/data/rw1411131.html","593-26-0","information only not used for fragrances or flavors","rw","a"
"ammonium pectinate","https://www.thegoodscentscompany.com/data/rw1411141.html","/data/rw1411141.html","83046-90-6","emulsifiers","rw","a"
"ammonium perfluorooctanoate","https://www.thegoodscentscompany.com/data/rw1079821.html","/data/rw1079821.html","3825-26-1","indirect food additives: adhesives and components of coatings","rw","a"
"ammonium persulfate","https://www.thegoodscentscompany.com/data/rw1219911.html","/data/rw1219911.html","7727-54-0","food starch-modified","rw","a"
"ammonium phenolsulfonate","https://www.thegoodscentscompany.com/data/rw1361511.html","/data/rw1361511.html","61886-53-1","antimicrobial agents","rw","a"
"ammonium phosphate dibasic","https://www.thegoodscentscompany.com/data/rw1219921.html","/data/rw1219921.html","7783-28-0","dough strengtheners","rw","a"
"ammonium phosphate monobasic","https://www.thegoodscentscompany.com/data/rw1219551.html","/data/rw1219551.html","7722-76-1","buffering agents, dough conditioners, leavening agents","rw","a"
"ammonium phosphatides","https://www.thegoodscentscompany.com/data/rw1608881.html","/data/rw1608881.html","55965-13-4","emulsifiers","rw","a"
"ammonium polyacrylate","https://www.thegoodscentscompany.com/data/rw1361521.html","/data/rw1361521.html","9003-03-6","indirect food additives: adhesives and components of coatings","rw","a"
"ammonium polyacryloyldimethyl taurate","https://www.thegoodscentscompany.com/data/rw1683311.html","/data/rw1683311.html","62152-14-1","emulsion stabilising, viscosity controlling agents","rw","a"
"ammonium polyphosphate","https://www.thegoodscentscompany.com/data/rw1000181.html","/data/rw1000181.html","6833-79-9","sequestrant, emulsifier, acidity regulators","rw","a"
"ammonium potassium hydrogen phosphate (1:1:1:1)","https://www.thegoodscentscompany.com/data/rw1660391.html","/data/rw1660391.html","10279-61-5","indirect food additives: adhesives and components of coatings","rw","a"
"ammonium saccharin","https://www.thegoodscentscompany.com/data/rw1611081.html","/data/rw1611081.html","6381-61-9","sweetening agent only in special dietary foods","rw","a"
"ammonium succinate","https://www.thegoodscentscompany.com/data/rw1097751.html","/data/rw1097751.html","2226-88-2","pharmaceuticals / chemical synthisis","rw","a"
"ammonium sulfamate (H3NO3S.xH3N)","https://www.thegoodscentscompany.com/data/rw1411331.html","/data/rw1411331.html","13765-36-1","indirect food additives: adhesives and components of coatings","rw","a"
"ammonium sulfamidate","https://www.thegoodscentscompany.com/data/rw1219931.html","/data/rw1219931.html","7773-06-0","indirect food additives: adhesives and components of coatings","rw","a"
"ammonium sulfate","https://www.thegoodscentscompany.com/data/rw1097761.html","/data/rw1097761.html","7783-20-2","dough strengtheners, acidity regulators","rw","a"
"ammonium sulfide 20% in water","https://www.thegoodscentscompany.com/data/rw1010461.html","/data/rw1010461.html","12135-76-1","synthetic flavoring substances and adjuvants","rw","a"
"ammonium sulfite","https://www.thegoodscentscompany.com/data/rw1361531.html","/data/rw1361531.html","10196-04-0","color adjuvant agents","rw","a"
"ammonium tallate","https://www.thegoodscentscompany.com/data/rw1323861.html","/data/rw1323861.html","68132-50-3","emulsifiers, surfactants","rw","a"
"ammonium tallowate","https://www.thegoodscentscompany.com/data/rw1411351.html","/data/rw1411351.html","68953-02-6","information only not used for fragrances or flavors","rw","a"
"ammonium thiocyanate","https://www.thegoodscentscompany.com/data/rw1220021.html","/data/rw1220021.html","1762-95-4","indirect food additives: adhesives and components of coatings","rw","a"
"ammonium thioglycolate","https://www.thegoodscentscompany.com/data/rw1100901.html","/data/rw1100901.html","5421-46-5","depilatory agents","rw","a"
"ammonium thiolactate","https://www.thegoodscentscompany.com/data/rw1361541.html","/data/rw1361541.html","13419-67-5","depilatory agents","rw","a"
"ammonium thiosulfate","https://www.thegoodscentscompany.com/data/rw1220031.html","/data/rw1220031.html","7783-18-8","indirect food additives: adhesives and components of coatings","rw","a"
"ammonium isovalerate 30% in pg","https://www.thegoodscentscompany.com/data/rw1010471.html","/data/rw1010471.html","7563-33-9","synthetic flavoring substances and adjuvants","rw","a"
"ammonium vanadate","https://www.thegoodscentscompany.com/data/rw1219831.html","/data/rw1219831.html","7803-55-6","nutrient supplements: EFSA: safety cannot be established","rw","a"
"ammonium xylene sulfonate","https://www.thegoodscentscompany.com/data/rw1361551.html","/data/rw1361551.html","26447-10-9","hydrotrope, surfactant agents","rw","a"
"ammonium-15N chloride","https://www.thegoodscentscompany.com/data/rw1691170.html","/data/rw1691170.html","39466-62-1","information only not used for fragrances or flavors","rw","a"
"ammophila arenaria root extract","https://www.thegoodscentscompany.com/data/ex1692591.html","/data/ex1692591.html","","cosmetic ingredient for skin conditioning","ex","a"
"amniotic fluid","https://www.thegoodscentscompany.com/data/rs1706781.html","/data/rs1706781.html","","moisturising agents","rs","a"
"amodimethicone glycerocarbamate","https://www.thegoodscentscompany.com/data/rw1706791.html","/data/rw1706791.html","","emollients, emulsion stabilising","rw","a"
"amodimethicone hydroxystearate","https://www.thegoodscentscompany.com/data/rw1706801.html","/data/rw1706801.html","299186-05-3","cosmetic ingredient for hair conditioning","rw","a"
"amodimethicone/morpholinomethyl silsesquioxane copolymer","https://www.thegoodscentscompany.com/data/rw1706811.html","/data/rw1706811.html","1293390-78-9","cosmetic ingredient for hair conditioning","rw","a"
"amodimethicone/silsesquioxane copolymer","https://www.thegoodscentscompany.com/data/rw1706821.html","/data/rw1706821.html","67923-07-3","film forming, hair conditioning agents","rw","a"
"amomum aromaticum fruit extract","https://www.thegoodscentscompany.com/data/ex1692601.html","/data/ex1692601.html","91745-62-9","cosmetic ingredient for skin conditioning","ex","a"
"amomum compactum extract","https://www.thegoodscentscompany.com/data/ex1386491.html","/data/ex1386491.html","90320-47-1","information only not used for fragrances or flavors","ex","a"
"amomum granum-paradisi extract","https://www.thegoodscentscompany.com/data/ex1386501.html","/data/ex1386501.html","90320-48-2","information only not used for fragrances or flavors","ex","a"
"amomum subulatum seed extract","https://www.thegoodscentscompany.com/data/ex1386471.html","/data/ex1386471.html","97675-52-0","cosmetic ingredient for skin conditioning","ex","a"
"amomum subulatum seed tincture","https://www.thegoodscentscompany.com/data/ex1673131.html","/data/ex1673131.html","97675-52-0","information only not used for fragrances or flavors","ex","a"
"amomum testaceum ridl. fruit oil malaysia","https://www.thegoodscentscompany.com/data/es1597821.html","/data/es1597821.html","","cosmetic agents","es","a"
"amomum xanthioides seed extract","https://www.thegoodscentscompany.com/data/ex1692611.html","/data/ex1692611.html","","cosmetic ingredient for skin conditioning","ex","a"
"amorpha-4-en-7-ol","https://www.thegoodscentscompany.com/data/rw1566291.html","/data/rw1566291.html","","natural substances and extractives","rw","a"
"amorpha-4,7-dien-11-ol","https://www.thegoodscentscompany.com/data/rw1565041.html","/data/rw1565041.html","","natural substances and extractives","rw","a"
"amorpha-4,7(11)-dien-3-one","https://www.thegoodscentscompany.com/data/rw1564011.html","/data/rw1564011.html","","natural substances and extractives","rw","a"
"amorpha-4,7(11)-dien-8-one","https://www.thegoodscentscompany.com/data/rw1564021.html","/data/rw1564021.html","","natural substances and extractives","rw","a"
"amorpha-4,7(11)-diene","https://www.thegoodscentscompany.com/data/rw1561361.html","/data/rw1561361.html","","natural substances and extractives","rw","a"
"amorpha-4,9-dien-14-al","https://www.thegoodscentscompany.com/data/rw1564031.html","/data/rw1564031.html","","natural substances and extractives","rw","a"
"amorpha-4,9-dien-2-ol","https://www.thegoodscentscompany.com/data/rw1565051.html","/data/rw1565051.html","","natural substances and extractives","rw","a"
"alpha- amorphene","https://www.thegoodscentscompany.com/data/rw1441881.html","/data/rw1441881.html","483-75-0","natural substances and extractives","rw","a"
"(+)-alpha- amorphene","https://www.thegoodscentscompany.com/data/rw1596121.html","/data/rw1596121.html","20085-19-2","natural substances and extractives","rw","a"
"delta- amorphene","https://www.thegoodscentscompany.com/data/rw1562011.html","/data/rw1562011.html","189165-79-5","natural substances and extractives","rw","a"
"gamma- amorphene","https://www.thegoodscentscompany.com/data/rw1562221.html","/data/rw1562221.html","6980-46-7","natural substances and extractives","rw","a"
"omega- amorphene","https://www.thegoodscentscompany.com/data/rw1563201.html","/data/rw1563201.html","","natural substances and extractives","rw","a"
"amorphol","https://www.thegoodscentscompany.com/data/rw1092611.html","/data/rw1092611.html","53947-91-4","natural substances and extractives","rw","a"
"amorphophallus campanulatus rhizome/root extract","https://www.thegoodscentscompany.com/data/ex1388991.html","/data/ex1388991.html","92201-41-7","cosmetic ingredient for skin conditioning","ex","a"
"hydrolyzed amorphophallus konjac root","https://www.thegoodscentscompany.com/data/rs1706831.html","/data/rs1706831.html","","humectants","rs","a"
"amorphophallus konjac root extract","https://www.thegoodscentscompany.com/data/ex1658741.html","/data/ex1658741.html","37220-17-0","film forming, humectant agents","ex","a"
"amorphophallus konjac root powder","https://www.thegoodscentscompany.com/data/rs1601101.html","/data/rs1601101.html","","abrasives","rs","a"
"AMP-acrylate/C1-18 alkyl acrylates/C1-8 alkyl acrylamide copolymer","https://www.thegoodscentscompany.com/data/rw1706841.html","/data/rw1706841.html","","film forming, hair fixing agents","rw","a"
"AMP-acrylates copolymer","https://www.thegoodscentscompany.com/data/rw1706851.html","/data/rw1706851.html","","film forming agents","rw","a"
"AMP-acrylates polyacrylate crosspolymer-9","https://www.thegoodscentscompany.com/data/rw1911921.html","/data/rw1911921.html","","film forming agents","rw","a"
"AMP-acrylates/allyl methacrylate copolymer","https://www.thegoodscentscompany.com/data/rw1664791.html","/data/rw1664791.html","","film forming, hair fixing agents","rw","a"
"AMP-acrylates/C1-18 alkyl acrylate/C1-8 alkyl acrylamide copolymer","https://www.thegoodscentscompany.com/data/rw1706861.html","/data/rw1706861.html","","film forming, hair fixing agents","rw","a"
"AMP-acrylates/C1-18 alkyl acrylate/C1-8 alkyl acrylamide/hydroxyethylacrylate copolymer","https://www.thegoodscentscompany.com/data/rw1706871.html","/data/rw1706871.html","","cosmetic agents","rw","a"
"AMP-acrylates/diacetoneacrylamide copolymer","https://www.thegoodscentscompany.com/data/rw1706881.html","/data/rw1706881.html","","film forming agents","rw","a"
"AMP-acrylates/dimethylaminoethylmethacrylate copolymer","https://www.thegoodscentscompany.com/data/rw1706891.html","/data/rw1706891.html","","film forming, hair fixing agents","rw","a"
"AMP-acrylates/ethylhexyl acrylate copolymer","https://www.thegoodscentscompany.com/data/rw1706901.html","/data/rw1706901.html","","film forming agents","rw","a"
"AMP-C8-18 perfluoroalkylethyl phosphate","https://www.thegoodscentscompany.com/data/rw1706911.html","/data/rw1706911.html","","emulsion stabilising, surfactant agents","rw","a"
"AMP-isostearoyl gelatin/keratin amino acids/lysine hydroxypropyltrimonium chloride","https://www.thegoodscentscompany.com/data/rw1692621.html","/data/rw1692621.html","156715-41-2","cosmetic agents","rw","a"
"AMP-isostearoyl hydrolyzed collagen","https://www.thegoodscentscompany.com/data/rw1706921.html","/data/rw1706921.html","222400-36-4","antistatic agents","rw","a"
"AMP-isostearoyl hydrolyzed corn protein","https://www.thegoodscentscompany.com/data/rw1706931.html","/data/rw1706931.html","","cosmetic ingredient for skin and hair conditioning","rw","a"
"AMP-isostearoyl hydrolyzed elastin","https://www.thegoodscentscompany.com/data/rw1706941.html","/data/rw1706941.html","","cosmetic ingredient for skin and hair conditioning","rw","a"
"AMP-isostearoyl hydrolyzed keratin","https://www.thegoodscentscompany.com/data/rw1706951.html","/data/rw1706951.html","","cleansing, hair conditioning, skin conditioning","rw","a"
"AMP-isostearoyl hydrolyzed silk","https://www.thegoodscentscompany.com/data/rw1706961.html","/data/rw1706961.html","","nail conditioning agents","rw","a"
"AMP-isostearoyl hydrolyzed soy protein","https://www.thegoodscentscompany.com/data/rw1692631.html","/data/rw1692631.html","156715-45-6","cosmetic agents","rw","a"
"AMP-isostearoyl hydrolyzed wheat protein","https://www.thegoodscentscompany.com/data/rw1655981.html","/data/rw1655981.html","222400-35-3","cosmetic agents","rw","a"
"AMP-isostearoyl wheat/corn/soy amino acids","https://www.thegoodscentscompany.com/data/rw1706971.html","/data/rw1706971.html","","cosmetic ingredient for skin conditioning","rw","a"
"AMPD-acrylates/diacetoneacrylamide copolymer","https://www.thegoodscentscompany.com/data/rw1706981.html","/data/rw1706981.html","","film forming, hair fixing agents","rw","a"
"AMPD-isostearoyl hydrolyzed collagen","https://www.thegoodscentscompany.com/data/rw1692641.html","/data/rw1692641.html","169590-82-3","emulsifiers, surfactants","rw","a"
"AMPD-rosin hydrolyzed collagen","https://www.thegoodscentscompany.com/data/rw1692651.html","/data/rw1692651.html","169590-84-5","emulsifiers, surfactants","rw","a"
"ampelopsin D","https://www.thegoodscentscompany.com/data/rw1887481.html","/data/rw1887481.html","149418-37-1","natural substances and extractives","rw","a"
"ampelopsis grossedentata leaf extract","https://www.thegoodscentscompany.com/data/ex1692661.html","/data/ex1692661.html","","cosmetic ingredient for skin conditioning","ex","a"
"ampelopsis japonica root extract","https://www.thegoodscentscompany.com/data/ex1692671.html","/data/ex1692671.html","","cosmetic ingredient for skin conditioning","ex","a"
"ampelopsis japonica root powder","https://www.thegoodscentscompany.com/data/rs1601111.html","/data/rs1601111.html","","abrasives, skin conditioning","rs","a"
"amphibine H","https://www.thegoodscentscompany.com/data/rw1808471.html","/data/rw1808471.html","52659-55-9","natural substances and extractives","rw","a"
"amprolium hydrochloride","https://www.thegoodscentscompany.com/data/rw1086421.html","/data/rw1086421.html","137-88-2","information only not used for fragrances or flavors","rw","a"
"dextro- amygdalin","https://www.thegoodscentscompany.com/data/rw1233651.html","/data/rw1233651.html","29883-15-6","natural substances and extractives","rw","a"
"iso amyl 3-hydroxy-2-methylenebutanoate","https://www.thegoodscentscompany.com/data/rw1624361.html","/data/rw1624361.html","80758-72-1","natural substances and extractives","rw","a"
"N-iso amyl acetamide","https://www.thegoodscentscompany.com/data/rw1634481.html","/data/rw1634481.html","13434-12-3","natural substances and extractives","rw","a"
"amyl acetate","https://www.thegoodscentscompany.com/data/rw1040001.html","/data/rw1040001.html","628-63-7","flavor and fragrance agents, carrier solvents","rw","a"
"iso amyl acetate","https://www.thegoodscentscompany.com/data/rw1006711.html","/data/rw1006711.html","123-92-2","carrier solvents, flavoring agents","rw","a"
"tert- amyl acetate","https://www.thegoodscentscompany.com/data/rw1459651.html","/data/rw1459651.html","625-16-1","information only not used for fragrances or flavors","rw","a"
"amyl acetoacetate","https://www.thegoodscentscompany.com/data/rw1038921.html","/data/rw1038921.html","1540-28-9","flavor and fragrance agents","rw","a"
"iso amyl acetoacetate","https://www.thegoodscentscompany.com/data/rw1003181.html","/data/rw1003181.html","2308-18-1","flavor and fragrance agents","rw","a"
"amyl alcohol","https://www.thegoodscentscompany.com/data/rw1003191.html","/data/rw1003191.html","71-41-0","flavor and fragrance agents","rw","a"
"iso amyl alcohol","https://www.thegoodscentscompany.com/data/rw1014671.html","/data/rw1014671.html","123-51-3","flavor and fragrance agents","rw","a"
"tert- amyl alcohol","https://www.thegoodscentscompany.com/data/rw1046561.html","/data/rw1046561.html","75-85-4","flavoring agents","rw","a"
"amyl amine","https://www.thegoodscentscompany.com/data/rw1220111.html","/data/rw1220111.html","110-58-7","flavoring agents","rw","a"
"iso amyl amine","https://www.thegoodscentscompany.com/data/rw1035551.html","/data/rw1035551.html","107-85-7","flavoring agents","rw","a"
"amyl angelate","https://www.thegoodscentscompany.com/data/rw1459581.html","/data/rw1459581.html","7785-63-9","flavoring agents","rw","a"
"iso amyl angelate","https://www.thegoodscentscompany.com/data/rw1044991.html","/data/rw1044991.html","10482-55-0","flavor and fragrance agents","rw","a"
"amyl anthranilate","https://www.thegoodscentscompany.com/data/rw1010501.html","/data/rw1010501.html","30100-15-3","flavor and fragrance agents","rw","a"
"iso amyl anthranilate","https://www.thegoodscentscompany.com/data/rw1003241.html","/data/rw1003241.html","28457-05-8","flavor and fragrance agents","rw","a"
"amyl benzene","https://www.thegoodscentscompany.com/data/rw1220121.html","/data/rw1220121.html","538-68-1","natural substances and extractives","rw","a"
"amyl benzoate","https://www.thegoodscentscompany.com/data/rw1047711.html","/data/rw1047711.html","2049-96-9","flavor and fragrance agents","rw","a"
"iso amyl benzoate","https://www.thegoodscentscompany.com/data/rw1021011.html","/data/rw1021011.html","94-46-2","flavor and fragrance agents","rw","a"
"5- amyl-5-butyl thiotetrahydrofuran-2-one","https://www.thegoodscentscompany.com/data/rw1482741.html","/data/rw1482741.html","120388-37-6","information only not used for fragrances or flavors","rw","a"
"amyl butyrate","https://www.thegoodscentscompany.com/data/rw1004151.html","/data/rw1004151.html","540-18-1","flavor and fragrance agents","rw","a"
"iso amyl butyrate","https://www.thegoodscentscompany.com/data/rw1006752.html","/data/rw1006752.html","106-27-4","flavor and fragrance agents","rw","a"
"amyl isobutyrate","https://www.thegoodscentscompany.com/data/rw1048881.html","/data/rw1048881.html","2445-72-9","flavor and fragrance agents","rw","a"
"iso amyl isobutyrate","https://www.thegoodscentscompany.com/data/rw1003311.html","/data/rw1003311.html","2050-01-3","flavor and fragrance agents","rw","a"
"alpha- amyl cinnamaldehyde","https://www.thegoodscentscompany.com/data/rw1001011.html","/data/rw1001011.html","122-40-7","flavor and fragrance agents","rw","a"
"(E)-alpha- amyl cinnamaldehyde","https://www.thegoodscentscompany.com/data/rw1120711.html","/data/rw1120711.html","1331-92-6","flavor and fragrance agents","rw","a"
"(Z)-alpha- amyl cinnamaldehyde","https://www.thegoodscentscompany.com/data/rw1122171.html","/data/rw1122171.html","121734-22-3","flavor and fragrance agents","rw","a"
"alpha- amyl cinnamaldehyde / linallyl anthranilate schiff's base","https://www.thegoodscentscompany.com/data/rw1548811.html","/data/rw1548811.html","72928-45-1","fragrance agents","rw","a"
"alpha- amyl cinnamaldehyde diethyl acetal","https://www.thegoodscentscompany.com/data/rw1015711.html","/data/rw1015711.html","60763-41-9","fragrance agents","rw","a"
"alpha- amyl cinnamaldehyde digeranyl acetal","https://www.thegoodscentscompany.com/data/rw1038941.html","/data/rw1038941.html","67785-69-7","fragrance agents","rw","a"
"amyl cinnamaldehyde dilinalyl acetal","https://www.thegoodscentscompany.com/data/rw1038951.html","/data/rw1038951.html","67785-71-1","fragrance agents","rw","a"
"alpha- amyl cinnamaldehyde dimethyl acetal","https://www.thegoodscentscompany.com/data/rw1003331.html","/data/rw1003331.html","91-87-2","flavor and fragrance agents","rw","a"
"alpha- amyl cinnamaldehyde / methyl anthranilate schiff's base","https://www.thegoodscentscompany.com/data/rw1033871.html","/data/rw1033871.html","67924-13-4","fragrance agents","rw","a"
"amyl cinnamate","https://www.thegoodscentscompany.com/data/rw1048861.html","/data/rw1048861.html","3487-99-8","flavor and fragrance agents","rw","a"
"iso amyl cinnamate","https://www.thegoodscentscompany.com/data/rw1021111.html","/data/rw1021111.html","7779-65-9","flavor and fragrance agents","rw","a"
"iso amyl (E)-cinnamate","https://www.thegoodscentscompany.com/data/rw1521501.html","/data/rw1521501.html","85180-66-1","flavor and fragrance agents","rw","a"
"alpha- amyl cinnamyl acetate","https://www.thegoodscentscompany.com/data/rw1012531.html","/data/rw1012531.html","7493-78-9","flavor and fragrance agents","rw","a"
"alpha- amyl cinnamyl alcohol","https://www.thegoodscentscompany.com/data/rw1030791.html","/data/rw1030791.html","101-85-9","flavor and fragrance agents","rw","a"
"alpha- amyl cinnamyl formate","https://www.thegoodscentscompany.com/data/rw1003351.html","/data/rw1003351.html","7493-79-0","flavor and fragrance agents","rw","a"
"alpha- amyl cinnamyl isovalerate","https://www.thegoodscentscompany.com/data/rw1003381.html","/data/rw1003381.html","7493-80-3","flavor and fragrance agents","rw","a"
"alpha- amyl cinnamylidene / methyl anthranilate schiff's base","https://www.thegoodscentscompany.com/data/rw1376961.html","/data/rw1376961.html","68527-78-6","fragrance agents","rw","a"
"iso amyl cocoate","https://www.thegoodscentscompany.com/data/rw1706991.html","/data/rw1706991.html","","emollients, skin conditioning","rw","a"
"iso amyl crotonate","https://www.thegoodscentscompany.com/data/rw1045001.html","/data/rw1045001.html","25415-77-4","fragrance agents","rw","a"
"iso amyl (E)-crotonate","https://www.thegoodscentscompany.com/data/rw1541291.html","/data/rw1541291.html","73545-17-2","information only not used for fragrances or flavors","rw","a"
"para-tert- amyl cyclohexanol","https://www.thegoodscentscompany.com/data/rw1038961.html","/data/rw1038961.html","5349-51-9","fragrance agents","rw","a"
"4-tert- amyl cyclohexyl acetate","https://www.thegoodscentscompany.com/data/rw1425991.html","/data/rw1425991.html","5441-56-5","fragrance agents","rw","a"
"4-tert- amyl cyclohexyl formate","https://www.thegoodscentscompany.com/data/rw1425771.html","/data/rw1425771.html","67874-73-1","fragrance agents","rw","a"
"4-tert- amyl cyclohexyl propionate","https://www.thegoodscentscompany.com/data/rw1425781.html","/data/rw1425781.html","67874-74-2","fragrance agents","rw","a"
"amyl cyclopentanone propanone","https://www.thegoodscentscompany.com/data/rw1048571.html","/data/rw1048571.html","40942-73-2","fragrance agents","rw","a"
"amyl cyclopentenone","https://www.thegoodscentscompany.com/data/rw1013891.html","/data/rw1013891.html","25564-22-1","information only not used for fragrances or flavors","rw","a"
"amyl decanoate","https://www.thegoodscentscompany.com/data/rw1038971.html","/data/rw1038971.html","5933-87-9","flavor and fragrance agents","rw","a"
"iso amyl decanoate","https://www.thegoodscentscompany.com/data/rw1001591.html","/data/rw1001591.html","2306-91-4","flavor and fragrance agents","rw","a"
"2(or 3)-iso amyl 3,7-dimethyl-2,6-octadienoate","https://www.thegoodscentscompany.com/data/rw1383111.html","/data/rw1383111.html","68310-54-3","information only not used for fragrances or flavors","rw","a"
"2- amyl-5 or 6-keto-1,4-dioxane","https://www.thegoodscentscompany.com/data/rw1005261.html","/data/rw1005261.html","65504-96-3","flavoring agents","rw","a"
"iso amyl ether","https://www.thegoodscentscompany.com/data/rw1411451.html","/data/rw1411451.html","544-01-4","information only not used for fragrances or flavors","rw","a"
"iso amyl 3-ethyl hexanoate","https://www.thegoodscentscompany.com/data/rw1302621.html","/data/rw1302621.html","","information only not used for fragrances or flavors","rw","a"
"amyl isoeugenol","https://www.thegoodscentscompany.com/data/rw1003491.html","/data/rw1003491.html","10484-36-3","fragrance agents","rw","a"
"amyl isoeugenol branched","https://www.thegoodscentscompany.com/data/rw1022051.html","/data/rw1022051.html","68411-38-1","fragrance agents","rw","a"
"amyl formate","https://www.thegoodscentscompany.com/data/rw1015511.html","/data/rw1015511.html","638-49-3","flavor and fragrance agents","rw","a"
"iso amyl formate","https://www.thegoodscentscompany.com/data/rw1019851.html","/data/rw1019851.html","110-45-2","flavor and fragrance agents","rw","a"
"iso amyl 3-(2-furan) propionate","https://www.thegoodscentscompany.com/data/rw1003521.html","/data/rw1003521.html","7779-67-1","flavor and fragrance agents","rw","a"
"amyl furoate","https://www.thegoodscentscompany.com/data/rw1003551.html","/data/rw1003551.html","1334-82-3","flavor and fragrance agents","rw","a"
"amyl 2-furoate","https://www.thegoodscentscompany.com/data/rw1035831.html","/data/rw1035831.html","4996-48-9","flavoring agents","rw","a"
"iso amyl 3-(3-furyl) acrylate","https://www.thegoodscentscompany.com/data/rw1538841.html","/data/rw1538841.html","93859-17-7","information only not used for fragrances or flavors","rw","a"
"iso amyl geranate","https://www.thegoodscentscompany.com/data/rw1005961.html","/data/rw1005961.html","68133-73-3","cosmetic and fragrance agents","rw","a"
"amyl heptanoate","https://www.thegoodscentscompany.com/data/rw1003581.html","/data/rw1003581.html","7493-82-5","flavor and fragrance agents","rw","a"
"iso amyl heptanoate","https://www.thegoodscentscompany.com/data/rw1003611.html","/data/rw1003611.html","109-25-1","flavor and fragrance agents","rw","a"
"iso amyl heptine carbonate","https://www.thegoodscentscompany.com/data/rw1013851.html","/data/rw1013851.html","68555-60-2","information only not used for fragrances or flavors","rw","a"
"amyl hexanoate","https://www.thegoodscentscompany.com/data/rw1019921.html","/data/rw1019921.html","540-07-8","flavor and fragrance agents","rw","a"
"iso amyl hexanoate","https://www.thegoodscentscompany.com/data/rw1019751.html","/data/rw1019751.html","2198-61-0","flavor and fragrance agents","rw","a"
"iso amyl (E)-2-hexenoate","https://www.thegoodscentscompany.com/data/rw1377111.html","/data/rw1377111.html","72928-34-8","information only not used for fragrances or flavors","rw","a"
"amyl lactate","https://www.thegoodscentscompany.com/data/rw1047731.html","/data/rw1047731.html","6382-06-5","flavor and fragrance agents","rw","a"
"iso amyl lactate","https://www.thegoodscentscompany.com/data/rw1045071.html","/data/rw1045071.html","19329-89-6","flavor and fragrance agents","rw","a"
"amyl laurate","https://www.thegoodscentscompany.com/data/rw1038981.html","/data/rw1038981.html","5350-03-8","flavor and fragrance agents","rw","a"
"iso amyl laurate","https://www.thegoodscentscompany.com/data/rw1003691.html","/data/rw1003691.html","6309-51-9","flavor and fragrance agents","rw","a"
"iso amyl levulinate","https://www.thegoodscentscompany.com/data/rw1597301.html","/data/rw1597301.html","71172-75-3","flavor and fragrance agents","rw","a"
"iso amyl mandelate","https://www.thegoodscentscompany.com/data/rw1448121.html","/data/rw1448121.html","5421-04-5","information only not used for fragrances or flavors","rw","a"
"amyl mercaptan","https://www.thegoodscentscompany.com/data/rw1156071.html","/data/rw1156071.html","110-66-7","flavoring agents","rw","a"
"iso amyl mercaptan","https://www.thegoodscentscompany.com/data/rw1108121.html","/data/rw1108121.html","541-31-1","flavoring agents","rw","a"
"sec- amyl mercaptan","https://www.thegoodscentscompany.com/data/rw1038421.html","/data/rw1038421.html","2084-19-7","flavoring agents","rw","a"
"tert- amyl mercaptan","https://www.thegoodscentscompany.com/data/rw1178271.html","/data/rw1178271.html","1679-09-0","flavoring agents","rw","a"
"iso amyl p-methoxycinnamate","https://www.thegoodscentscompany.com/data/rw1011641.html","/data/rw1011641.html","71617-10-2","cosmetic UV absorber","rw","a"
"amyl 2-methyl butyrate","https://www.thegoodscentscompany.com/data/rw1038991.html","/data/rw1038991.html","68039-26-9","flavor and fragrance agents","rw","a"
"iso amyl 2-methyl butyrate","https://www.thegoodscentscompany.com/data/rw1036561.html","/data/rw1036561.html","27625-35-0","flavor and fragrance agents","rw","a"
"amyl methyl disulfide","https://www.thegoodscentscompany.com/data/rw1581901.html","/data/rw1581901.html","72437-68-4","flavoring agents","rw","a"
"iso amyl 2-methyl heptanoate","https://www.thegoodscentscompany.com/data/rw1474401.html","/data/rw1474401.html","94133-55-8","information only not used for fragrances or flavors","rw","a"
"iso amyl 3-methyl thiopropionate","https://www.thegoodscentscompany.com/data/rw1045081.html","/data/rw1045081.html","93762-35-7","flavoring agents","rw","a"
"amyl 2-methyl valerate","https://www.thegoodscentscompany.com/data/rw1411541.html","/data/rw1411541.html","6297-48-9","flavor and fragrance agents","rw","a"
"amyl myristate","https://www.thegoodscentscompany.com/data/rw1459691.html","/data/rw1459691.html","10484-35-2","fragrance agents","rw","a"
"iso amyl myristate","https://www.thegoodscentscompany.com/data/rw1004091.html","/data/rw1004091.html","62488-24-8","flavor and fragrance agents","rw","a"
"amyl nonanoate","https://www.thegoodscentscompany.com/data/rw1411651.html","/data/rw1411651.html","61531-45-1","flavor and fragrance agents","rw","a"
"iso amyl nonanoate","https://www.thegoodscentscompany.com/data/rw1004061.html","/data/rw1004061.html","7779-70-6","flavor and fragrance agents","rw","a"
"amyl 2-nonenoate","https://www.thegoodscentscompany.com/data/rw1411641.html","/data/rw1411641.html","67663-04-1","information only not used for fragrances or flavors","rw","a"
"amyl octanoate","https://www.thegoodscentscompany.com/data/rw1004161.html","/data/rw1004161.html","638-25-5","flavor and fragrance agents","rw","a"
"iso amyl octanoate","https://www.thegoodscentscompany.com/data/rw1019811.html","/data/rw1019811.html","2035-99-6","flavor and fragrance agents","rw","a"
"iso amyl palmitate","https://www.thegoodscentscompany.com/data/rw1474781.html","/data/rw1474781.html","81974-61-0","flavor and fragrance agents","rw","a"
"iso amyl 4-pentenoate","https://www.thegoodscentscompany.com/data/rw1411441.html","/data/rw1411441.html","76649-18-8","information only not used for fragrances or flavors","rw","a"
"4-tert- amyl phenol","https://www.thegoodscentscompany.com/data/rw1207101.html","/data/rw1207101.html","80-46-6","information only not used for fragrances or flavors","rw","a"
"iso amyl phenoxyacetate","https://www.thegoodscentscompany.com/data/rw1380991.html","/data/rw1380991.html","72845-77-3","information only not used for fragrances or flavors","rw","a"
"amyl phenyl acetate","https://www.thegoodscentscompany.com/data/rw1030731.html","/data/rw1030731.html","5137-52-0","flavor and fragrance agents","rw","a"
"iso amyl phenyl acetate","https://www.thegoodscentscompany.com/data/rw1011171.html","/data/rw1011171.html","102-19-2","flavor and fragrance agents","rw","a"
"amyl propionate","https://www.thegoodscentscompany.com/data/rw1039001.html","/data/rw1039001.html","624-54-4","flavor and fragrance agents","rw","a"
"iso amyl propionate","https://www.thegoodscentscompany.com/data/rw1021091.html","/data/rw1021091.html","105-68-0","flavor and fragrance agents","rw","a"
"6- amyl-alpha-pyrone","https://www.thegoodscentscompany.com/data/rw1005401.html","/data/rw1005401.html","27593-23-3","flavor and fragrance agents","rw","a"
"1- amyl-pyrrole-2-aldehyde","https://www.thegoodscentscompany.com/data/rw1095031.html","/data/rw1095031.html","","information only not used for fragrances or flavors","rw","a"
"1-iso amyl-pyrrole-2-aldehyde","https://www.thegoodscentscompany.com/data/rw1095091.html","/data/rw1095091.html","13678-79-0","information only not used for fragrances or flavors","rw","a"
"1- amyl-pyrrole-3-aldehyde","https://www.thegoodscentscompany.com/data/rw1095041.html","/data/rw1095041.html","","information only not used for fragrances or flavors","rw","a"
"iso amyl pyruvate","https://www.thegoodscentscompany.com/data/rw1005741.html","/data/rw1005741.html","7779-72-8","flavor and fragrance agents","rw","a"
"amyl salicylate","https://www.thegoodscentscompany.com/data/rw1012551.html","/data/rw1012551.html","2050-08-0","flavor and fragrance agents","rw","a"
"iso amyl salicylate","https://www.thegoodscentscompany.com/data/rw1006772.html","/data/rw1006772.html","87-20-7","flavor and fragrance agents","rw","a"
"amyl senecioate","https://www.thegoodscentscompany.com/data/rw1459611.html","/data/rw1459611.html","56922-72-6","information only not used for fragrances or flavors","rw","a"
"iso amyl senecioate","https://www.thegoodscentscompany.com/data/rw1411491.html","/data/rw1411491.html","56922-73-7","flavoring agents","rw","a"
"amyl stearate","https://www.thegoodscentscompany.com/data/rw1411661.html","/data/rw1411661.html","6382-13-4","solvents/deluents for fragrance agents","rw","a"
"amyl isothiocyanate","https://www.thegoodscentscompany.com/data/rw1586811.html","/data/rw1586811.html","629-12-9","flavoring agents","rw","a"
"iso amyl isothiocyanate","https://www.thegoodscentscompany.com/data/rw1586771.html","/data/rw1586771.html","628-03-5","flavoring agents","rw","a"
"iso amyl thiophene-2-carboxylate","https://www.thegoodscentscompany.com/data/rw1095301.html","/data/rw1095301.html","35250-80-7","information only not used for fragrances or flavors","rw","a"
"amyl tiglate","https://www.thegoodscentscompany.com/data/rw1459591.html","/data/rw1459591.html","7785-65-1","flavor and fragrance agents","rw","a"
"iso amyl tiglate","https://www.thegoodscentscompany.com/data/rw1005821.html","/data/rw1005821.html","41519-18-0","flavor and fragrance agents","rw","a"
"amyl undecylenate","https://www.thegoodscentscompany.com/data/rw1411671.html","/data/rw1411671.html","18451-96-2","flavor and fragrance agents","rw","a"
"iso amyl undecylenate","https://www.thegoodscentscompany.com/data/rw1005921.html","/data/rw1005921.html","12262-03-2","flavor and fragrance agents","rw","a"
"amyl valerate","https://www.thegoodscentscompany.com/data/rw1005951.html","/data/rw1005951.html","2173-56-0","flavor and fragrance agents","rw","a"
"amyl isovalerate","https://www.thegoodscentscompany.com/data/rw1001051.html","/data/rw1001051.html","25415-62-7","flavor and fragrance agents","rw","a"
"iso amyl valerate","https://www.thegoodscentscompany.com/data/rw1045091.html","/data/rw1045091.html","2050-09-1","flavor and fragrance agents","rw","a"
"iso amyl isovalerate","https://www.thegoodscentscompany.com/data/rw1003561.html","/data/rw1003561.html","659-70-1","flavor and fragrance agents","rw","a"
"iso amyl-(2,5-dimethyl-3-furyl) disulfide","https://www.thegoodscentscompany.com/data/rw1010551.html","/data/rw1010551.html","61197-13-5","information only not used for fragrances or flavors","rw","a"
"3-iso amyl-6-methyl-2-heptyl myristate","https://www.thegoodscentscompany.com/data/rw1354971.html","/data/rw1354971.html","88332-30-3","information only not used for fragrances or flavors","rw","a"
"amylase","https://www.thegoodscentscompany.com/data/rw1361561.html","/data/rw1361561.html","9000-92-4","enzyme preparations and microorganisms","rw","a"
"alpha- amylase","https://www.thegoodscentscompany.com/data/rw1353001.html","/data/rw1353001.html","9000-90-2","enzyme preparations and microorganisms","rw","a"
"beta- amylase","https://www.thegoodscentscompany.com/data/rw1403031.html","/data/rw1403031.html","9000-91-3","enzyme preparations and microorganisms","rw","a"
"alpha- amylase (thermostable) from bacillus licheniformis","https://www.thegoodscentscompany.com/data/rw1352981.html","/data/rw1352981.html","9000-85-5","starch hydrolysis","rw","a"
"alpha- amylase and glucoamylase from aspergillus oryzae","https://www.thegoodscentscompany.com/data/rw1609471.html","/data/rw1609471.html","","enzyme preparations and microorganisms","rw","a"
"alpha- amylase derived from bacillus licheniformis carrying a gene encoding a modified alpha-amylase from bacillus licheniformis","https://www.thegoodscentscompany.com/data/rw1679611.html","/data/rw1679611.html","","processing aids","rw","a"
"alpha- amylase derived from pseudomonas fluorescens biovar I expressing a gene encoding a hybrid alpha-amylase derived from three microorganisms","https://www.thegoodscentscompany.com/data/rw1679851.html","/data/rw1679851.html","","enzyme preparations and microorganisms","rw","a"
"alpha- amylase from aspergillus flavus","https://www.thegoodscentscompany.com/data/rw1606071.html","/data/rw1606071.html","977032-05-5","starch hydrolysis","rw","a"
"alpha- amylase from aspergillus niger","https://www.thegoodscentscompany.com/data/rw1606081.html","/data/rw1606081.html","977031-46-1","starch hydrolysis","rw","a"
"alpha- amylase from aspergillus oryzae","https://www.thegoodscentscompany.com/data/rw1606031.html","/data/rw1606031.html","977082-95-3","starch hydrolysis, syrup production, baking and brewing","rw","a"
"alpha- amylase from bacillus licheniformis expressed in bacillus stearothermophilus","https://www.thegoodscentscompany.com/data/rw1679481.html","/data/rw1679481.html","","processing aids","rw","a"
"alpha- amylase from bacillus megaterium expressed in bacillus subtilis","https://www.thegoodscentscompany.com/data/rw1606041.html","/data/rw1606041.html","9000-85-5","starch hydrolysis","rw","a"
"alpha- amylase from bacillus stearothermophilus","https://www.thegoodscentscompany.com/data/rw1584501.html","/data/rw1584501.html","98002-53-0","starch hydrolysis","rw","a"
"alpha- amylase from bacillus stearothermophilus expressed in bacillus subtilis","https://www.thegoodscentscompany.com/data/rw1606051.html","/data/rw1606051.html","9000-85-5","starch hydrolysis","rw","a"
"alpha- amylase from bacillus subtilis","https://www.thegoodscentscompany.com/data/rw1606061.html","/data/rw1606061.html","9000-85-5","starch hydrolysis","rw","a"
"alpha- amylase from geobacillus stearothermophilus produced in bacillus licheniformis","https://www.thegoodscentscompany.com/data/rw1016271.html","/data/rw1016271.html","","processing aid in grain processing and tuber starch processing, brewing, cereal beverage manufacture","rw","a"
"iso amylase from pseudomonas amyloderamosa","https://www.thegoodscentscompany.com/data/rw1609031.html","/data/rw1609031.html","9067-73-6","enzyme preparations and microorganisms","rw","a"
"amyloglucosidase from aspergillus niger","https://www.thegoodscentscompany.com/data/rw1002511.html","/data/rw1002511.html","9032-08-0","convert starches to dextrins and glucose in the preparation of starch syrups, dextrose, fruit juices","rw","a"
"amyloglucosidase from rhizopus niveus","https://www.thegoodscentscompany.com/data/rw1606091.html","/data/rw1606091.html","977080-40-2","convert starches to dextrins and glucose in the preparation of starch syrups, dextrose, fruit juices","rw","a"
"amylomaltase enzyme preparation from bacillus amyloliquefaciens carrying an amylomaltase gene from thermus thermophiles","https://www.thegoodscentscompany.com/data/rw1094581.html","/data/rw1094581.html","","processing aids","rw","a"
"amylopectin","https://www.thegoodscentscompany.com/data/rw1361571.html","/data/rw1361571.html","9037-22-3","cosmetic agents","rw","a"
"amylose","https://www.thegoodscentscompany.com/data/rw1220131.html","/data/rw1220131.html","9005-82-7","humectants","rw","a"
"alpha- amyrin","https://www.thegoodscentscompany.com/data/rw1384271.html","/data/rw1384271.html","638-95-9","natural substances and extractives","rw","a"
"beta- amyrin","https://www.thegoodscentscompany.com/data/rw1057681.html","/data/rw1057681.html","559-70-6","natural substances and extractives","rw","a"
"epi-alpha- amyrin","https://www.thegoodscentscompany.com/data/rw1856251.html","/data/rw1856251.html","5937-48-4","natural substances and extractives","rw","a"
"alpha- amyrin acetate","https://www.thegoodscentscompany.com/data/rw1856261.html","/data/rw1856261.html","863-76-3","natural substances and extractives","rw","a"
"beta- amyrin acetate","https://www.thegoodscentscompany.com/data/rw1701761.html","/data/rw1701761.html","1616-93-9","natural substances and extractives","rw","a"
"alpha- amyrin cerotate","https://www.thegoodscentscompany.com/data/rw1856871.html","/data/rw1856871.html","307319-21-7","natural substances and extractives","rw","a"
"amyrin palmitate","https://www.thegoodscentscompany.com/data/rw1476091.html","/data/rw1476091.html","5973-06-8","natural substances and extractives","rw","a"
"alpha- amyrin tetratriacontanoate","https://www.thegoodscentscompany.com/data/rw1856861.html","/data/rw1856861.html","124693-68-1","natural substances and extractives","rw","a"
"amyris acetate","https://www.thegoodscentscompany.com/data/rw1001111.html","/data/rw1001111.html","68916-14-3","fragrance agents","rw","a"
"amyris alcohol","https://www.thegoodscentscompany.com/data/rw1027561.html","/data/rw1027561.html","","flavor and fragrance agents","rw","a"
"amyris bark oil","https://www.thegoodscentscompany.com/data/es1116991.html","/data/es1116991.html","8015-65-4","flavor and fragrance agents","es","a"
"amyris elemifera extract","https://www.thegoodscentscompany.com/data/ex1386531.html","/data/ex1386531.html","93333-75-6","information only not used for fragrances or flavors","ex","a"
"amyris extract","https://www.thegoodscentscompany.com/data/ex1386541.html","/data/ex1386541.html","90320-49-3","fragrance agents","ex","a"
"acetylated amyris extract","https://www.thegoodscentscompany.com/data/ex1388071.html","/data/ex1388071.html","83863-22-3","fragrance agents","ex","a"
"amyris specialty","https://www.thegoodscentscompany.com/data/pb1130631.html","/data/pb1130631.html","","fragrance agents","pb","a"
"amyris wood","https://www.thegoodscentscompany.com/data/rs1039021.html","/data/rs1039021.html","977059-69-0","flavoring agents and adjuvants","rs","a"
"amyris wood oil","https://www.thegoodscentscompany.com/data/es1028832.html","/data/es1028832.html","8015-65-4","flavor and fragrance agents","es","a"
"amyris wood oil replacer","https://www.thegoodscentscompany.com/data/es1084031.html","/data/es1084031.html","","fragrance agents","es","a"
"amyris wood oil terpeneless","https://www.thegoodscentscompany.com/data/es1386521.html","/data/es1386521.html","68916-10-9","fragrance agents","es","a"
"alpha- amyrone","https://www.thegoodscentscompany.com/data/rw1856271.html","/data/rw1856271.html","638-96-0","natural substances and extractives","rw","a"
"(&plusmn;)- anabasine","https://www.thegoodscentscompany.com/data/rw1135601.html","/data/rw1135601.html","13078-04-1","natural substances and extractives","rw","a"
"anabsin","https://www.thegoodscentscompany.com/data/rw1855051.html","/data/rw1855051.html","72542-39-3","natural substances and extractives","rw","a"
"anabsinthin","https://www.thegoodscentscompany.com/data/rw1855061.html","/data/rw1855061.html","6903-12-4","natural substances and extractives","rw","a"
"anacardium giganteum fruit","https://www.thegoodscentscompany.com/data/rs1087161.html","/data/rs1087161.html","","information only not used for fragrances or flavors","rs","a"
"anacardium humile fruit","https://www.thegoodscentscompany.com/data/rs1087171.html","/data/rs1087171.html","","information only not used for fragrances or flavors","rs","a"
"anacardium occidentale extract","https://www.thegoodscentscompany.com/data/ex1103041.html","/data/ex1103041.html","89958-30-5","cosmetic, flavor and fragrance agents","ex","a"
"anacardium occidentale fruit","https://www.thegoodscentscompany.com/data/rs1087191.html","/data/rs1087191.html","","information only not used for fragrances or flavors","rs","a"
"anacardium occidentale fruit puree","https://www.thegoodscentscompany.com/data/fl1007561.html","/data/fl1007561.html","","flavoring agents","fl","a"
"anacardium vulgare extract","https://www.thegoodscentscompany.com/data/ex1386591.html","/data/ex1386591.html","100209-20-9","information only not used for fragrances or flavors","ex","a"
"anacolosa frutescens fruit","https://www.thegoodscentscompany.com/data/rs1087181.html","/data/rs1087181.html","","information only not used for fragrances or flavors","rs","a"
"anacyclus pyrethrum root extract","https://www.thegoodscentscompany.com/data/ex1403341.html","/data/ex1403341.html","84787-64-4","cosmetic ingredient for skin conditioning","ex","a"
"anadenanthera colubrina bark extract","https://www.thegoodscentscompany.com/data/ex1692681.html","/data/ex1692681.html","1011294-33-9","humectants, skin conditioning","ex","a"
"anagallis arvensis extract","https://www.thegoodscentscompany.com/data/ex1386611.html","/data/ex1386611.html","84929-59-9","information only not used for fragrances or flavors","ex","a"
"ananas comosus extract","https://www.thegoodscentscompany.com/data/ex1059021.html","/data/ex1059021.html","68917-26-0","cosmetic agents","ex","a"
"ananas erectifolius leaf juice","https://www.thegoodscentscompany.com/data/fl1707041.html","/data/fl1707041.html","","humectants","fl","a"
"ananas sativus fruit","https://www.thegoodscentscompany.com/data/rs1692691.html","/data/rs1692691.html","68917-26-0","cosmetic ingredient for skin conditioning","rs","a"
"hydrolyzed ananas sativus fruit","https://www.thegoodscentscompany.com/data/rs1707051.html","/data/rs1707051.html","","astringent, skin conditioning","rs","a"
"ananas sativus fruit extract","https://www.thegoodscentscompany.com/data/ex1362701.html","/data/ex1362701.html","68917-26-0","cosmetic ingredient for skin conditioning","ex","a"
"ananas sativus fruit juice","https://www.thegoodscentscompany.com/data/fl1692701.html","/data/fl1692701.html","68917-26-0","cosmetic ingredient for skin conditioning","fl","a"
"ananas sativus fruit puree","https://www.thegoodscentscompany.com/data/fl1030111.html","/data/fl1030111.html","68917-26-0","flavoring agents and adjuvants","fl","a"
"ananas sativus fruit water","https://www.thegoodscentscompany.com/data/ex1692711.html","/data/ex1692711.html","68917-26-0","cosmetic ingredient for skin conditioning","ex","a"
"ananas sativus stem powder","https://www.thegoodscentscompany.com/data/rs1707061.html","/data/rs1707061.html","","cosmetic ingredient for skin conditioning","rs","a"
"ananasic acid","https://www.thegoodscentscompany.com/data/rw1865931.html","/data/rw1865931.html","60877-02-3","natural substances and extractives","rw","a"
"anastatica hierochuntica extract","https://www.thegoodscentscompany.com/data/ex1692721.html","/data/ex1692721.html","","astringent, skin conditioning","ex","a"
"anastreptene","https://www.thegoodscentscompany.com/data/rw1560361.html","/data/rw1560361.html","64340-33-6","natural substances and extractives","rw","a"
"anaxagoreine","https://www.thegoodscentscompany.com/data/rw1845031.html","/data/rw1845031.html","77410-38-9","natural substances and extractives","rw","a"
"ancho chili extract","https://www.thegoodscentscompany.com/data/ex1115651.html","/data/ex1115651.html","","flavoring agents","ex","a"
"ancho chili oleoresin","https://www.thegoodscentscompany.com/data/ol1548091.html","/data/ol1548091.html","","flavoring agents and adjuvants","ol","a"
"anchovy flavor","https://www.thegoodscentscompany.com/data/fl1598241.html","/data/fl1598241.html","","flavored products of all types","fl","a"
"anchusa arvensis extract","https://www.thegoodscentscompany.com/data/ex1692731.html","/data/ex1692731.html","90320-53-9","cosmetic ingredient for skin conditioning","ex","a"
"andesite extract","https://www.thegoodscentscompany.com/data/ex1707071.html","/data/ex1707071.html","","cosmetic ingredient for skin conditioning","ex","a"
"andira araroba extract","https://www.thegoodscentscompany.com/data/ex1386631.html","/data/ex1386631.html","93348-00-6","information only not used for fragrances or flavors","ex","a"
"andira inermis extract","https://www.thegoodscentscompany.com/data/ex1386641.html","/data/ex1386641.html","90320-54-0","information only not used for fragrances or flavors","ex","a"
"andrographis paniculata extract","https://www.thegoodscentscompany.com/data/ex1658381.html","/data/ex1658381.html","90244-84-1","astringent, skin conditioning","ex","a"
"andrographis paniculata herb","https://www.thegoodscentscompany.com/data/rs1041601.html","/data/rs1041601.html","90244-84-1","information only not used for fragrances or flavors","rs","a"
"andrographis paniculata herb tincture","https://www.thegoodscentscompany.com/data/ex1676141.html","/data/ex1676141.html","90244-84-1","information only not used for fragrances or flavors","ex","a"
"andrographis paniculata leaf extract","https://www.thegoodscentscompany.com/data/ex1386651.html","/data/ex1386651.html","90244-84-1","astringent, skin conditioning","ex","a"
"andrographis paniculata seed","https://www.thegoodscentscompany.com/data/rs1670571.html","/data/rs1670571.html","90244-84-1","information only not used for fragrances or flavors","rs","a"
"andrographolide","https://www.thegoodscentscompany.com/data/rw1220141.html","/data/rw1220141.html","5508-58-7","cosmetic ingredient for skin conditioning","rw","a"
"androsace umbellata extract","https://www.thegoodscentscompany.com/data/ex1707081.html","/data/ex1707081.html","","antioxidants","ex","a"
"5alpha- androst-16-en-3beta-ol","https://www.thegoodscentscompany.com/data/rw1538941.html","/data/rw1538941.html","7148-51-8","natural substances and extractives","rw","a"
"androst-5-en-3-ol","https://www.thegoodscentscompany.com/data/rw1538921.html","/data/rw1538921.html","1476-64-8","natural substances and extractives","rw","a"
"androstadienone","https://www.thegoodscentscompany.com/data/rw1612311.html","/data/rw1612311.html","4075-07-4","fragrance agents","rw","a"
"androstan-17-ol","https://www.thegoodscentscompany.com/data/rw1538961.html","/data/rw1538961.html","1225-43-0","information only not used for fragrances or flavors","rw","a"
"(3alpha,5alpha)- androst-16-en-3-ol","https://www.thegoodscentscompany.com/data/rw1010781.html","/data/rw1010781.html","1153-51-1","fragrance agents","rw","a"
"5alpha- androst-16-en-3-one","https://www.thegoodscentscompany.com/data/rw1211791.html","/data/rw1211791.html","18339-16-7","fragrance agents","rw","a"
"anemarrhena asphodeloides root extract","https://www.thegoodscentscompany.com/data/ex1662081.html","/data/ex1662081.html","","cosmetic ingredient for skin conditioning","ex","a"
"anemone coronaria extract","https://www.thegoodscentscompany.com/data/ex1386751.html","/data/ex1386751.html","90320-56-2","information only not used for fragrances or flavors","ex","a"
"anemone hepatica extract","https://www.thegoodscentscompany.com/data/ex1386741.html","/data/ex1386741.html","84695-97-6","information only not used for fragrances or flavors","ex","a"
"anemone montana extract","https://www.thegoodscentscompany.com/data/ex1386681.html","/data/ex1386681.html","89957-39-1","information only not used for fragrances or flavors","ex","a"
"anemone nemorosa extract","https://www.thegoodscentscompany.com/data/ex1386691.html","/data/ex1386691.html","89957-40-4","information only not used for fragrances or flavors","ex","a"
"anemone pratensis extract","https://www.thegoodscentscompany.com/data/ex1386701.html","/data/ex1386701.html","89957-41-5","information only not used for fragrances or flavors","ex","a"
"anemone pulsatilla herb","https://www.thegoodscentscompany.com/data/rs1061821.html","/data/rs1061821.html","","information only not used for fragrances or flavors","rs","a"
"anemone pulsatilla herb tincture","https://www.thegoodscentscompany.com/data/ex1677981.html","/data/ex1677981.html","","information only not used for fragrances or flavors","ex","a"
"anethol","https://www.thegoodscentscompany.com/data/rw1375541.html","/data/rw1375541.html","104-46-1","flavor and fragrance agents","rw","a"
"(E)- anethol","https://www.thegoodscentscompany.com/data/rw1001152.html","/data/rw1001152.html","4180-23-8","flavor and fragrance agents","rw","a"
"(Z)- anethol","https://www.thegoodscentscompany.com/data/rw1501611.html","/data/rw1501611.html","25679-28-1","natural substances and extractives","rw","a"
"(&plusmn;)-erythro- anethole glycol","https://www.thegoodscentscompany.com/data/rw1830471.html","/data/rw1830471.html","94497-49-1","natural substances and extractives","rw","a"
"(&plusmn;)-threo- anethole glycol","https://www.thegoodscentscompany.com/data/rw1840561.html","/data/rw1840561.html","94497-48-0","natural substances and extractives","rw","a"
"(-)-erythro- anethole glycol 1-glucoside","https://www.thegoodscentscompany.com/data/rw1833151.html","/data/rw1833151.html","217973-29-0","natural substances and extractives","rw","a"
"(-)-erythro- anethole glycol 2-glucoside","https://www.thegoodscentscompany.com/data/rw1833621.html","/data/rw1833621.html","217973-45-0","natural substances and extractives","rw","a"
"anetholea anisata leaf extract","https://www.thegoodscentscompany.com/data/ex1692741.html","/data/ex1692741.html","","cosmetic ingredient for skin and hair conditioning","ex","a"
"anethum graveolens fruit extract","https://www.thegoodscentscompany.com/data/ex1612891.html","/data/ex1612891.html","90028-03-8","flavor and fragrance agents","ex","a"
"anethum graveolens herb extract","https://www.thegoodscentscompany.com/data/ex1386771.html","/data/ex1386771.html","90028-03-8","flavor and fragrance agents","ex","a"
"anethum graveolens herb oil","https://www.thegoodscentscompany.com/data/es1022851.html","/data/es1022851.html","8006-75-5","flavor and fragrance agents","es","a"
"anethum graveolens herb tincture","https://www.thegoodscentscompany.com/data/ex1673391.html","/data/ex1673391.html","90028-03-8","flavor and fragrance agents","ex","a"
"angel dust fragrance","https://www.thegoodscentscompany.com/data/fr1107301.html","/data/fr1107301.html","","fragranced products of all types","fr","a"
"angel essence fragrance","https://www.thegoodscentscompany.com/data/fr1107311.html","/data/fr1107311.html","","fragranced products of all types","fr","a"
"angel feathers fragrance","https://www.thegoodscentscompany.com/data/fr1106451.html","/data/fr1106451.html","","fragranced products of all types","fr","a"
"angel wings fragrance","https://www.thegoodscentscompany.com/data/fr1112651.html","/data/fr1112651.html","","fragranced products of all types","fr","a"
"angelica acutiloba flower extract","https://www.thegoodscentscompany.com/data/ex1660871.html","/data/ex1660871.html","164288-49-7","cosmetic ingredient for skin conditioning","ex","a"
"angelica acutiloba root","https://www.thegoodscentscompany.com/data/rs1692751.html","/data/rs1692751.html","164288-49-7","cosmetic ingredient for skin conditioning","rs","a"
"angelica acutiloba root extract","https://www.thegoodscentscompany.com/data/ex1660861.html","/data/ex1660861.html","164288-49-7","cosmetic ingredient for skin conditioning","ex","a"
"angelica acutiloba root water","https://www.thegoodscentscompany.com/data/ex1692761.html","/data/ex1692761.html","164288-49-7","cosmetic ingredient for skin conditioning","ex","a"
"angelica anomala extract","https://www.thegoodscentscompany.com/data/ex1386861.html","/data/ex1386861.html","97593-06-1","information only not used for fragrances or flavors","ex","a"
"angelica anomala root oil japan","https://www.thegoodscentscompany.com/data/es1539521.html","/data/es1539521.html","97593-06-1","fragrance agents","es","a"
"angelica archangelica distillates","https://www.thegoodscentscompany.com/data/fl1663631.html","/data/fl1663631.html","","flavor and fragrance agents","fl","a"
"angelica archangelica essence","https://www.thegoodscentscompany.com/data/ex1663621.html","/data/ex1663621.html","84775-41-7","flavor and fragrance agents","ex","a"
"angelica archangelica extract","https://www.thegoodscentscompany.com/data/ex1386841.html","/data/ex1386841.html","84775-41-7","cosmetic ingredient for skin conditioning","ex","a"
"angelica archangelica himalaica extract","https://www.thegoodscentscompany.com/data/ex1386811.html","/data/ex1386811.html","91745-63-0","information only not used for fragrances or flavors","ex","a"
"angelica archangelica leaf extract","https://www.thegoodscentscompany.com/data/ex1660851.html","/data/ex1660851.html","84775-41-7","flavor and fragrance agents","ex","a"
"angelica archangelica root extract","https://www.thegoodscentscompany.com/data/ex1005301.html","/data/ex1005301.html","84775-41-7","cosmetic, flavor and fragrance agents, dietary supplements","ex","a"
"angelica archangelica root oil CO2 extract","https://www.thegoodscentscompany.com/data/es1667821.html","/data/es1667821.html","84775-41-7","cosmetic, flavor and fragrance agents, dietary supplements","es","a"
"angelica archangelica root tincture","https://www.thegoodscentscompany.com/data/ex1672951.html","/data/ex1672951.html","84775-41-7","flavor and fragrance agents","ex","a"
"angelica archangelica root water","https://www.thegoodscentscompany.com/data/ex1662791.html","/data/ex1662791.html","84775-41-7","cosmetic, flavor and fragrance agents","ex","a"
"angelica archangelica seed extract","https://www.thegoodscentscompany.com/data/ex1054741.html","/data/ex1054741.html","84775-41-7","flavoring agents and cosmetic fragrance agents, dietary supplements","ex","a"
"angelica archangelica seed powder","https://www.thegoodscentscompany.com/data/rs1707121.html","/data/rs1707121.html","84775-41-7","abrasives","rs","a"
"angelica cartilaginomarginata extract","https://www.thegoodscentscompany.com/data/ex1692771.html","/data/ex1692771.html","","cosmetic ingredient for skin conditioning","ex","a"
"angelica dahurica extract","https://www.thegoodscentscompany.com/data/ex1692781.html","/data/ex1692781.html","","cosmetic ingredient for skin conditioning","ex","a"
"angelica dahurica leaf extract","https://www.thegoodscentscompany.com/data/ex1692801.html","/data/ex1692801.html","","cosmetic ingredient for skin conditioning","ex","a"
"angelica dahurica root extract","https://www.thegoodscentscompany.com/data/ex1692791.html","/data/ex1692791.html","","cosmetic ingredient for skin conditioning","ex","a"
"angelica dahurica root powder","https://www.thegoodscentscompany.com/data/rs1601121.html","/data/rs1601121.html","","abrasives, masknig agents","rs","a"
"angelica dahurica seed powder","https://www.thegoodscentscompany.com/data/rs1707141.html","/data/rs1707141.html","","abrasives","rs","a"
"angelica furcijuga flower/leaf/stem extract","https://www.thegoodscentscompany.com/data/ex1685021.html","/data/ex1685021.html","","cosmetic agents","ex","a"
"angelica gigas extract","https://www.thegoodscentscompany.com/data/ex1692811.html","/data/ex1692811.html","","cosmetic ingredient for skin conditioning","ex","a"
"angelica gigas root extract","https://www.thegoodscentscompany.com/data/ex1692821.html","/data/ex1692821.html","","cosmetic ingredient for skin and hair conditioning","ex","a"
"angelica gigas root water","https://www.thegoodscentscompany.com/data/ex1692831.html","/data/ex1692831.html","","cosmetic ingredient for skin conditioning","ex","a"
"angelica gigas sprout extract","https://www.thegoodscentscompany.com/data/ex1912371.html","/data/ex1912371.html","","cosmetic ingredient for skin conditioning","ex","a"
"angelica glauca extract","https://www.thegoodscentscompany.com/data/ex1386821.html","/data/ex1386821.html","91745-64-1","information only not used for fragrances or flavors","ex","a"
"angelica glauca oil","https://www.thegoodscentscompany.com/data/es1690891.html","/data/es1690891.html","91745-64-1","fragrance agents","es","a"
"angelica glauca root","https://www.thegoodscentscompany.com/data/rs1672631.html","/data/rs1672631.html","91745-64-1","information only not used for fragrances or flavors","rs","a"
"angelica japonica extract","https://www.thegoodscentscompany.com/data/ex1386871.html","/data/ex1386871.html","97593-07-2","cosmetic ingredient for skin conditioning","ex","a"
"angelica keiskei extract","https://www.thegoodscentscompany.com/data/ex1661851.html","/data/ex1661851.html","","cosmetic agents","ex","a"
"angelica keiskei leaf/stem extract","https://www.thegoodscentscompany.com/data/ex1689401.html","/data/ex1689401.html","","cosmetic ingredient for skin conditioning","ex","a"
"angelica keiskei root extract","https://www.thegoodscentscompany.com/data/ex1692841.html","/data/ex1692841.html","","cosmetic ingredient for skin conditioning","ex","a"
"angelica koreana root extract","https://www.thegoodscentscompany.com/data/ex1692851.html","/data/ex1692851.html","","cosmetic ingredient for skin conditioning","ex","a"
"alpha- angelica lactone","https://www.thegoodscentscompany.com/data/rw1029001.html","/data/rw1029001.html","591-12-8","flavor and fragrance agents","rw","a"
"beta- angelica lactone","https://www.thegoodscentscompany.com/data/rw1386791.html","/data/rw1386791.html","591-11-7","flavor and fragrance agents","rw","a"
"angelica leaf oil","https://www.thegoodscentscompany.com/data/es1546951.html","/data/es1546951.html","8015-64-3","flavor and fragrance agents","es","a"
"angelica oil","https://www.thegoodscentscompany.com/data/es1618781.html","/data/es1618781.html","8015-64-3","cosmetic, flavor and fragrance agents","es","a"
"angelica pubescens root extract","https://www.thegoodscentscompany.com/data/ex1066421.html","/data/ex1066421.html","","cosmetic ingredient for skin conditioning","ex","a"
"angelica refracta extract","https://www.thegoodscentscompany.com/data/ex1386831.html","/data/ex1386831.html","91745-65-2","information only not used for fragrances or flavors","ex","a"
"angelica root","https://www.thegoodscentscompany.com/data/rs1039051.html","/data/rs1039051.html","977050-06-8","spices, other natural seasonings and flavorings","rs","a"
"angelica root absolute","https://www.thegoodscentscompany.com/data/ab1068081.html","/data/ab1068081.html","","flavor and fragrance agents","ab","a"
"angelica root oil","https://www.thegoodscentscompany.com/data/es1022791.html","/data/es1022791.html","8015-64-3","flavor and fragrance agents","es","a"
"angelica seed","https://www.thegoodscentscompany.com/data/rs1039061.html","/data/rs1039061.html","977050-07-9","spices, other natural seasonings and flavorings","rs","a"
"angelica seed absolute","https://www.thegoodscentscompany.com/data/ab1604531.html","/data/ab1604531.html","8015-64-3","flavor and fragrance agents","ab","a"
"angelica seed oil","https://www.thegoodscentscompany.com/data/es1015931.html","/data/es1015931.html","8015-64-3","flavor and fragrance agents","es","a"
"angelica seed oil CO2 extract","https://www.thegoodscentscompany.com/data/es1005321.html","/data/es1005321.html","","flavor and fragrance agents","es","a"
"angelica sinensis leaf/arctium lappa root/jasminum officinale flower extract","https://www.thegoodscentscompany.com/data/ex1707161.html","/data/ex1707161.html","","cosmetic ingredient for skin conditioning","ex","a"
"angelica sinensis root","https://www.thegoodscentscompany.com/data/rs1672031.html","/data/rs1672031.html","92456-66-1","information only not used for fragrances or flavors","rs","a"
"angelica sinensis root absolute","https://www.thegoodscentscompany.com/data/ab1592211.html","/data/ab1592211.html","","fragrance agents","ab","a"
"angelica sinensis root distillates","https://www.thegoodscentscompany.com/data/fl1663551.html","/data/fl1663551.html","","cosmetic agents","fl","a"
"angelica sinensis root essence","https://www.thegoodscentscompany.com/data/ex1663561.html","/data/ex1663561.html","92456-66-1","cosmetic agents","ex","a"
"angelica sinensis root extract","https://www.thegoodscentscompany.com/data/ex1602561.html","/data/ex1602561.html","92456-66-1","cosmetic ingredient for skin conditioning","ex","a"
"angelica sinensis root tincture","https://www.thegoodscentscompany.com/data/ex1673401.html","/data/ex1673401.html","92456-66-1","information only not used for fragrances or flavors","ex","a"
"angelica stem oil","https://www.thegoodscentscompany.com/data/es1005341.html","/data/es1005341.html","8015-64-3","flavor and fragrance agents","es","a"
"angelica sylvestris chinensis extract","https://www.thegoodscentscompany.com/data/ex1386781.html","/data/ex1386781.html","92456-66-1","information only not used for fragrances or flavors","ex","a"
"angelica sylvestris extract","https://www.thegoodscentscompany.com/data/ex1386851.html","/data/ex1386851.html","89957-42-6","information only not used for fragrances or flavors","ex","a"
"angelica tenuissima root extract","https://www.thegoodscentscompany.com/data/ex1692861.html","/data/ex1692861.html","","cosmetic ingredient for skin conditioning","ex","a"
"angelica utilis leaf extract","https://www.thegoodscentscompany.com/data/ex1912841.html","/data/ex1912841.html","","antioxidants","ex","a"
"(S)- angelicain","https://www.thegoodscentscompany.com/data/rw1817221.html","/data/rw1817221.html","49624-66-0","natural substances and extractives","rw","a"
"angelicin","https://www.thegoodscentscompany.com/data/rw1010821.html","/data/rw1010821.html","523-50-2","natural substances and extractives","rw","a"
"angelicolide","https://www.thegoodscentscompany.com/data/rw1808321.html","/data/rw1808321.html","90826-58-7","natural substances and extractives","rw","a"
"3'- angeloyl oxy-4'-acetoxy-3',4'-dihydroseselin","https://www.thegoodscentscompany.com/data/rw1539491.html","/data/rw1539491.html","81740-05-8","natural substances and extractives","rw","a"
"22- angeloylbarringtogenol C","https://www.thegoodscentscompany.com/data/rw1831991.html","/data/rw1831991.html","200492-43-9","natural substances and extractives","rw","a"
"8- angeloylegelolide","https://www.thegoodscentscompany.com/data/rw1863511.html","/data/rw1863511.html","142449-63-6","natural substances and extractives","rw","a"
"angeloylsenkyunolide F","https://www.thegoodscentscompany.com/data/rw1880601.html","/data/rw1880601.html","112899-64-6","natural substances and extractives","rw","a"
"22- angeloyltheasapogenol A","https://www.thegoodscentscompany.com/data/rw1831961.html","/data/rw1831961.html","200492-44-0","natural substances and extractives","rw","a"
"angola weed","https://www.thegoodscentscompany.com/data/rs1039071.html","/data/rs1039071.html","977038-44-0","flavoring agents and adjuvants","rs","a"
"angoroside C","https://www.thegoodscentscompany.com/data/rw1692871.html","/data/rw1692871.html","115909-22-3","antioxidants, skin conditioning","rw","a"
"angostura bark","https://www.thegoodscentscompany.com/data/rs1039081.html","/data/rs1039081.html","977000-22-8","spices, other natural seasonings and flavorings","rs","a"
"angostura bark oil","https://www.thegoodscentscompany.com/data/es1386891.html","/data/es1386891.html","68916-12-1","flavoring agents","es","a"
"angustifoline","https://www.thegoodscentscompany.com/data/rw1593291.html","/data/rw1593291.html","550-43-6","natural substances and extractives","rw","a"
"angustione","https://www.thegoodscentscompany.com/data/rw1010841.html","/data/rw1010841.html","641-11-2","natural substances and extractives","rw","a"
"7,10- anhydro-11,12-dihydrochiloscypholone","https://www.thegoodscentscompany.com/data/rw1564841.html","/data/rw1564841.html","","nematocide","rw","a"
"anhydroamarouciaxanthin B","https://www.thegoodscentscompany.com/data/rw1858051.html","/data/rw1858051.html","119286-10-1","natural substances and extractives","rw","a"
"anhydrocinnzeylanine","https://www.thegoodscentscompany.com/data/rw1857621.html","/data/rw1857621.html","68799-62-2","natural substances and extractives","rw","a"
"anhydrocinnzeylanol","https://www.thegoodscentscompany.com/data/rw1857611.html","/data/rw1857611.html","65230-04-8","natural substances and extractives","rw","a"
"anhydroencecalinol","https://www.thegoodscentscompany.com/data/rw1563621.html","/data/rw1563621.html","62458-61-1","natural substances and extractives","rw","a"
"anhydroenneaheptitol","https://www.thegoodscentscompany.com/data/rw1463981.html","/data/rw1463981.html","4744-47-2","indirect food additives: adhesives and components of coatings","rw","a"
"D-1,5- anhydrofructose","https://www.thegoodscentscompany.com/data/rw1893411.html","/data/rw1893411.html","75414-43-6","natural substances and extractives","rw","a"
"anhydroglycinol","https://www.thegoodscentscompany.com/data/rw1814191.html","/data/rw1814191.html","67685-22-7","natural substances and extractives","rw","a"
"anhydrogossypol","https://www.thegoodscentscompany.com/data/rw1429201.html","/data/rw1429201.html","73728-76-4","natural substances and extractives","rw","a"
"anhydromaggiemycin","https://www.thegoodscentscompany.com/data/rw1485091.html","/data/rw1485091.html","91432-49-4","natural substances and extractives","rw","a"
"anhydromarasmone","https://www.thegoodscentscompany.com/data/rw1853371.html","/data/rw1853371.html","122458-06-4","natural substances and extractives","rw","a"
"anhydroryanodine","https://www.thegoodscentscompany.com/data/rw1453951.html","/data/rw1453951.html","6883-31-4","natural substances and extractives","rw","a"
"anhydrosophoradiol","https://www.thegoodscentscompany.com/data/rw1848691.html","/data/rw1848691.html","86425-22-1","natural substances and extractives","rw","a"
"aniba fragrans extract","https://www.thegoodscentscompany.com/data/ex1386941.html","/data/ex1386941.html","91771-22-1","information only not used for fragrances or flavors","ex","a"
"aniba parviflora extract","https://www.thegoodscentscompany.com/data/ex1386951.html","/data/ex1386951.html","91771-23-2","information only not used for fragrances or flavors","ex","a"
"aniba rosaeodora root extract acetylated","https://www.thegoodscentscompany.com/data/ex1386911.html","/data/ex1386911.html","90622-72-3","fragrance agents","ex","a"
"aniba rosaeodora var. amazonica wood extract","https://www.thegoodscentscompany.com/data/ex1386921.html","/data/ex1386921.html","93685-34-8","cosmetic, flavor and fragrance agents","ex","a"
"aniba rosaeodora wood extract","https://www.thegoodscentscompany.com/data/ex1386901.html","/data/ex1386901.html","83863-32-5","fragrance agents","ex","a"
"aniba therminalis extract","https://www.thegoodscentscompany.com/data/ex1386931.html","/data/ex1386931.html","93685-35-9","information only not used for fragrances or flavors","ex","a"
"anigorootin","https://www.thegoodscentscompany.com/data/rw1833671.html","/data/rw1833671.html","221287-38-3","natural substances and extractives","rw","a"
"anigorufone","https://www.thegoodscentscompany.com/data/rw1839361.html","/data/rw1839361.html","56252-32-5","natural substances and extractives","rw","a"
"anigozanthos flavidus extract","https://www.thegoodscentscompany.com/data/ex1692891.html","/data/ex1692891.html","223749-17-5","cosmetic ingredient for skin conditioning","ex","a"
"anigozanthos flavidus flower/leaf extract","https://www.thegoodscentscompany.com/data/ex1692901.html","/data/ex1692901.html","223749-17-5","cosmetic ingredient for skin conditioning","ex","a"
"anigozanthos manglesii flower extract","https://www.thegoodscentscompany.com/data/ex1692911.html","/data/ex1692911.html","","cosmetic ingredient for skin and hair conditioning","ex","a"
"aniline","https://www.thegoodscentscompany.com/data/rw1220191.html","/data/rw1220191.html","62-53-3","pharmaceuticals / chemical synthisis","rw","a"
"animal carbolactone","https://www.thegoodscentscompany.com/data/rw1004851.html","/data/rw1004851.html","21280-29-5","fragrance agents","rw","a"
"animal fragrance","https://www.thegoodscentscompany.com/data/fr1540151.html","/data/fr1540151.html","","fragranced products of all types","fr","a"
"animal specialty","https://www.thegoodscentscompany.com/data/pb1001211.html","/data/pb1001211.html","","fragrance agents","pb","a"
"anisaldehyde","https://www.thegoodscentscompany.com/data/rw1411751.html","/data/rw1411751.html","50984-52-6","information only not used for fragrances or flavors","rw","a"
"homo anisaldehyde","https://www.thegoodscentscompany.com/data/rw1022121.html","/data/rw1022121.html","10031-82-0","flavor and fragrance agents","rw","a"
"meta- anisaldehyde","https://www.thegoodscentscompany.com/data/rw1039091.html","/data/rw1039091.html","591-31-1","flavor and fragrance agents","rw","a"
"ortho- anisaldehyde","https://www.thegoodscentscompany.com/data/rw1006111.html","/data/rw1006111.html","135-02-4","flavor and fragrance agents","rw","a"
"para- anisaldehyde","https://www.thegoodscentscompany.com/data/rw1001272.html","/data/rw1001272.html","123-11-5","flavor and fragrance agents","rw","a"
"anisaldehyde 2,3-butane diol acetal","https://www.thegoodscentscompany.com/data/rw1594941.html","/data/rw1594941.html","5420-89-3","flavor and fragrance agents","rw","a"
"para- anisaldehyde diethyl acetal","https://www.thegoodscentscompany.com/data/rw1039121.html","/data/rw1039121.html","2403-58-9","flavor and fragrance agents","rw","a"
"para- anisaldehyde dimethyl acetal","https://www.thegoodscentscompany.com/data/rw1032871.html","/data/rw1032871.html","2186-92-7","fragrance agents","rw","a"
"para- anisaldehyde / methyl anthranilate schiff's base","https://www.thegoodscentscompany.com/data/rw1025731.html","/data/rw1025731.html","14735-72-9","fragrance agents","rw","a"
"anisaldehyde propylene glycol acetal","https://www.thegoodscentscompany.com/data/rw1484781.html","/data/rw1484781.html","6414-32-0","flavor and fragrance agents","rw","a"
"(-)- anisatin","https://www.thegoodscentscompany.com/data/rw1443501.html","/data/rw1443501.html","5230-87-5","natural substances and extractives","rw","a"
"neo anisatin","https://www.thegoodscentscompany.com/data/rw1442051.html","/data/rw1442051.html","15589-82-9","natural substances and extractives","rw","a"
"anise flavor","https://www.thegoodscentscompany.com/data/fl1017631.html","/data/fl1017631.html","","flavored products of all types","fl","a"
"vanilla anise flavor","https://www.thegoodscentscompany.com/data/fl1690091.html","/data/fl1690091.html","","flavored products of all types","fl","a"
"anise fragrance","https://www.thegoodscentscompany.com/data/fr1109111.html","/data/fr1109111.html","","fragranced products of all types","fr","a"
"anise herbal mint flavor","https://www.thegoodscentscompany.com/data/fl1127521.html","/data/fl1127521.html","","flavored products of all types","fl","a"
"anise indene","https://www.thegoodscentscompany.com/data/rw1023921.html","/data/rw1023921.html","26912-64-1","fragrance agents","rw","a"
"star anise oil CO2 extract","https://www.thegoodscentscompany.com/data/es1052621.html","/data/es1052621.html","8007-70-3","flavor and fragrance agents","es","a"
"anise oleoresin","https://www.thegoodscentscompany.com/data/ol1039131.html","/data/ol1039131.html","84775-42-8","flavor and fragrance agents","ol","a"
"anise orange flavor","https://www.thegoodscentscompany.com/data/fl1606111.html","/data/fl1606111.html","","flavored products of all types","fl","a"
"anise seed","https://www.thegoodscentscompany.com/data/rs1005901.html","/data/rs1005901.html","977007-65-0","spices, other natural seasonings and flavorings","rs","a"
"anise seed absolute","https://www.thegoodscentscompany.com/data/ab1657301.html","/data/ab1657301.html","","flavor and fragrance agents","ab","a"
"anise seed concrete","https://www.thegoodscentscompany.com/data/co1657731.html","/data/co1657731.html","","fragrance agents","co","a"
"anise seed oil","https://www.thegoodscentscompany.com/data/es1027991.html","/data/es1027991.html","8007-70-3","flavor and fragrance agents","es","a"
"star anise seed oil china","https://www.thegoodscentscompany.com/data/es1101481.html","/data/es1101481.html","68952-43-2","flavor and fragrance agents","es","a"
"anise seed oil colombia","https://www.thegoodscentscompany.com/data/es1589201.html","/data/es1589201.html","8007-70-3","flavor and fragrance agents","es","a"
"star anise seed oil spain","https://www.thegoodscentscompany.com/data/es1028011.html","/data/es1028011.html","68952-43-2","flavor and fragrance agents","es","a"
"star anise seed oil terpeneless","https://www.thegoodscentscompany.com/data/tl1039141.html","/data/tl1039141.html","8007-70-3","flavor and fragrance agents","tl","a"
"anise seed oil terpenes","https://www.thegoodscentscompany.com/data/es1666511.html","/data/es1666511.html","","fragrance agents","es","a"
"anise seed tincture","https://www.thegoodscentscompany.com/data/ex1672961.html","/data/ex1672961.html","8007-70-3","flavor and fragrance agents","ex","a"
"anisette distillates","https://www.thegoodscentscompany.com/data/fl1654781.html","/data/fl1654781.html","","flavoring agents","fl","a"
"anisette flavor","https://www.thegoodscentscompany.com/data/fl1606281.html","/data/fl1606281.html","","flavored products of all types","fl","a"
"anisic acid","https://www.thegoodscentscompany.com/data/rw1411761.html","/data/rw1411761.html","1335-08-6","information only not used for fragrances or flavors","rw","a"
"meta- anisic acid","https://www.thegoodscentscompany.com/data/rw1056561.html","/data/rw1056561.html","586-38-9","flavoring agents","rw","a"
"ortho- anisic acid","https://www.thegoodscentscompany.com/data/rw1056551.html","/data/rw1056551.html","579-75-9","flavoring agents","rw","a"
"para- anisic acid","https://www.thegoodscentscompany.com/data/rw1031871.html","/data/rw1031871.html","100-09-4","flavoring agents","rw","a"
"meta- anisidine","https://www.thegoodscentscompany.com/data/rw1039161.html","/data/rw1039161.html","536-90-3","pharmaceuticals / chemical synthisis","rw","a"
"ortho- anisidine","https://www.thegoodscentscompany.com/data/rw1269991.html","/data/rw1269991.html","90-04-0","pharmaceuticals / chemical synthisis","rw","a"
"para- anisidine","https://www.thegoodscentscompany.com/data/rw1271361.html","/data/rw1271361.html","104-94-9","pharmaceuticals / chemical synthisis","rw","a"
"anisoin","https://www.thegoodscentscompany.com/data/rw1220211.html","/data/rw1220211.html","119-52-8","natural substances and extractives","rw","a"
"anisole","https://www.thegoodscentscompany.com/data/rw1031451.html","/data/rw1031451.html","100-66-3","flavor and fragrance agents","rw","a"
"para- anisyl acetaldehyde","https://www.thegoodscentscompany.com/data/rw1010901.html","/data/rw1010901.html","5703-26-4","flavor and fragrance agents","rw","a"
"ar- anisyl acetate","https://www.thegoodscentscompany.com/data/rw1411771.html","/data/rw1411771.html","1331-83-5","cosmetic and fragrance agents","rw","a"
"para- anisyl acetate","https://www.thegoodscentscompany.com/data/rw1001292.html","/data/rw1001292.html","104-21-2","flavor and fragrance agents","rw","a"
"para- anisyl acetoacetate","https://www.thegoodscentscompany.com/data/rw1383691.html","/data/rw1383691.html","61312-35-4","flavor and fragrance agents","rw","a"
"ar- anisyl alcohol","https://www.thegoodscentscompany.com/data/rw1411781.html","/data/rw1411781.html","1331-81-3","fragrance agents","rw","a"
"meta- anisyl alcohol","https://www.thegoodscentscompany.com/data/rw1056581.html","/data/rw1056581.html","6971-51-3","information only not used for fragrances or flavors","rw","a"
"ortho- anisyl alcohol","https://www.thegoodscentscompany.com/data/rw1056571.html","/data/rw1056571.html","612-16-8","flavor and fragrance agents","rw","a"
"para- anisyl alcohol","https://www.thegoodscentscompany.com/data/rw1001251.html","/data/rw1001251.html","105-13-5","flavor and fragrance agents","rw","a"
"ortho- anisyl benzoate","https://www.thegoodscentscompany.com/data/rw1466321.html","/data/rw1466321.html","64421-25-6","information only not used for fragrances or flavors","rw","a"
"para- anisyl benzoate","https://www.thegoodscentscompany.com/data/rw1010921.html","/data/rw1010921.html","1523-19-9","information only not used for fragrances or flavors","rw","a"
"anisyl isobutyrate","https://www.thegoodscentscompany.com/data/rw1025691.html","/data/rw1025691.html","6698-82-0","information only not used for fragrances or flavors","rw","a"
"para- anisyl butyrate","https://www.thegoodscentscompany.com/data/rw1022871.html","/data/rw1022871.html","6963-56-0","flavor and fragrance agents","rw","a"
"para- anisyl isobutyrate","https://www.thegoodscentscompany.com/data/rw1470281.html","/data/rw1470281.html","71172-26-4","flavor and fragrance agents","rw","a"
"2-(meta- anisyl) ethanol","https://www.thegoodscentscompany.com/data/rw1191381.html","/data/rw1191381.html","5020-41-7","natural substances and extractives","rw","a"
"2-(ortho- anisyl) ethanol","https://www.thegoodscentscompany.com/data/rw1177921.html","/data/rw1177921.html","7417-18-7","information only not used for fragrances or flavors","rw","a"
"2-(para- anisyl) ethanol","https://www.thegoodscentscompany.com/data/rw1204561.html","/data/rw1204561.html","702-23-8","flavor and fragrance agents","rw","a"
"para- anisyl formate","https://www.thegoodscentscompany.com/data/rw1020891.html","/data/rw1020891.html","122-91-8","flavor and fragrance agents","rw","a"
"para- anisyl heptanoate","https://www.thegoodscentscompany.com/data/rw1589351.html","/data/rw1589351.html","56052-15-4","information only not used for fragrances or flavors","rw","a"
"para- anisyl hexanoate","https://www.thegoodscentscompany.com/data/rw1383731.html","/data/rw1383731.html","6624-60-8","flavor and fragrance agents","rw","a"
"para- anisyl isothiocyanate","https://www.thegoodscentscompany.com/data/rw1204601.html","/data/rw1204601.html","2284-20-0","information only not used for fragrances or flavors","rw","a"
"anisyl isovalerate","https://www.thegoodscentscompany.com/data/rw1039171.html","/data/rw1039171.html","71617-09-9","flavor and fragrance agents","rw","a"
"meta- anisyl methyl ketone","https://www.thegoodscentscompany.com/data/rw1191431.html","/data/rw1191431.html","3027-13-2","information only not used for fragrances or flavors","rw","a"
"ortho- anisyl methyl ketone","https://www.thegoodscentscompany.com/data/rw1177971.html","/data/rw1177971.html","5211-62-1","information only not used for fragrances or flavors","rw","a"
"para- anisyl methyl ketone","https://www.thegoodscentscompany.com/data/rw1005711.html","/data/rw1005711.html","122-84-9","flavor and fragrance agents","rw","a"
"para- anisyl nitrile","https://www.thegoodscentscompany.com/data/rw1005651.html","/data/rw1005651.html","874-90-8","fragrance agents","rw","a"
"para- anisyl phenyl acetate","https://www.thegoodscentscompany.com/data/rw1022411.html","/data/rw1022411.html","102-17-0","flavor and fragrance agents","rw","a"
"anisyl propanal / methyl anthranilate schiff's base","https://www.thegoodscentscompany.com/data/rw1450561.html","/data/rw1450561.html","111753-62-9","fragrance agents","rw","a"
"para- anisyl propanal","https://www.thegoodscentscompany.com/data/rw1023691.html","/data/rw1023691.html","5462-06-6","fragrance agents","rw","a"
"para- anisyl propionate","https://www.thegoodscentscompany.com/data/rw1033771.html","/data/rw1033771.html","7549-33-9","flavor and fragrance agents","rw","a"
"para- anisyl salicylate","https://www.thegoodscentscompany.com/data/rw1383681.html","/data/rw1383681.html","72845-81-9","information only not used for fragrances or flavors","rw","a"
"para- anisyl valerate","https://www.thegoodscentscompany.com/data/rw1010951.html","/data/rw1010951.html","","flavor and fragrance agents","rw","a"
"para- anisyl isovalerate","https://www.thegoodscentscompany.com/data/rw1383741.html","/data/rw1383741.html","68922-04-3","flavor and fragrance agents","rw","a"
"anisylidene acetone","https://www.thegoodscentscompany.com/data/rw1010941.html","/data/rw1010941.html","943-88-4","flavoring agents","rw","a"
"(E)- anisylidene acetone","https://www.thegoodscentscompany.com/data/rw1122431.html","/data/rw1122431.html","3815-30-3","flavoring agents","rw","a"
"(Z)- anisylidene acetone","https://www.thegoodscentscompany.com/data/rw1122631.html","/data/rw1122631.html","943-87-3","flavoring agents","rw","a"
"annatto oleoresin","https://www.thegoodscentscompany.com/data/ol1648451.html","/data/ol1648451.html","","coloring agents","ol","a"
"annatto seed","https://www.thegoodscentscompany.com/data/rs1006061.html","/data/rs1006061.html","1393-63-1","coloring agents","rs","a"
"annatto seed extract (alkali-processed norbixin, acid precipitated)","https://www.thegoodscentscompany.com/data/ex1606911.html","/data/ex1606911.html","542-40-5","coloring agents","ex","a"
"annatto seed extract (alkali-processed norbixin, not acid precipitated)","https://www.thegoodscentscompany.com/data/ex1606921.html","/data/ex1606921.html","542-40-5","coloring agents","ex","a"
"annatto seed extract (aqueous-processed bixin)","https://www.thegoodscentscompany.com/data/ex1606931.html","/data/ex1606931.html","6983-79-5","coloring agents","ex","a"
"annatto seed extract (oil-processed bixin)","https://www.thegoodscentscompany.com/data/ex1606941.html","/data/ex1606941.html","6983-79-5","coloring agents","ex","a"
"annatto seed extract (solvent-extracted bixin)","https://www.thegoodscentscompany.com/data/ex1606951.html","/data/ex1606951.html","6983-79-5","coloring agents","ex","a"
"annatto seed extract (solvent-extracted norbixin)","https://www.thegoodscentscompany.com/data/ex1606961.html","/data/ex1606961.html","542-40-5","coloring agents","ex","a"
"annatto seed oil","https://www.thegoodscentscompany.com/data/vg1602081.html","/data/vg1602081.html","89957-43-7","emollients, humectants, skin conditioning","vg","a"
"annocherin A","https://www.thegoodscentscompany.com/data/rw1835341.html","/data/rw1835341.html","218281-62-0","natural substances and extractives","rw","a"
"annoglabasin A","https://www.thegoodscentscompany.com/data/rw1835351.html","/data/rw1835351.html","205312-85-2","natural substances and extractives","rw","a"
"annoglabasin B","https://www.thegoodscentscompany.com/data/rw1835331.html","/data/rw1835331.html","205312-86-3","natural substances and extractives","rw","a"
"annoglabasin C","https://www.thegoodscentscompany.com/data/rw1854071.html","/data/rw1854071.html","288627-09-8","natural substances and extractives","rw","a"
"annoglabasin D","https://www.thegoodscentscompany.com/data/rw1854081.html","/data/rw1854081.html","288627-10-1","natural substances and extractives","rw","a"
"annoglabasin E","https://www.thegoodscentscompany.com/data/rw1854061.html","/data/rw1854061.html","106454-60-8","natural substances and extractives","rw","a"
"annoglabasin F","https://www.thegoodscentscompany.com/data/rw1850301.html","/data/rw1850301.html","288627-12-3","natural substances and extractives","rw","a"
"annoglaucin","https://www.thegoodscentscompany.com/data/rw1812541.html","/data/rw1812541.html","164991-79-1","natural substances and extractives","rw","a"
"annohexocin","https://www.thegoodscentscompany.com/data/rw1891691.html","/data/rw1891691.html","167696-97-1","natural substances and extractives","rw","a"
"annomuricatin A","https://www.thegoodscentscompany.com/data/rw1829701.html","/data/rw1829701.html","173994-05-3","natural substances and extractives","rw","a"
"annomuricin A","https://www.thegoodscentscompany.com/data/rw1812531.html","/data/rw1812531.html","167172-78-3","natural substances and extractives","rw","a"
"annomuricin B","https://www.thegoodscentscompany.com/data/rw1812581.html","/data/rw1812581.html","167355-37-5","natural substances and extractives","rw","a"
"annomuricin C","https://www.thegoodscentscompany.com/data/rw1812591.html","/data/rw1812591.html","167355-39-7","natural substances and extractives","rw","a"
"annomutacin","https://www.thegoodscentscompany.com/data/rw1827711.html","/data/rw1827711.html","170900-29-5","natural substances and extractives","rw","a"
"annona atemoya fruit","https://www.thegoodscentscompany.com/data/rs1087221.html","/data/rs1087221.html","","information only not used for fragrances or flavors","rs","a"
"annona atemoya fruit extract","https://www.thegoodscentscompany.com/data/ex1911441.html","/data/ex1911441.html","","cosmetic ingredient for skin conditioning","ex","a"
"annona atemoya fruit water","https://www.thegoodscentscompany.com/data/ex1692921.html","/data/ex1692921.html","","humectants, skin conditioning","ex","a"
"annona atemoya peel extract","https://www.thegoodscentscompany.com/data/ex1692931.html","/data/ex1692931.html","","cosmetic ingredient for skin conditioning","ex","a"
"annona cacans fruit","https://www.thegoodscentscompany.com/data/rs1087231.html","/data/rs1087231.html","","information only not used for fragrances or flavors","rs","a"
"annona cherimola fruit","https://www.thegoodscentscompany.com/data/rs1087251.html","/data/rs1087251.html","","information only not used for fragrances or flavors","rs","a"
"annona cherimola fruit extract","https://www.thegoodscentscompany.com/data/ex1091851.html","/data/ex1091851.html","98653-82-8","cosmetic ingredient for skin conditioning","ex","a"
"annona diversifolia fruit","https://www.thegoodscentscompany.com/data/rs1087261.html","/data/rs1087261.html","","information only not used for fragrances or flavors","rs","a"
"annona glabra fruit","https://www.thegoodscentscompany.com/data/rs1087271.html","/data/rs1087271.html","","information only not used for fragrances or flavors","rs","a"
"annona marcgravii fruit","https://www.thegoodscentscompany.com/data/rs1087281.html","/data/rs1087281.html","","natural substances and extractives","rs","a"
"annona mucosa fruit","https://www.thegoodscentscompany.com/data/rs1087291.html","/data/rs1087291.html","","information only not used for fragrances or flavors","rs","a"
"annona muricata fruit","https://www.thegoodscentscompany.com/data/rs1670181.html","/data/rs1670181.html","93165-81-2","food additive and cosmetic agents","rs","a"
"annona muricata fruit extract","https://www.thegoodscentscompany.com/data/ex1116201.html","/data/ex1116201.html","93165-81-2","cosmetic and flavor agents","ex","a"
"annona muricata fruit puree","https://www.thegoodscentscompany.com/data/fl1028671.html","/data/fl1028671.html","93165-81-2","flavoring agents and adjuvants","fl","a"
"annona muricata leaf","https://www.thegoodscentscompany.com/data/rs1672141.html","/data/rs1672141.html","93165-81-2","information only not used for fragrances or flavors","rs","a"
"annona muricata leaf extract","https://www.thegoodscentscompany.com/data/ex1653351.html","/data/ex1653351.html","93165-81-2","cosmetic and flavor agents","ex","a"
"annona muricata seed","https://www.thegoodscentscompany.com/data/rs1678571.html","/data/rs1678571.html","93165-81-2","information only not used for fragrances or flavors","rs","a"
"annona nana fruit","https://www.thegoodscentscompany.com/data/rs1087301.html","/data/rs1087301.html","","information only not used for fragrances or flavors","rs","a"
"annona nitida fruit","https://www.thegoodscentscompany.com/data/rs1087311.html","/data/rs1087311.html","","information only not used for fragrances or flavors","rs","a"
"annona porpetac fruit","https://www.thegoodscentscompany.com/data/rs1087321.html","/data/rs1087321.html","","information only not used for fragrances or flavors","rs","a"
"annona purpurea fruit","https://www.thegoodscentscompany.com/data/rs1087331.html","/data/rs1087331.html","","information only not used for fragrances or flavors","rs","a"
"annona salzmannii fruit","https://www.thegoodscentscompany.com/data/rs1087341.html","/data/rs1087341.html","","information only not used for fragrances or flavors","rs","a"
"annona squamosa fruit extract","https://www.thegoodscentscompany.com/data/ex1911451.html","/data/ex1911451.html","","cosmetic ingredient for skin conditioning","ex","a"
"annona squamosa fruit","https://www.thegoodscentscompany.com/data/rs1087211.html","/data/rs1087211.html","","information only not used for fragrances or flavors","rs","a"
"annona squamosa seed extract","https://www.thegoodscentscompany.com/data/ex1649311.html","/data/ex1649311.html","","cosmetic agents","ex","a"
"annona squamosa seed oil","https://www.thegoodscentscompany.com/data/es1678741.html","/data/es1678741.html","","fragrance agents","es","a"
"annona stenophylla fruit","https://www.thegoodscentscompany.com/data/rs1086771.html","/data/rs1086771.html","","information only not used for fragrances or flavors","rs","a"
"annona sylvatica fruit","https://www.thegoodscentscompany.com/data/rs1087351.html","/data/rs1087351.html","","information only not used for fragrances or flavors","rs","a"
"annonacin","https://www.thegoodscentscompany.com/data/rw1834841.html","/data/rw1834841.html","111035-65-5","natural substances and extractives","rw","a"
"cis- annonacin","https://www.thegoodscentscompany.com/data/rw1893081.html","/data/rw1893081.html","172586-13-9","natural substances and extractives","rw","a"
"annonacin A","https://www.thegoodscentscompany.com/data/rw1875361.html","/data/rw1875361.html","130853-76-8","natural substances and extractives","rw","a"
"iso annonacin A","https://www.thegoodscentscompany.com/data/rw1888901.html","/data/rw1888901.html","123266-22-8","natural substances and extractives","rw","a"
"annonacin-10-one","https://www.thegoodscentscompany.com/data/rw1893391.html","/data/rw1893391.html","123266-21-7","natural substances and extractives","rw","a"
"cis- annonacin-10-one","https://www.thegoodscentscompany.com/data/rw1893091.html","/data/rw1893091.html","172488-91-4","natural substances and extractives","rw","a"
"neo annonin","https://www.thegoodscentscompany.com/data/rw1860431.html","/data/rw1860431.html","125205-43-8","natural substances and extractives","rw","a"
"neo annonin B","https://www.thegoodscentscompany.com/data/rw1859261.html","/data/rw1859261.html","170312-94-4","natural substances and extractives","rw","a"
"annonin XIV","https://www.thegoodscentscompany.com/data/rw1845471.html","/data/rw1845471.html","129138-52-9","natural substances and extractives","rw","a"
"annonisin","https://www.thegoodscentscompany.com/data/rw1826151.html","/data/rw1826151.html","194413-43-9","natural substances and extractives","rw","a"
"annonsilin A","https://www.thegoodscentscompany.com/data/rw1820101.html","/data/rw1820101.html","164177-57-5","natural substances and extractives","rw","a"
"annopentocin A","https://www.thegoodscentscompany.com/data/rw1826081.html","/data/rw1826081.html","184093-44-5","natural substances and extractives","rw","a"
"annopentocin B","https://www.thegoodscentscompany.com/data/rw1826241.html","/data/rw1826241.html","184093-45-6","natural substances and extractives","rw","a"
"annopentocin C","https://www.thegoodscentscompany.com/data/rw1826231.html","/data/rw1826231.html","184093-46-7","natural substances and extractives","rw","a"
"annoreticuin","https://www.thegoodscentscompany.com/data/rw1878731.html","/data/rw1878731.html","142488-56-0","natural substances and extractives","rw","a"
"iso annoreticuin","https://www.thegoodscentscompany.com/data/rw1878721.html","/data/rw1878721.html","142474-61-1","natural substances and extractives","rw","a"
"annoreticuin-9-one","https://www.thegoodscentscompany.com/data/rw1886931.html","/data/rw1886931.html","152369-74-9","natural substances and extractives","rw","a"
"annosquamosin A","https://www.thegoodscentscompany.com/data/rw1824981.html","/data/rw1824981.html","192584-48-8","natural substances and extractives","rw","a"
"annosquamosin A (terpene)","https://www.thegoodscentscompany.com/data/rw1892901.html","/data/rw1892901.html","177742-55-1","natural substances and extractives","rw","a"
"annosquamosin B","https://www.thegoodscentscompany.com/data/rw1825991.html","/data/rw1825991.html","177742-56-2","natural substances and extractives","rw","a"
"annuionone A","https://www.thegoodscentscompany.com/data/rw1830801.html","/data/rw1830801.html","201288-96-2","natural substances and extractives","rw","a"
"annuionone B","https://www.thegoodscentscompany.com/data/rw1829831.html","/data/rw1829831.html","211183-73-2","natural substances and extractives","rw","a"
"annuolide A","https://www.thegoodscentscompany.com/data/rw1863701.html","/data/rw1863701.html","152442-48-3","natural substances and extractives","rw","a"
"annuolide B","https://www.thegoodscentscompany.com/data/rw1863691.html","/data/rw1863691.html","152442-50-7","natural substances and extractives","rw","a"
"annuolide C","https://www.thegoodscentscompany.com/data/rw1855551.html","/data/rw1855551.html","152442-49-4","natural substances and extractives","rw","a"
"annuolide D","https://www.thegoodscentscompany.com/data/rw1885731.html","/data/rw1885731.html","152442-51-8","natural substances and extractives","rw","a"
"annuolide E","https://www.thegoodscentscompany.com/data/rw1867371.html","/data/rw1867371.html","152442-52-9","natural substances and extractives","rw","a"
"anoectochilus formosanus cell culture extract","https://www.thegoodscentscompany.com/data/ex1692941.html","/data/ex1692941.html","","cosmetic ingredient for skin conditioning","ex","a"
"anoectochilus formosanus extract","https://www.thegoodscentscompany.com/data/ex1692951.html","/data/ex1692951.html","","cosmetic ingredient for skin conditioning","ex","a"
"anogeissus latifolia stem/bark extract","https://www.thegoodscentscompany.com/data/ex1496111.html","/data/ex1496111.html","95009-09-9","information only not used for fragrances or flavors","ex","a"
"aniba ferrea wood oil","https://www.thegoodscentscompany.com/data/es1707181.html","/data/es1707181.html","","masking agents","es","a"
"anogeissus leiocarpus bark extract","https://www.thegoodscentscompany.com/data/ex1707191.html","/data/ex1707191.html","","cosmetic ingredient for skin protecting","ex","a"
"anomurine","https://www.thegoodscentscompany.com/data/rw1818561.html","/data/rw1818561.html","78478-27-0","natural substances and extractives","rw","a"
"hydrolyzed anona cherimolia fruit extract","https://www.thegoodscentscompany.com/data/ex1654021.html","/data/ex1654021.html","98653-82-8","antioxidants, skin conditioning","ex","a"
"anona reticulata juice","https://www.thegoodscentscompany.com/data/fl1707211.html","/data/fl1707211.html","","cosmetic ingredient for skin conditioning","fl","a"
"anona squamosa fruit","https://www.thegoodscentscompany.com/data/rs1675551.html","/data/rs1675551.html","","decorative botanicals","rs","a"
"anona squamosa leaf oil","https://www.thegoodscentscompany.com/data/es1068091.html","/data/es1068091.html","","fragrance agents","es","a"
"anona squamosa seed extract","https://www.thegoodscentscompany.com/data/ex1707221.html","/data/ex1707221.html","","cosmetic ingredient for skin protecting","ex","a"
"anonaine","https://www.thegoodscentscompany.com/data/rw1819201.html","/data/rw1819201.html","1862-41-5","natural substances and extractives","rw","a"
"anonidium mannii fruit","https://www.thegoodscentscompany.com/data/rs1087361.html","/data/rs1087361.html","","information only not used for fragrances or flavors","rs","a"
"anoxomer","https://www.thegoodscentscompany.com/data/rw1584511.html","/data/rw1584511.html","60837-57-2","antioxidant in food","rw","a"
"antennaria dioica extract","https://www.thegoodscentscompany.com/data/ex1386961.html","/data/ex1386961.html","84787-65-5","information only not used for fragrances or flavors","ex","a"
"antennaria dioica flower","https://www.thegoodscentscompany.com/data/rs1075081.html","/data/rs1075081.html","84787-65-5","information only not used for fragrances or flavors","rs","a"
"anthemidin","https://www.thegoodscentscompany.com/data/rw1442301.html","/data/rw1442301.html","71013-34-8","natural substances and extractives","rw","a"
"anthemis mixta extract","https://www.thegoodscentscompany.com/data/ex1386981.html","/data/ex1386981.html","92113-05-8","information only not used for fragrances or flavors","ex","a"
"anthemis multicaulis extract","https://www.thegoodscentscompany.com/data/ex1386971.html","/data/ex1386971.html","93333-76-7","information only not used for fragrances or flavors","ex","a"
"anthemis nobilis","https://www.thegoodscentscompany.com/data/rs1041081.html","/data/rs1041081.html","84649-86-5","spices, other natural seasonings and flavorings","rs","a"
"anthemis nobilis flower extract","https://www.thegoodscentscompany.com/data/ex1009981.html","/data/ex1009981.html","84649-86-5","cosmetic, flavor and fragrance agents","ex","a"
"anthemis nobilis flower oil england","https://www.thegoodscentscompany.com/data/es1009951.html","/data/es1009951.html","8015-92-7","flavor and fragrance agents","es","a"
"anthemis nobilis flower oil roman","https://www.thegoodscentscompany.com/data/es1028551.html","/data/es1028551.html","8015-92-7","flavor and fragrance agents","es","a"
"anthemis nobilis flower powder","https://www.thegoodscentscompany.com/data/rs1707231.html","/data/rs1707231.html","84649-86-5","cosmetic ingredient for skin conditioning","rs","a"
"anthemis nobilis flower tincture","https://www.thegoodscentscompany.com/data/ex1675671.html","/data/ex1675671.html","84649-86-5","fragrance agents","ex","a"
"anthemis nobilis flower water","https://www.thegoodscentscompany.com/data/es1617971.html","/data/es1617971.html","84649-86-5","cosmetic and fragrance agents","es","a"
"anthemis nobilis oil","https://www.thegoodscentscompany.com/data/es1655041.html","/data/es1655041.html","8015-92-7","flavor and fragrance agents","es","a"
"anthemis officinarum extract","https://www.thegoodscentscompany.com/data/ex1386991.html","/data/ex1386991.html","97952-48-2","information only not used for fragrances or flavors","ex","a"
"antheraxanthin","https://www.thegoodscentscompany.com/data/rw1416311.html","/data/rw1416311.html","640-03-9","natural substances and extractives","rw","a"
"anthocephalus cadamba extract","https://www.thegoodscentscompany.com/data/ex1387001.html","/data/ex1387001.html","84775-73-5","information only not used for fragrances or flavors","ex","a"
"anthocephalus cadamba oil","https://www.thegoodscentscompany.com/data/es1068101.html","/data/es1068101.html","84775-73-5","fragrance agents","es","a"
"anthocyanins","https://www.thegoodscentscompany.com/data/rw1586701.html","/data/rw1586701.html","11029-12-2","coloring agents, antioxidants","rw","a"
"anthopterus wardii fruit","https://www.thegoodscentscompany.com/data/rs1087371.html","/data/rs1087371.html","","information only not used for fragrances or flavors","rs","a"
"anthoxanthum odoratum","https://www.thegoodscentscompany.com/data/rs1674861.html","/data/rs1674861.html","","spices, other natural seasonings and flavorings","rs","a"
"anthoxanthum odoratum extract","https://www.thegoodscentscompany.com/data/ex1546961.html","/data/ex1546961.html","89957-44-8","fragrance agents","ex","a"
"anthracene","https://www.thegoodscentscompany.com/data/rw1220231.html","/data/rw1220231.html","120-12-7","natural substances and extractives","rw","a"
"anthranilamide","https://www.thegoodscentscompany.com/data/rw1220261.html","/data/rw1220261.html","88-68-6","indirect food additives: adhesives and components of coatings","rw","a"
"meta- anthranilic acid","https://www.thegoodscentscompany.com/data/rw1187341.html","/data/rw1187341.html","99-05-8","natural substances and extractives","rw","a"
"ortho- anthranilic acid","https://www.thegoodscentscompany.com/data/rw1010981.html","/data/rw1010981.html","118-92-3","natural substances and extractives","rw","a"
"para- anthranilic acid","https://www.thegoodscentscompany.com/data/rw1198771.html","/data/rw1198771.html","150-13-0","miscellaneous","rw","a"
"anthraquinone","https://www.thegoodscentscompany.com/data/rw1220291.html","/data/rw1220291.html","84-65-1","herbicides / pesticides","rw","a"
"1,4- anthraquinone","https://www.thegoodscentscompany.com/data/rw1701751.html","/data/rw1701751.html","635-12-1","natural substances and extractives","rw","a"
"anthriscus cerefolium extract","https://www.thegoodscentscompany.com/data/ex1041151.html","/data/ex1041151.html","85085-20-7","cosmetic and flavor agents","ex","a"
"anthriscus sylvestris extract","https://www.thegoodscentscompany.com/data/ex1692981.html","/data/ex1692981.html","23749-19-7","cosmetic ingredient for skin conditioning","ex","a"
"anthyllis vulneraria extract","https://www.thegoodscentscompany.com/data/ex1387011.html","/data/ex1387011.html","89957-45-9","cosmetic ingredient for skin conditioning","ex","a"
"anthyllis vulneraria flower extract","https://www.thegoodscentscompany.com/data/ex1051811.html","/data/ex1051811.html","89957-45-9","cosmetic ingredient for skin conditioning","ex","a"
"antidesma acidum fruit","https://www.thegoodscentscompany.com/data/rs1087391.html","/data/rs1087391.html","","information only not used for fragrances or flavors","rs","a"
"antidesma bunius fruit","https://www.thegoodscentscompany.com/data/rs1087411.html","/data/rs1087411.html","","information only not used for fragrances or flavors","rs","a"
"antidesma ghaesembilla fruit","https://www.thegoodscentscompany.com/data/rs1087421.html","/data/rs1087421.html","","information only not used for fragrances or flavors","rs","a"
"antimony trioxide","https://www.thegoodscentscompany.com/data/rw1220471.html","/data/rw1220471.html","1309-64-4","food contact resinous and polymeric coatings","rw","a"
"antipasto flavor","https://www.thegoodscentscompany.com/data/fl1651731.html","/data/fl1651731.html","","flavored products of all types","fl","a"
"antipyrine","https://www.thegoodscentscompany.com/data/rw1220541.html","/data/rw1220541.html","60-80-0","pharmaceuticals / chemical synthisis","rw","a"
"antirrhinum majus extract","https://www.thegoodscentscompany.com/data/ex1387021.html","/data/ex1387021.html","90131-15-0","information only not used for fragrances or flavors","ex","a"
"hydrolyzed antler velvet extract","https://www.thegoodscentscompany.com/data/ex1707261.html","/data/ex1707261.html","","emollients, humectants, skin conditioning","ex","a"
"aorta extract","https://www.thegoodscentscompany.com/data/ex1692991.html","/data/ex1692991.html","225234-42-4","cosmetic ingredient for skin conditioning","ex","a"
"aphanes arvensis herb","https://www.thegoodscentscompany.com/data/rs1677791.html","/data/rs1677791.html","","information only not used for fragrances or flavors","rs","a"
"aphanes arvensis herb tincture","https://www.thegoodscentscompany.com/data/ex1677801.html","/data/ex1677801.html","","information only not used for fragrances or flavors","ex","a"
"aphanizomenon flos-aquae powder","https://www.thegoodscentscompany.com/data/rs1671461.html","/data/rs1671461.html","","foam boosting, surfactant agents","rs","a"
"aphanothece sacrum polysaccharide","https://www.thegoodscentscompany.com/data/rw1707271.html","/data/rw1707271.html","","absorbents","rw","a"
"aphanothece sacrum powder","https://www.thegoodscentscompany.com/data/rw1707281.html","/data/rw1707281.html","","antioxidants, skin protecting","rw","a"
"aphidicol-15-ene","https://www.thegoodscentscompany.com/data/rw1568291.html","/data/rw1568291.html","52645-90-6","natural substances and extractives","rw","a"
"aphidicol-16-ene","https://www.thegoodscentscompany.com/data/rw1568301.html","/data/rw1568301.html","52592-29-7","natural substances and extractives","rw","a"
"aphloia theiformis leaf extract","https://www.thegoodscentscompany.com/data/ex1707291.html","/data/ex1707291.html","","astringent, skin protecting","ex","a"
"apigenin","https://www.thegoodscentscompany.com/data/rw1108801.html","/data/rw1108801.html","520-36-5","antioxidants, hair conditioning","rw","a"
"apigenin 5-glucoside","https://www.thegoodscentscompany.com/data/rw1893761.html","/data/rw1893761.html","28757-27-9","natural substances and extractives","rw","a"
"apigenin 7-glucuronide","https://www.thegoodscentscompany.com/data/rw1893641.html","/data/rw1893641.html","29741-09-1","natural substances and extractives","rw","a"
"apigenin dimethyl ether","https://www.thegoodscentscompany.com/data/rw1504761.html","/data/rw1504761.html","5128-44-9","natural substances and extractives","rw","a"
"apigeninidin chloride","https://www.thegoodscentscompany.com/data/rw1701741.html","/data/rw1701741.html","1151-98-0","natural substances and extractives","rw","a"
"apigravin","https://www.thegoodscentscompany.com/data/rw1637281.html","/data/rw1637281.html","72963-64-5","natural substances and extractives","rw","a"
"apiin","https://www.thegoodscentscompany.com/data/rw1588401.html","/data/rw1588401.html","26544-34-3","natural substances and extractives","rw","a"
"apimaysin","https://www.thegoodscentscompany.com/data/rw1860761.html","/data/rw1860761.html","74158-04-6","natural substances and extractives","rw","a"
"apiole (parsley)","https://www.thegoodscentscompany.com/data/rw1011001.html","/data/rw1011001.html","523-80-8","natural substances and extractives","rw","a"
"apios americana root extract","https://www.thegoodscentscompany.com/data/ex1707301.html","/data/ex1707301.html","","emollients, humectants","ex","a"
"D- apiose","https://www.thegoodscentscompany.com/data/rw1812401.html","/data/rw1812401.html","639-97-4","natural substances and extractives","rw","a"
"(3''- apiosyl-6''-malonyl)astragalin","https://www.thegoodscentscompany.com/data/rw1871111.html","/data/rw1871111.html","119067-83-3","natural substances and extractives","rw","a"
"6'- apiosyllotaustralin","https://www.thegoodscentscompany.com/data/rw1841171.html","/data/rw1841171.html","170033-25-7","natural substances and extractives","rw","a"
"apium graveolens callus extract","https://www.thegoodscentscompany.com/data/ex1707311.html","/data/ex1707311.html","","antioxidants, skin protecting","ex","a"
"apium graveolens extract","https://www.thegoodscentscompany.com/data/ex1092181.html","/data/ex1092181.html","89997-35-3","cosmetic ingredient for skin conditioning","ex","a"
"apium graveolens leaf extract","https://www.thegoodscentscompany.com/data/ex1546971.html","/data/ex1546971.html","89997-35-3","flavor and fragrance agents","ex","a"
"apium graveolens rapaccum leaf extract","https://www.thegoodscentscompany.com/data/ex1546981.html","/data/ex1546981.html","89997-34-2","flavor and fragrance agents","ex","a"
"apium graveolens root extract","https://www.thegoodscentscompany.com/data/ex1614361.html","/data/ex1614361.html","89997-35-3","cosmetic ingredient for skin conditioning","ex","a"
"apium graveolens root/seed extract","https://www.thegoodscentscompany.com/data/ex1707321.html","/data/ex1707321.html","89997-35-3","masking, tonic agents","ex","a"
"apium graveolens seed extract","https://www.thegoodscentscompany.com/data/ex1008941.html","/data/ex1008941.html","89997-35-3","flavor and fragrance agents","ex","a"
"apium graveolens seed extract solid","https://www.thegoodscentscompany.com/data/ex1101791.html","/data/ex1101791.html","89997-35-3","cosmetic and flavor agents","ex","a"
"apium graveolens seed oil","https://www.thegoodscentscompany.com/data/es1655031.html","/data/es1655031.html","8015-90-5","flavor and fragrance agents","es","a"
"apium graveolens seed oil egypt","https://www.thegoodscentscompany.com/data/es1591161.html","/data/es1591161.html","8015-90-5","flavor and fragrance agents","es","a"
"apium graveolens seed oil india","https://www.thegoodscentscompany.com/data/es1003071.html","/data/es1003071.html","8015-90-5","flavor and fragrance agents","es","a"
"apium graveolens seed tincture","https://www.thegoodscentscompany.com/data/ex1678701.html","/data/ex1678701.html","89997-35-3","flavor and fragrance agents","ex","a"
"apiumetin","https://www.thegoodscentscompany.com/data/rw1637401.html","/data/rw1637401.html","70610-24-1","natural substances and extractives","rw","a"
"(R)- apiumetin glucoside","https://www.thegoodscentscompany.com/data/rw1873731.html","/data/rw1873731.html","115356-05-3","natural substances and extractives","rw","a"
"apiumoside","https://www.thegoodscentscompany.com/data/rw1873741.html","/data/rw1873741.html","73485-93-5","natural substances and extractives","rw","a"
"aplotaxene","https://www.thegoodscentscompany.com/data/rw1011021.html","/data/rw1011021.html","10482-53-8","natural substances and extractives","rw","a"
"apoaequorin","https://www.thegoodscentscompany.com/data/rw1094781.html","/data/rw1094781.html","","food additive","rw","a"
"apocynol","https://www.thegoodscentscompany.com/data/rw1466421.html","/data/rw1466421.html","2480-86-6","natural substances and extractives","rw","a"
"apocynum androsaemifolium extract","https://www.thegoodscentscompany.com/data/ex1387041.html","/data/ex1387041.html","89957-47-1","information only not used for fragrances or flavors","ex","a"
"apocynum cannabinum root extract","https://www.thegoodscentscompany.com/data/ex1387051.html","/data/ex1387051.html","84603-51-0","cosmetic ingredient for skin conditioning","ex","a"
"apocynum venetum leaf/stem extract","https://www.thegoodscentscompany.com/data/ex1693001.html","/data/ex1693001.html","","food additive and cosmetic agents","ex","a"
"aporosa cardiosperma fruit","https://www.thegoodscentscompany.com/data/rs1087431.html","/data/rs1087431.html","","information only not used for fragrances or flavors","rs","a"
"apple apricot flavor","https://www.thegoodscentscompany.com/data/fl1606651.html","/data/fl1606651.html","","flavored products of all types","fl","a"
"apple banana flavor","https://www.thegoodscentscompany.com/data/fl1642851.html","/data/fl1642851.html","","flavored products of all types","fl","a"
"apple blossom flavor","https://www.thegoodscentscompany.com/data/fl1077251.html","/data/fl1077251.html","","flavored products of all types","fl","a"
"apple blossom fragrance","https://www.thegoodscentscompany.com/data/fr1113371.html","/data/fr1113371.html","","fragranced products of all types","fr","a"
"apple blueberry flavor","https://www.thegoodscentscompany.com/data/fl1651481.html","/data/fl1651481.html","","flavored products of all types","fl","a"
"apple butter flavor","https://www.thegoodscentscompany.com/data/fl1645191.html","/data/fl1645191.html","","flavored products of all types","fl","a"
"apple butter fragrance","https://www.thegoodscentscompany.com/data/fr1005911.html","/data/fr1005911.html","","fragranced products of all types","fr","a"
"apple cherry flavor","https://www.thegoodscentscompany.com/data/fl1638091.html","/data/fl1638091.html","","flavored products of all types","fl","a"
"apple cider essence","https://www.thegoodscentscompany.com/data/ex1696891.html","/data/ex1696891.html","","flavor and fragrance agents","ex","a"
"apple cider flavor","https://www.thegoodscentscompany.com/data/fl1598301.html","/data/fl1598301.html","","flavored products of all types","fl","a"
"spiced apple cider flavor","https://www.thegoodscentscompany.com/data/fl1641341.html","/data/fl1641341.html","","flavored products of all types","fl","a"
"apple cider fragrance","https://www.thegoodscentscompany.com/data/fr1055691.html","/data/fr1055691.html","","fragranced products of all types","fr","a"
"apple cinnamon flavor","https://www.thegoodscentscompany.com/data/fl1598311.html","/data/fl1598311.html","","flavored products of all types","fl","a"
"apple cinnamon fragrance","https://www.thegoodscentscompany.com/data/fr1005871.html","/data/fr1005871.html","","fragranced products of all types","fr","a"
"apple cinnamon french toast flavor","https://www.thegoodscentscompany.com/data/fl1702781.html","/data/fl1702781.html","","flavored products of all types","fl","a"
"apple cinnamon strudel flavor","https://www.thegoodscentscompany.com/data/fl1649981.html","/data/fl1649981.html","","flavored products of all types","fl","a"
"apple cobbler flavor","https://www.thegoodscentscompany.com/data/fl1702081.html","/data/fl1702081.html","","flavored products of all types","fl","a"
"apple concentrate","https://www.thegoodscentscompany.com/data/fl1039191.html","/data/fl1039191.html","","flavoring agents","fl","a"
"green apple concentrate","https://www.thegoodscentscompany.com/data/fl1129421.html","/data/fl1129421.html","","flavoring agents","fl","a"
"red apple concentrate","https://www.thegoodscentscompany.com/data/fl1129451.html","/data/fl1129451.html","","flavoring agents","fl","a"
"apple cranberry flavor","https://www.thegoodscentscompany.com/data/fl1638101.html","/data/fl1638101.html","","flavored products of all types","fl","a"
"apple cranberry fragrance","https://www.thegoodscentscompany.com/data/fr1605111.html","/data/fr1605111.html","","fragranced products of all types","fr","a"
"apple crisp fragrance","https://www.thegoodscentscompany.com/data/fr1055711.html","/data/fr1055711.html","","fragranced products of all types","fr","a"
"apple crotonate","https://www.thegoodscentscompany.com/data/rw1046911.html","/data/rw1046911.html","35206-51-0","fragrance agents","rw","a"
"apple crumb cake flavor","https://www.thegoodscentscompany.com/data/fl1121771.html","/data/fl1121771.html","","flavored products of all types","fl","a"
"apple distillates","https://www.thegoodscentscompany.com/data/fl1122521.html","/data/fl1122521.html","","flavoring agents","fl","a"
"apple enhancer","https://www.thegoodscentscompany.com/data/fl1600221.html","/data/fl1600221.html","","flavor enhancers","fl","a"
"apple essence","https://www.thegoodscentscompany.com/data/ex1653061.html","/data/ex1653061.html","","flavor and fragrance agents","ex","a"
"ambrosia apple essence","https://www.thegoodscentscompany.com/data/ex1696931.html","/data/ex1696931.html","","flavor and fragrance agents","ex","a"
"fuji apple essence","https://www.thegoodscentscompany.com/data/ex1696901.html","/data/ex1696901.html","","flavor and fragrance agents","ex","a"
"granny smith apple essence","https://www.thegoodscentscompany.com/data/ex1696911.html","/data/ex1696911.html","","flavor and fragrance agents","ex","a"
"honeycisp apple essence","https://www.thegoodscentscompany.com/data/ex1696941.html","/data/ex1696941.html","","flavor and fragrance agents","ex","a"
"pink lady apple essence","https://www.thegoodscentscompany.com/data/ex1696921.html","/data/ex1696921.html","","flavor and fragrance agents","ex","a"
"apple essence concentrate","https://www.thegoodscentscompany.com/data/ex1053061.html","/data/ex1053061.html","977090-73-5","flavoring agents","ex","a"
"apple flavor","https://www.thegoodscentscompany.com/data/fl1598251.html","/data/fl1598251.html","","flavored products of all types","fl","a"
"baked spice apple flavor","https://www.thegoodscentscompany.com/data/fl1638071.html","/data/fl1638071.html","","flavored products of all types","fl","a"
"baked apple flavor","https://www.thegoodscentscompany.com/data/fl1638061.html","/data/fl1638061.html","","flavored products of all types","fl","a"
"candied apple flavor","https://www.thegoodscentscompany.com/data/fl1638081.html","/data/fl1638081.html","","flavored products of all types","fl","a"
"delicious apple flavor","https://www.thegoodscentscompany.com/data/fl1598261.html","/data/fl1598261.html","","flavored products of all types","fl","a"
"fuji apple flavor","https://www.thegoodscentscompany.com/data/fl1645151.html","/data/fl1645151.html","","flavored products of all types","fl","a"
"gala apple flavor","https://www.thegoodscentscompany.com/data/fl1702271.html","/data/fl1702271.html","","flavored products of all types","fl","a"
"golden delicious apple flavor","https://www.thegoodscentscompany.com/data/fl1645161.html","/data/fl1645161.html","","flavored products of all types","fl","a"
"granny smith apple flavor","https://www.thegoodscentscompany.com/data/fl1645171.html","/data/fl1645171.html","","flavored products of all types","fl","a"
"green apple flavor","https://www.thegoodscentscompany.com/data/fl1598271.html","/data/fl1598271.html","","flavored products of all types","fl","a"
"mcintosh apple flavor","https://www.thegoodscentscompany.com/data/fl1670891.html","/data/fl1670891.html","","flavored products of all types","fl","a"
"mixed berry apple flavor","https://www.thegoodscentscompany.com/data/fl1642841.html","/data/fl1642841.html","","flavored products of all types","fl","a"
"pippin apple flavor","https://www.thegoodscentscompany.com/data/fl1642831.html","/data/fl1642831.html","","flavored products of all types","fl","a"
"red delicious apple flavor","https://www.thegoodscentscompany.com/data/fl1645181.html","/data/fl1645181.html","","flavored products of all types","fl","a"
"red apple flavor","https://www.thegoodscentscompany.com/data/fl1598281.html","/data/fl1598281.html","","flavored products of all types","fl","a"
"sour apple flavor","https://www.thegoodscentscompany.com/data/fl1598291.html","/data/fl1598291.html","","flavored products of all types","fl","a"
"spiced apple flavor","https://www.thegoodscentscompany.com/data/fl1641351.html","/data/fl1641351.html","","flavored products of all types","fl","a"
"apple fractions","https://www.thegoodscentscompany.com/data/fl1646921.html","/data/fl1646921.html","","flavoring agents","fl","a"
"apple fragrance","https://www.thegoodscentscompany.com/data/fr1102541.html","/data/fr1102541.html","","fragranced products of all types","fr","a"
"baked apple fragrance","https://www.thegoodscentscompany.com/data/fr1055661.html","/data/fr1055661.html","","fragranced products of all types","fr","a"
"candy apple fragrance","https://www.thegoodscentscompany.com/data/fr1015021.html","/data/fr1015021.html","","fragranced products of all types","fr","a"
"green apple fragrance","https://www.thegoodscentscompany.com/data/fr1113251.html","/data/fr1113251.html","","fragranced products of all types","fr","a"
"red apple fragrance","https://www.thegoodscentscompany.com/data/fr1104121.html","/data/fr1104121.html","","fragranced products of all types","fr","a"
"apple ginger flavor","https://www.thegoodscentscompany.com/data/fl1702091.html","/data/fl1702091.html","","flavored products of all types","fl","a"
"apple grape flavor","https://www.thegoodscentscompany.com/data/fl1638121.html","/data/fl1638121.html","","flavored products of all types","fl","a"
"apple juice","https://www.thegoodscentscompany.com/data/fl1039201.html","/data/fl1039201.html","","flavoring agents, food additives","fl","a"
"apple juice concentrate","https://www.thegoodscentscompany.com/data/fl1653051.html","/data/fl1653051.html","","flavoring agents, food additives","fl","a"
"apple juice flavor","https://www.thegoodscentscompany.com/data/fl1055221.html","/data/fl1055221.html","","flavored products of all types","fl","a"
"apple ketal","https://www.thegoodscentscompany.com/data/rw1033271.html","/data/rw1033271.html","6413-10-1","flavor and fragrance agents","rw","a"
"apple oil","https://www.thegoodscentscompany.com/data/es1691041.html","/data/es1691041.html","883111-87-3","flavor and fragrance agents","es","a"
"apple pear flavor","https://www.thegoodscentscompany.com/data/fl1434891.html","/data/fl1434891.html","","flavored products of all types","fl","a"
"apple pear fragrance","https://www.thegoodscentscompany.com/data/fr1662621.html","/data/fr1662621.html","","fragrance agents","fr","a"
"apple pie fragrance","https://www.thegoodscentscompany.com/data/fr1055701.html","/data/fr1055701.html","","fragranced products of all types","fr","a"
"apple raspberry flavor","https://www.thegoodscentscompany.com/data/fl1642861.html","/data/fl1642861.html","","flavored products of all types","fl","a"
"apple sauce flavor","https://www.thegoodscentscompany.com/data/fl1645201.html","/data/fl1645201.html","","flavored products of all types","fl","a"
"apple specialty","https://www.thegoodscentscompany.com/data/pb1006921.html","/data/pb1006921.html","","fragrance agents","pb","a"
"apple spice flavor","https://www.thegoodscentscompany.com/data/fl1600211.html","/data/fl1600211.html","","flavored products of all types","fl","a"
"apple spice fragrance","https://www.thegoodscentscompany.com/data/fr1106231.html","/data/fr1106231.html","","fragranced products of all types","fr","a"
"apple spice mandarin flavor","https://www.thegoodscentscompany.com/data/fl1651911.html","/data/fl1651911.html","","flavored products of all types","fl","a"
"apple strawberry flavor","https://www.thegoodscentscompany.com/data/fl1642871.html","/data/fl1642871.html","","flavored products of all types","fl","a"
"apple vanilla flavor","https://www.thegoodscentscompany.com/data/fl1638111.html","/data/fl1638111.html","","flavored products of all types","fl","a"
"applelide (IFF)","https://www.thegoodscentscompany.com/data/rw1033091.html","/data/rw1033091.html","478695-70-4","fragrance agents","rw","a"
"apricot almond fragrance","https://www.thegoodscentscompany.com/data/fr1630011.html","/data/fr1630011.html","","fragranced products of all types","fr","a"
"apricot banana flavor","https://www.thegoodscentscompany.com/data/fl1606301.html","/data/fl1606301.html","","flavored products of all types","fl","a"
"apricot berry flavor","https://www.thegoodscentscompany.com/data/fl1652021.html","/data/fl1652021.html","","flavored products of all types","fl","a"
"apricot isobutyrate","https://www.thegoodscentscompany.com/data/rw1018241.html","/data/rw1018241.html","67874-78-6","fragrance agents","rw","a"
"apricot conserve flavor","https://www.thegoodscentscompany.com/data/fl1642221.html","/data/fl1642221.html","","flavored products of all types","fl","a"
"apricot cream flavor","https://www.thegoodscentscompany.com/data/fl1649991.html","/data/fl1649991.html","","flavored products of all types","fl","a"
"apricot distillates","https://www.thegoodscentscompany.com/data/fl1033351.html","/data/fl1033351.html","","flavoring agents","fl","a"
"apricot essence","https://www.thegoodscentscompany.com/data/ex1039211.html","/data/ex1039211.html","","flavor and fragrance agents","ex","a"
"apricot flavor","https://www.thegoodscentscompany.com/data/fl1598321.html","/data/fl1598321.html","","flavored products of all types","fl","a"
"spiced apricot flavor","https://www.thegoodscentscompany.com/data/fl1641361.html","/data/fl1641361.html","","flavored products of all types","fl","a"
"apricot fragrance","https://www.thegoodscentscompany.com/data/fr1102341.html","/data/fr1102341.html","","fragranced products of all types","fr","a"
"apricot juice concentrate","https://www.thegoodscentscompany.com/data/fl1653071.html","/data/fl1653071.html","","flavoring agents, food additives","fl","a"
"apricot kernel oil","https://www.thegoodscentscompany.com/data/vg1029411.html","/data/vg1029411.html","72869-69-3","cosmetic, flavor and fragrance agents","vg","a"
"hydrogenated apricot kernel oil","https://www.thegoodscentscompany.com/data/vg1707351.html","/data/vg1707351.html","","cosmetic ingredient for skin conditioning","vg","a"
"apricot kernel oil peg-6 esters","https://www.thegoodscentscompany.com/data/rw1686051.html","/data/rw1686051.html","69071-70-1","emollients, emulsifiers, surfactants","rw","a"
"apricot kernel oil peg-8 esters","https://www.thegoodscentscompany.com/data/rw1707371.html","/data/rw1707371.html","","emollients, emulsifiers, skin conditioning, surfactants","rw","a"
"apricot kernel oil peg-40 esters","https://www.thegoodscentscompany.com/data/rw1707361.html","/data/rw1707361.html","","emollients, emulsifiers, skin conditioning, surfactants","rw","a"
"apricot kernel oil polyglyceryl-3 esters","https://www.thegoodscentscompany.com/data/rw1707391.html","/data/rw1707391.html","","emollients, emulsifiers, skin conditioning, surfactants","rw","a"
"apricot kernel oil polyglyceryl-4 esters","https://www.thegoodscentscompany.com/data/rw1707401.html","/data/rw1707401.html","","emollients, emulsifiers, skin conditioning, surfactants","rw","a"
"apricot kernel oil polyglyceryl-5 esters","https://www.thegoodscentscompany.com/data/rw1707411.html","/data/rw1707411.html","","emollients, emulsifiers, skin conditioning, surfactants","rw","a"
"apricot kernel oil polyglyceryl-6 esters","https://www.thegoodscentscompany.com/data/rw1707421.html","/data/rw1707421.html","","emollients, emulsifiers, skin conditioning, surfactants","rw","a"
"apricot kernel oil polyglyceryl-10 esters","https://www.thegoodscentscompany.com/data/rw1707381.html","/data/rw1707381.html","","emollients, emulsifiers, skin conditioning, surfactants","rw","a"
"apricot kernel oil propylene glycol esters","https://www.thegoodscentscompany.com/data/rw1707431.html","/data/rw1707431.html","","cosmetic ingredient for skin conditioning","rw","a"
"apricot mango flavor","https://www.thegoodscentscompany.com/data/fl1638131.html","/data/fl1638131.html","","flavored products of all types","fl","a"
"apricot mango fragrance","https://www.thegoodscentscompany.com/data/fr1662631.html","/data/fr1662631.html","","fragrance agents","fr","a"
"hydrogenated apricot oil unsaponifiables","https://www.thegoodscentscompany.com/data/vg1707441.html","/data/vg1707441.html","","cosmetic ingredient for skin and hair conditioning","vg","a"
"apricot papaya flavor","https://www.thegoodscentscompany.com/data/fl1651811.html","/data/fl1651811.html","","flavored products of all types","fl","a"
"apricot peach flavor","https://www.thegoodscentscompany.com/data/fl1083311.html","/data/fl1083311.html","","flavored products of all types","fl","a"
"apricot peach fragrance","https://www.thegoodscentscompany.com/data/fr1004781.html","/data/fr1004781.html","","fragranced products of all types","fr","a"
"apricot specialty","https://www.thegoodscentscompany.com/data/pb1114641.html","/data/pb1114641.html","","fragrance agents","pb","a"
"apricot vanilla flavor","https://www.thegoodscentscompany.com/data/fl1638141.html","/data/fl1638141.html","","flavored products of all types","fl","a"
"apterin","https://www.thegoodscentscompany.com/data/rw1841361.html","/data/rw1841361.html","53947-89-0","natural substances and extractives","rw","a"
"aquamarine cosmetic color","https://www.thegoodscentscompany.com/data/rw1647811.html","/data/rw1647811.html","","coloring agents (for surface only)","rw","a"
"aquamarine extract","https://www.thegoodscentscompany.com/data/ex1693011.html","/data/ex1693011.html","","cosmetic ingredient for skin conditioning","ex","a"
"aquaphilus dolomiae extract","https://www.thegoodscentscompany.com/data/ex1693021.html","/data/ex1693021.html","","cosmetic ingredient for skin and hair conditioning","ex","a"
"aquilaria agallocha stem extract","https://www.thegoodscentscompany.com/data/ex1004941.html","/data/ex1004941.html","85507-69-3","cosmetic, flavor and fragrance agents","ex","a"
"aquilaria crassna oil","https://www.thegoodscentscompany.com/data/es1543351.html","/data/es1543351.html","958663-49-5","fragrance agents","es","a"
"aquilaria malaccensis wood oil","https://www.thegoodscentscompany.com/data/es1671721.html","/data/es1671721.html","","fragrance agents","es","a"
"arabenoic acid","https://www.thegoodscentscompany.com/data/rw1538631.html","/data/rw1538631.html","136468-08-1","natural substances and extractives","rw","a"
"arabic gum","https://www.thegoodscentscompany.com/data/rs1004311.html","/data/rs1004311.html","9000-01-5","carrier solvents, encapsulating agent for food additives, flavorings, stabilizers and absorbents","rs","a"
"arabic gum hydrogen octenyl butane dioate","https://www.thegoodscentscompany.com/data/rw1590391.html","/data/rw1590391.html","455885-22-0","emulsifiers","rw","a"
"arabidopsis thaliana extract","https://www.thegoodscentscompany.com/data/ex1013931.html","/data/ex1013931.html","","antioxidants","ex","a"
"arabinofuranose","https://www.thegoodscentscompany.com/data/rw1910421.html","/data/rw1910421.html","13221-22-2","natural substances and extractives","rw","a"
"alpha-L- arabinofuranosidase","https://www.thegoodscentscompany.com/data/rw1019641.html","/data/rw1019641.html","9067-74-7","processing aid to increase the yield of starch and gluten meal during the corn wet milling process","rw","a"
"arabinogalactan","https://www.thegoodscentscompany.com/data/rs1006591.html","/data/rs1006591.html","9036-66-2","carrier solvents, encapsulating agent for food additives, flavorings, stabilizers and absorbents","rs","a"
"arabinopyranobiose","https://www.thegoodscentscompany.com/data/rw1810651.html","/data/rw1810651.html","20546-04-7","natural substances and extractives","rw","a"
"arabinose","https://www.thegoodscentscompany.com/data/rw1345941.html","/data/rw1345941.html","147-81-9","natural substances and extractives","rw","a"
"dextro- arabinose","https://www.thegoodscentscompany.com/data/rw1343201.html","/data/rw1343201.html","10323-20-3","information only not used for fragrances or flavors","rw","a"
"laevo- arabinose","https://www.thegoodscentscompany.com/data/rw1006871.html","/data/rw1006871.html","5328-37-0","flavoring agents","rw","a"
"6alpha- arabinosyloxy-2,6-dimethyl-2,7-octadienoic acid","https://www.thegoodscentscompany.com/data/rw1427761.html","/data/rw1427761.html","92751-87-6","natural substances and extractives","rw","a"
"arabinoxylan","https://www.thegoodscentscompany.com/data/rw1707471.html","/data/rw1707471.html","9040-27-1","film forming agents","rw","a"
"arabinoxylooligosaccharides","https://www.thegoodscentscompany.com/data/rw1021551.html","/data/rw1021551.html","","cosmetic agents","rw","a"
"dextro- arabitol","https://www.thegoodscentscompany.com/data/rw1233671.html","/data/rw1233671.html","488-82-4","natural substances and extractives","rw","a"
"laevo- arabitol","https://www.thegoodscentscompany.com/data/rw1253351.html","/data/rw1253351.html","7643-75-6","natural substances and extractives","rw","a"
"arabsin","https://www.thegoodscentscompany.com/data/rw1853781.html","/data/rw1853781.html","38412-44-1","natural substances and extractives","rw","a"
"arachidic acid","https://www.thegoodscentscompany.com/data/rw1242501.html","/data/rw1242501.html","506-30-9","emulsifiers, surfactants","rw","a"
"(E)- arachidin II","https://www.thegoodscentscompany.com/data/rw1871321.html","/data/rw1871321.html","61517-87-1","natural substances and extractives","rw","a"
"(Z)- arachidin II","https://www.thegoodscentscompany.com/data/rw1871331.html","/data/rw1871331.html","61517-88-2","natural substances and extractives","rw","a"
"arachidonic acid","https://www.thegoodscentscompany.com/data/rw1220621.html","/data/rw1220621.html","506-32-1","special dietary and nutritional additives","rw","a"
"O- arachidonoyl ethanolamine","https://www.thegoodscentscompany.com/data/rw1911231.html","/data/rw1911231.html","287937-12-6","information only not used for fragrances or flavors","rw","a"
"2- arachidonyl glycerol ether","https://www.thegoodscentscompany.com/data/rw1911241.html","/data/rw1911241.html","222723-55-9","information only not used for fragrances or flavors","rw","a"
"arachidyl stearate","https://www.thegoodscentscompany.com/data/rw1480971.html","/data/rw1480971.html","22413-02-1","natural substances and extractives","rw","a"
"arachis hypogaea fruit extract","https://www.thegoodscentscompany.com/data/ex1590851.html","/data/ex1590851.html","8002-03-7","flavoring agents","ex","a"
"arachis hypogaea oil CO2 extract","https://www.thegoodscentscompany.com/data/vg1668161.html","/data/vg1668161.html","8002-03-7","flavor and fragrance agents","vg","a"
"arachis hypogaea seedcoat extract","https://www.thegoodscentscompany.com/data/ex1707521.html","/data/ex1707521.html","8002-03-7","cosmetic ingredient for skin conditioning","ex","a"
"arachis hypogaea sprout extract","https://www.thegoodscentscompany.com/data/ex1707511.html","/data/ex1707511.html","","humectants","ex","a"
"aralia canadensis extract","https://www.thegoodscentscompany.com/data/ex1387111.html","/data/ex1387111.html","92704-37-5","information only not used for fragrances or flavors","ex","a"
"aralia cordata extract","https://www.thegoodscentscompany.com/data/ex1693051.html","/data/ex1693051.html","","cosmetic ingredient for skin conditioning","ex","a"
"aralia elata branch/leaf extract","https://www.thegoodscentscompany.com/data/ex1693061.html","/data/ex1693061.html","","cosmetic ingredient for skin conditioning","ex","a"
"aralia elata leaf extract","https://www.thegoodscentscompany.com/data/ex1707531.html","/data/ex1707531.html","","cosmetic ingredient for skin conditioning","ex","a"
"aralia elata root extract","https://www.thegoodscentscompany.com/data/ex1693071.html","/data/ex1693071.html","","cosmetic ingredient for skin conditioning","ex","a"
"aralia nudicaulis root extract","https://www.thegoodscentscompany.com/data/ex1065361.html","/data/ex1065361.html","223749-20-0","cosmetic ingredient for skin conditioning","ex","a"
"aralia racemosa","https://www.thegoodscentscompany.com/data/rs1387121.html","/data/rs1387121.html","89957-50-6","information only not used for fragrances or flavors","rs","a"
"aralia racemosa extract","https://www.thegoodscentscompany.com/data/ex1707541.html","/data/ex1707541.html","89957-50-6","cosmetic ingredient for skin conditioning","ex","a"
"araliasaponin I","https://www.thegoodscentscompany.com/data/rw1855421.html","/data/rw1855421.html","289649-54-3","natural substances and extractives","rw","a"
"araliasaponin II","https://www.thegoodscentscompany.com/data/rw1858571.html","/data/rw1858571.html","289649-65-6","natural substances and extractives","rw","a"
"araliasaponin III","https://www.thegoodscentscompany.com/data/rw1855431.html","/data/rw1855431.html","289649-66-7","natural substances and extractives","rw","a"
"araloside A","https://www.thegoodscentscompany.com/data/rw1843801.html","/data/rw1843801.html","7518-22-1","natural substances and extractives","rw","a"
"araloside B","https://www.thegoodscentscompany.com/data/rw1843811.html","/data/rw1843811.html","7518-23-2","natural substances and extractives","rw","a"
"araloside C","https://www.thegoodscentscompany.com/data/rw1843821.html","/data/rw1843821.html","55446-15-6","natural substances and extractives","rw","a"
"araloside G","https://www.thegoodscentscompany.com/data/rw1887031.html","/data/rw1887031.html","144077-05-4","natural substances and extractives","rw","a"
"araucaria angustifolia nut shell powder","https://www.thegoodscentscompany.com/data/rs1707551.html","/data/rs1707551.html","","coloring agents (for surface only)","rs","a"
"araucaria angustifolia oil","https://www.thegoodscentscompany.com/data/es1387131.html","/data/es1387131.html","8015-68-7","fragrance agents","es","a"
"araucaria angustifolia seed extract","https://www.thegoodscentscompany.com/data/ex1670201.html","/data/ex1670201.html","8015-68-7","emollients, skin conditioning","ex","a"
"araucaria angustifolia seed powder","https://www.thegoodscentscompany.com/data/ex1707561.html","/data/ex1707561.html","8015-68-7","abrasives","ex","a"
"araucaria angustifolia seedcoat extract","https://www.thegoodscentscompany.com/data/ex1707571.html","/data/ex1707571.html","","humectants","ex","a"
"araucaria angustifolia wood","https://www.thegoodscentscompany.com/data/rs1677521.html","/data/rs1677521.html","8015-68-7","information only not used for fragrances or flavors","rs","a"
"araucaria bidwillii seed extract","https://www.thegoodscentscompany.com/data/ex1069791.html","/data/ex1069791.html","","cosmetic ingredient for skin conditioning","ex","a"
"araucaria heterophylla leaf extract","https://www.thegoodscentscompany.com/data/ex1693081.html","/data/ex1693081.html","","cosmetic ingredient for skin conditioning","ex","a"
"araza flavor","https://www.thegoodscentscompany.com/data/fl1647291.html","/data/fl1647291.html","","flavored products of all types","fl","a"
"arborine","https://www.thegoodscentscompany.com/data/rw1819231.html","/data/rw1819231.html","6873-15-0","natural substances and extractives","rw","a"
"arborinine","https://www.thegoodscentscompany.com/data/rw1817681.html","/data/rw1817681.html","5489-57-6","natural substances and extractives","rw","a"
"trans- arbusculone","https://www.thegoodscentscompany.com/data/rw1559481.html","/data/rw1559481.html","","natural substances and extractives","rw","a"
"arbutus unedo extract","https://www.thegoodscentscompany.com/data/ex1387141.html","/data/ex1387141.html","84012-12-4","information only not used for fragrances or flavors","ex","a"
"arbutus unedo fruit","https://www.thegoodscentscompany.com/data/rs1087461.html","/data/rs1087461.html","","information only not used for fragrances or flavors","rs","a"
"arbutus unedo fruit extract","https://www.thegoodscentscompany.com/data/ex1364291.html","/data/ex1364291.html","84012-12-4","antioxidants, skin conditioning","ex","a"
"arbutus unedo leaf cell extract","https://www.thegoodscentscompany.com/data/ex1707601.html","/data/ex1707601.html","84012-12-4","antioxidants, skin protecting","ex","a"
"arbutus unedo leaf extract","https://www.thegoodscentscompany.com/data/ex1693091.html","/data/ex1693091.html","84012-12-4","cosmetic ingredient for skin conditioning","ex","a"
"arcaine sulfate","https://www.thegoodscentscompany.com/data/rw1701721.html","/data/rw1701721.html","14923-17-2","information only not used for fragrances or flavors","rw","a"
"archangelicin","https://www.thegoodscentscompany.com/data/rw1032671.html","/data/rw1032671.html","2607-56-9","natural substances and extractives","rw","a"
"archangelin","https://www.thegoodscentscompany.com/data/rw1823141.html","/data/rw1823141.html","21174-75-4","natural substances and extractives","rw","a"
"arctigenin","https://www.thegoodscentscompany.com/data/rw1486671.html","/data/rw1486671.html","7770-78-7","antioxidants","rw","a"
"arctiin","https://www.thegoodscentscompany.com/data/rw1667101.html","/data/rw1667101.html","20362-31-6","antioxidants","rw","a"
"arctiol","https://www.thegoodscentscompany.com/data/rw1815101.html","/data/rw1815101.html","36061-11-7","natural substances and extractives","rw","a"
"arctiopicrin","https://www.thegoodscentscompany.com/data/rw1814231.html","/data/rw1814231.html","19889-01-1","natural substances and extractives","rw","a"
"arctium lappa fruit extract","https://www.thegoodscentscompany.com/data/ex1667091.html","/data/ex1667091.html","84012-13-5","antioxidants, skin conditioning","ex","a"
"arctium lappa leaf extract","https://www.thegoodscentscompany.com/data/ex1693101.html","/data/ex1693101.html","84012-13-5","cosmetic ingredient for skin conditioning","ex","a"
"arctium lappa leaf oil","https://www.thegoodscentscompany.com/data/es1541511.html","/data/es1541511.html","129893-25-0","natural substances and extractives","es","a"
"arctium lappa oil","https://www.thegoodscentscompany.com/data/es1387181.html","/data/es1387181.html","129893-25-0","natural substances and extractives","es","a"
"arctium lappa root extract","https://www.thegoodscentscompany.com/data/ex1068941.html","/data/ex1068941.html","84012-13-5","cosmetic ingredient for skin conditioning","ex","a"
"arctium lappa root oil","https://www.thegoodscentscompany.com/data/es1541501.html","/data/es1541501.html","129893-25-0","natural substances and extractives","es","a"
"arctium lappa root powder","https://www.thegoodscentscompany.com/data/rs1656871.html","/data/rs1656871.html","84012-13-5","cosmetic ingredient for skin conditioning","rs","a"
"arctium lappa seed extract","https://www.thegoodscentscompany.com/data/ex1667081.html","/data/ex1667081.html","84012-13-5","cosmetic ingredient for skin and hair conditioning","ex","a"
"arctium lappa seed oil","https://www.thegoodscentscompany.com/data/vg1656861.html","/data/vg1656861.html","84012-13-5","emollients, skin conditioning","vg","a"
"arctium lappa seed water","https://www.thegoodscentscompany.com/data/ex1707611.html","/data/ex1707611.html","84012-13-5","cosmetic ingredient for skin conditioning","ex","a"
"arctium lappa tincture","https://www.thegoodscentscompany.com/data/ex1387171.html","/data/ex1387171.html","129870-87-7","information only not used for fragrances or flavors","ex","a"
"arctium majus root extract","https://www.thegoodscentscompany.com/data/ex1387191.html","/data/ex1387191.html","84649-87-6","cosmetic ingredient for skin conditioning","ex","a"
"arctium majus root water","https://www.thegoodscentscompany.com/data/ex1617961.html","/data/ex1617961.html","84649-87-6","cosmetic ingredient for skin conditioning","ex","a"
"arctium minus root extract","https://www.thegoodscentscompany.com/data/ex1083961.html","/data/ex1083961.html","84649-88-7","cosmetic ingredient for skin conditioning","ex","a"
"arctium nemorosum extract","https://www.thegoodscentscompany.com/data/ex1387201.html","/data/ex1387201.html","97926-16-4","information only not used for fragrances or flavors","ex","a"
"arctostaphylos uva-ursi leaf extract","https://www.thegoodscentscompany.com/data/ex1063171.html","/data/ex1063171.html","84776-10-3","cosmetic ingredient for skin conditioning","ex","a"
"arctostaphylos uva-ursi leaf oil","https://www.thegoodscentscompany.com/data/es1669071.html","/data/es1669071.html","84776-10-3","cosmetic and fragrance agents","es","a"
"arctostaphylos uva-ursi leaf powder","https://www.thegoodscentscompany.com/data/rs1602051.html","/data/rs1602051.html","84776-10-3","bleaching agents","rs","a"
"arctostaphylos uva-ursi leaf tincture","https://www.thegoodscentscompany.com/data/ex1674361.html","/data/ex1674361.html","84776-10-3","information only not used for fragrances or flavors","ex","a"
"arctostaphylos viscida leaf extract","https://www.thegoodscentscompany.com/data/ex1693111.html","/data/ex1693111.html","","humectants, skin conditioning","ex","a"
"ardacin","https://www.thegoodscentscompany.com/data/rw1669481.html","/data/rw1669481.html","117742-13-9","pharmaceuticals / chemical synthisis","rw","a"
"ardisia compressa var. mexicana fruit","https://www.thegoodscentscompany.com/data/rs1087471.html","/data/rs1087471.html","","information only not used for fragrances or flavors","rs","a"
"ardisia crenata extract","https://www.thegoodscentscompany.com/data/ex1707621.html","/data/ex1707621.html","","cosmetic ingredient for skin conditioning","ex","a"
"ardisia crenata leaf extract","https://www.thegoodscentscompany.com/data/ex1693121.html","/data/ex1693121.html","","cosmetic ingredient for skin conditioning","ex","a"
"ardisia crispa extract","https://www.thegoodscentscompany.com/data/ex1693131.html","/data/ex1693131.html","","cosmetic ingredient for skin conditioning","ex","a"
"ardisia escallonioides fruit","https://www.thegoodscentscompany.com/data/rs1087481.html","/data/rs1087481.html","","information only not used for fragrances or flavors","rs","a"
"ardisia japonica branch/leaf extract","https://www.thegoodscentscompany.com/data/ex1693141.html","/data/ex1693141.html","","cosmetic ingredient for skin conditioning","ex","a"
"areca catechu nut","https://www.thegoodscentscompany.com/data/rs1062481.html","/data/rs1062481.html","","information only not used for fragrances or flavors","rs","a"
"areca catechu seed extract","https://www.thegoodscentscompany.com/data/ex1387211.html","/data/ex1387211.html","89957-52-8","cosmetic ingredient for skin conditioning","ex","a"
"areca catechu seed/eugenia caryophyllus stem extract","https://www.thegoodscentscompany.com/data/ex1707631.html","/data/ex1707631.html","","cosmetic ingredient for skin conditioning","ex","a"
"areca caticula extract","https://www.thegoodscentscompany.com/data/ex1387221.html","/data/ex1387221.html","94349-64-1","information only not used for fragrances or flavors","ex","a"
"arecaidine","https://www.thegoodscentscompany.com/data/rw1389521.html","/data/rw1389521.html","499-04-7","natural substances and extractives","rw","a"
"arecaidine ethyl ester","https://www.thegoodscentscompany.com/data/rw1513651.html","/data/rw1513651.html","28125-84-0","natural substances and extractives","rw","a"
"arecatannin A1","https://www.thegoodscentscompany.com/data/rw1867751.html","/data/rw1867751.html","79813-67-5","natural substances and extractives","rw","a"
"arecoline","https://www.thegoodscentscompany.com/data/rw1389511.html","/data/rw1389511.html","63-75-2","natural substances and extractives","rw","a"
"arecoline hydrobromide","https://www.thegoodscentscompany.com/data/rw1701711.html","/data/rw1701711.html","300-08-3","pharmaceuticals / chemical synthisis","rw","a"
"arenaria kansuensis leaf/root/stem extract","https://www.thegoodscentscompany.com/data/ex1707641.html","/data/ex1707641.html","","humectants","ex","a"
"argan oil aminopropanediol esters","https://www.thegoodscentscompany.com/data/rw1707651.html","/data/rw1707651.html","","cosmetic ingredient for skin conditioning","rw","a"
"argan oil isostearyl esters","https://www.thegoodscentscompany.com/data/rw1911471.html","/data/rw1911471.html","","cosmetic agents","rw","a"
"argan oil peg-8 esters","https://www.thegoodscentscompany.com/data/rw1707661.html","/data/rw1707661.html","","emollients, emulsifiers, skin conditioning, surfactants","rw","a"
"argan oil polyglyceryl-6 esters","https://www.thegoodscentscompany.com/data/rw1707671.html","/data/rw1707671.html","","emollients, emulsifiers, skin conditioning, surfactants","rw","a"
"argania spinosa extract","https://www.thegoodscentscompany.com/data/ex1693151.html","/data/ex1693151.html","223747-87-3","cosmetic ingredient for skin conditioning","ex","a"
"argania spinosa fruit extract","https://www.thegoodscentscompany.com/data/ex1911461.html","/data/ex1911461.html","223747-87-3","cosmetic ingredient for skin conditioning","ex","a"
"argania spinosa fruit unsaponifiables","https://www.thegoodscentscompany.com/data/rs1707681.html","/data/rs1707681.html","223747-87-3","emollients","rs","a"
"argania spinosa kernel extract","https://www.thegoodscentscompany.com/data/ex1693161.html","/data/ex1693161.html","223747-87-3","cosmetic ingredient for skin conditioning","ex","a"
"argania spinosa kernel oil","https://www.thegoodscentscompany.com/data/vg1068991.html","/data/vg1068991.html","223747-87-3","emollients, skin conditioning","vg","a"
"hydrogenated argania spinosa kernel oil","https://www.thegoodscentscompany.com/data/vg1707691.html","/data/vg1707691.html","","emollients","vg","a"
"argania spinosa kernel oil/hydrogenated argania spinosa kernel oil esters","https://www.thegoodscentscompany.com/data/rw1707701.html","/data/rw1707701.html","","emollients, humectants, skin conditioning","rw","a"
"argania spinosa leaf cell extract","https://www.thegoodscentscompany.com/data/ex1687571.html","/data/ex1687571.html","","cosmetic ingredient for skin conditioning","ex","a"
"argania spinosa leaf extract","https://www.thegoodscentscompany.com/data/ex1693171.html","/data/ex1693171.html","223747-87-3","cosmetic ingredient for skin conditioning","ex","a"
"argania spinosa shell powder","https://www.thegoodscentscompany.com/data/rs1707711.html","/data/rs1707711.html","223747-87-3","abrasives","rs","a"
"argania spinosa sprout cell extract","https://www.thegoodscentscompany.com/data/ex1707721.html","/data/ex1707721.html","223747-87-3","cosmetic ingredient for skin conditioning","ex","a"
"argemone mexicana","https://www.thegoodscentscompany.com/data/rs1070981.html","/data/rs1070981.html","","information only not used for fragrances or flavors","rs","a"
"argemone mexicana extract","https://www.thegoodscentscompany.com/data/ex1387251.html","/data/ex1387251.html","89957-53-9","information only not used for fragrances or flavors","ex","a"
"argemone mexicana seed","https://www.thegoodscentscompany.com/data/rs1670611.html","/data/rs1670611.html","89957-53-9","information only not used for fragrances or flavors","rs","a"
"argemone mexicana seed oil","https://www.thegoodscentscompany.com/data/vg1670601.html","/data/vg1670601.html","225233-94-3","emollients, hair conditioning, skin conditioning","vg","a"
"argilla","https://www.thegoodscentscompany.com/data/rw1707731.html","/data/rw1707731.html","12199-37-0","abrasives, bulking agents","rw","a"
"argilla extract","https://www.thegoodscentscompany.com/data/ex1707741.html","/data/ex1707741.html","","cosmetic ingredient for skin conditioning","ex","a"
"dextro- arginine","https://www.thegoodscentscompany.com/data/rw1346141.html","/data/rw1346141.html","157-06-2","information only not used for fragrances or flavors","rw","a"
"dextro,laevo- arginine","https://www.thegoodscentscompany.com/data/rw1351661.html","/data/rw1351661.html","7200-25-1","cosmetic agents","rw","a"
"laevo- arginine","https://www.thegoodscentscompany.com/data/rw1068131.html","/data/rw1068131.html","74-79-3","special dietary and nutritional additives","rw","a"
"laevo-homo arginine","https://www.thegoodscentscompany.com/data/rw1346121.html","/data/rw1346121.html","156-86-5","natural substances and extractives","rw","a"
"arginine aspartate","https://www.thegoodscentscompany.com/data/rw1364301.html","/data/rw1364301.html","7675-83-4","special dietary and nutritional additives","rw","a"
"arginine bicarbonate","https://www.thegoodscentscompany.com/data/rw1707751.html","/data/rw1707751.html","","oral care agents","rw","a"
"arginine cocoate","https://www.thegoodscentscompany.com/data/rw1653631.html","/data/rw1653631.html","","cosmetic ingredient for skin conditioning","rw","a"
"arginine DNA","https://www.thegoodscentscompany.com/data/rw1707761.html","/data/rw1707761.html","","cosmetic ingredient for skin conditioning","rw","a"
"arginine ferulate","https://www.thegoodscentscompany.com/data/rw1707771.html","/data/rw1707771.html","950890-74-1","cosmetic ingredient for skin conditioning","rw","a"
"arginine glutamate","https://www.thegoodscentscompany.com/data/rw1100941.html","/data/rw1100941.html","4320-30-3","flavoring agents","rw","a"
"arginine hexyldecyl phosphate","https://www.thegoodscentscompany.com/data/rw1707781.html","/data/rw1707781.html","111129-35-2","cleansing, emollients","rw","a"
"dextro- arginine hydrochloride","https://www.thegoodscentscompany.com/data/rw1233681.html","/data/rw1233681.html","627-75-8","food additive","rw","a"
"laevo- arginine hydrochloride","https://www.thegoodscentscompany.com/data/rw1253361.html","/data/rw1253361.html","15595-35-4","cosmetic and flavor agents, dietary supplements","rw","a"
"laevo- arginine laevo-malate","https://www.thegoodscentscompany.com/data/rw1660181.html","/data/rw1660181.html","93964-77-3","information only not used for fragrances or flavors","rw","a"
"laevo- arginine orotate","https://www.thegoodscentscompany.com/data/rw1663861.html","/data/rw1663861.html","","special dietary and nutritional additives","rw","a"
"argon","https://www.thegoodscentscompany.com/data/rw1220631.html","/data/rw1220631.html","7440-37-1","antioxidants and preservatives","rw","a"
"argophyllin B","https://www.thegoodscentscompany.com/data/rw1856531.html","/data/rw1856531.html","81686-18-2","natural substances and extractives","rw","a"
"argyreia nervosa","https://www.thegoodscentscompany.com/data/rs1406241.html","/data/rs1406241.html","","information only not used for fragrances or flavors","rs","a"
"argyreia nervosa seed","https://www.thegoodscentscompany.com/data/rs1678581.html","/data/rs1678581.html","","information only not used for fragrances or flavors","rs","a"
"arianacin","https://www.thegoodscentscompany.com/data/rw1892371.html","/data/rw1892371.html","172430-57-8","natural substances and extractives","rw","a"
"arisaema amurense extract","https://www.thegoodscentscompany.com/data/ex1693181.html","/data/ex1693181.html","","cosmetic ingredient for skin conditioning","ex","a"
"arisaema consanguineum root extract","https://www.thegoodscentscompany.com/data/ex1693191.html","/data/ex1693191.html","","cosmetic ingredient for skin conditioning","ex","a"
"arisaema dracontium extract","https://www.thegoodscentscompany.com/data/ex1387261.html","/data/ex1387261.html","89957-54-0","information only not used for fragrances or flavors","ex","a"
"arisaema triphyllum extract","https://www.thegoodscentscompany.com/data/ex1387271.html","/data/ex1387271.html","97765-56-5","information only not used for fragrances or flavors","ex","a"
"arisaema wallichianum extract","https://www.thegoodscentscompany.com/data/ex1387281.html","/data/ex1387281.html","93685-36-0","information only not used for fragrances or flavors","ex","a"
"aristol-1(10)-en-12-al","https://www.thegoodscentscompany.com/data/rw1564061.html","/data/rw1564061.html","","natural substances and extractives","rw","a"
"aristol-1(10)-en-12-ol","https://www.thegoodscentscompany.com/data/rw1565061.html","/data/rw1565061.html","","natural substances and extractives","rw","a"
"aristol-9-en-3-ol","https://www.thegoodscentscompany.com/data/rw1361491.html","/data/rw1361491.html","","natural substances and extractives","rw","a"
"aristola-1(10),8-diene","https://www.thegoodscentscompany.com/data/rw1560381.html","/data/rw1560381.html","34143-96-9","natural substances and extractives","rw","a"
"9- aristolen-1alpha-ol","https://www.thegoodscentscompany.com/data/rw1011141.html","/data/rw1011141.html","34143-95-8","natural substances and extractives","rw","a"
"(1,10)- aristolen-2-one","https://www.thegoodscentscompany.com/data/rw1063631.html","/data/rw1063631.html","28398-06-3","natural substances and extractives","rw","a"
"aristolene","https://www.thegoodscentscompany.com/data/rw1561421.html","/data/rw1561421.html","6831-16-9","natural substances and extractives","rw","a"
"aristolochene","https://www.thegoodscentscompany.com/data/rw1533921.html","/data/rw1533921.html","26620-71-3","natural substances and extractives","rw","a"
"5-epi- aristolochene","https://www.thegoodscentscompany.com/data/rw1560991.html","/data/rw1560991.html","","natural substances and extractives","rw","a"
"aristolochia bracteata extract","https://www.thegoodscentscompany.com/data/ex1387341.html","/data/ex1387341.html","93333-77-8","information only not used for fragrances or flavors","ex","a"
"aristolochia clematitis extract","https://www.thegoodscentscompany.com/data/ex1387381.html","/data/ex1387381.html","84775-44-0","information only not used for fragrances or flavors","ex","a"
"aristolochia curarina extract","https://www.thegoodscentscompany.com/data/ex1387291.html","/data/ex1387291.html","92704-00-2","information only not used for fragrances or flavors","ex","a"
"aristolochia cymbifera extract","https://www.thegoodscentscompany.com/data/ex1387301.html","/data/ex1387301.html","90244-85-2","information only not used for fragrances or flavors","ex","a"
"aristolochia indica extract","https://www.thegoodscentscompany.com/data/ex1387391.html","/data/ex1387391.html","89957-55-1","information only not used for fragrances or flavors","ex","a"
"aristolochia longa extract","https://www.thegoodscentscompany.com/data/ex1387311.html","/data/ex1387311.html","97552-97-1","information only not used for fragrances or flavors","ex","a"
"aristolochia reticulata extract","https://www.thegoodscentscompany.com/data/ex1387351.html","/data/ex1387351.html","93028-58-1","information only not used for fragrances or flavors","ex","a"
"aristolochia ringens extract","https://www.thegoodscentscompany.com/data/ex1387421.html","/data/ex1387421.html","93062-61-4","information only not used for fragrances or flavors","ex","a"
"aristolochia rotunda extract","https://www.thegoodscentscompany.com/data/ex1387321.html","/data/ex1387321.html","97552-98-2","information only not used for fragrances or flavors","ex","a"
"aristolochia serpentaria extract","https://www.thegoodscentscompany.com/data/ex1387401.html","/data/ex1387401.html","89957-56-2","information only not used for fragrances or flavors","ex","a"
"aristolochia triangularis extract","https://www.thegoodscentscompany.com/data/ex1387411.html","/data/ex1387411.html","89957-57-3","information only not used for fragrances or flavors","ex","a"
"aristolochia vulgaris extract","https://www.thegoodscentscompany.com/data/ex1387331.html","/data/ex1387331.html","97926-17-5","information only not used for fragrances or flavors","ex","a"
"aristolochic acids","https://www.thegoodscentscompany.com/data/rw1701701.html","/data/rw1701701.html","","natural substances and extractives","rw","a"
"aristolodione","https://www.thegoodscentscompany.com/data/rw1834171.html","/data/rw1834171.html","109771-09-7","natural substances and extractives","rw","a"
"aristolone","https://www.thegoodscentscompany.com/data/rw1539011.html","/data/rw1539011.html","6831-17-0","natural substances and extractives","rw","a"
"aristotelia chilensis fruit","https://www.thegoodscentscompany.com/data/rs1087491.html","/data/rs1087491.html","","information only not used for fragrances or flavors","rs","a"
"aristotelia chilensis fruit extract","https://www.thegoodscentscompany.com/data/ex1707831.html","/data/ex1707831.html","","cosmetic ingredient for skin conditioning","ex","a"
"aristotelia chilensis fruit juice","https://www.thegoodscentscompany.com/data/fl1128531.html","/data/fl1128531.html","","flavoring agents and adjuvants","fl","a"
"aristotelia chilensis leaf extract","https://www.thegoodscentscompany.com/data/ex1693201.html","/data/ex1693201.html","","cosmetic ingredient for skin conditioning","ex","a"
"arjunolic acid","https://www.thegoodscentscompany.com/data/rw1843511.html","/data/rw1843511.html","465-00-9","natural substances and extractives","rw","a"
"arlatin","https://www.thegoodscentscompany.com/data/rw1851331.html","/data/rw1851331.html","93552-69-3","natural substances and extractives","rw","a"
"armeria alpina leaf cell extract","https://www.thegoodscentscompany.com/data/ex1707841.html","/data/ex1707841.html","","antioxidants, skin protecting","ex","a"
"armeria maritima extract","https://www.thegoodscentscompany.com/data/ex1693211.html","/data/ex1693211.html","223747-89-5","cosmetic ingredient for skin conditioning","ex","a"
"armeria maritima flower/leaf/stem extract","https://www.thegoodscentscompany.com/data/ex1693221.html","/data/ex1693221.html","223747-89-5","cosmetic ingredient for skin conditioning","ex","a"
"armexifolin","https://www.thegoodscentscompany.com/data/rw1850521.html","/data/rw1850521.html","64929-15-3","natural substances and extractives","rw","a"
"armillane","https://www.thegoodscentscompany.com/data/rw1851561.html","/data/rw1851561.html","126006-69-7","natural substances and extractives","rw","a"
"armillaribin","https://www.thegoodscentscompany.com/data/rw1827381.html","/data/rw1827381.html","119516-61-9","natural substances and extractives","rw","a"
"armillaric acid","https://www.thegoodscentscompany.com/data/rw1858881.html","/data/rw1858881.html","129251-06-5","natural substances and extractives","rw","a"
"armillaricin","https://www.thegoodscentscompany.com/data/rw1870531.html","/data/rw1870531.html","119516-62-0","natural substances and extractives","rw","a"
"armillaridin","https://www.thegoodscentscompany.com/data/rw1847891.html","/data/rw1847891.html","96684-80-9","natural substances and extractives","rw","a"
"armillarilin","https://www.thegoodscentscompany.com/data/rw1827391.html","/data/rw1827391.html","127500-59-8","natural substances and extractives","rw","a"
"armillarin","https://www.thegoodscentscompany.com/data/rw1876731.html","/data/rw1876731.html","83329-14-0","natural substances and extractives","rw","a"
"armillarinin","https://www.thegoodscentscompany.com/data/rw1827401.html","/data/rw1827401.html","127486-63-9","natural substances and extractives","rw","a"
"armillaripin","https://www.thegoodscentscompany.com/data/rw1819721.html","/data/rw1819721.html","129741-56-6","natural substances and extractives","rw","a"
"armillaritin","https://www.thegoodscentscompany.com/data/rw1872681.html","/data/rw1872681.html","135247-96-0","natural substances and extractives","rw","a"
"armillarivin","https://www.thegoodscentscompany.com/data/rw1872671.html","/data/rw1872671.html","135247-97-1","natural substances and extractives","rw","a"
"armillasin","https://www.thegoodscentscompany.com/data/rw1870851.html","/data/rw1870851.html","139051-16-4","natural substances and extractives","rw","a"
"armillatin","https://www.thegoodscentscompany.com/data/rw1870861.html","/data/rw1870861.html","139051-17-5","natural substances and extractives","rw","a"
"armillyl everninate","https://www.thegoodscentscompany.com/data/rw1852071.html","/data/rw1852071.html","102092-44-4","natural substances and extractives","rw","a"
"armillyl orsellinate","https://www.thegoodscentscompany.com/data/rw1851521.html","/data/rw1851521.html","82105-51-9","natural substances and extractives","rw","a"
"armoise absolute","https://www.thegoodscentscompany.com/data/ab1092781.html","/data/ab1092781.html","","fragrance agents","ab","a"
"armoise leaf","https://www.thegoodscentscompany.com/data/rs1604061.html","/data/rs1604061.html","84775-75-7","spices, other natural seasonings and flavorings","rs","a"
"armoise oil","https://www.thegoodscentscompany.com/data/es1024711.html","/data/es1024711.html","68991-20-8","cosmetic and fragrance agents","es","a"
"armoise oil morocco","https://www.thegoodscentscompany.com/data/es1039241.html","/data/es1039241.html","8022-37-5","fragrance agents","es","a"
"armoise oil russia","https://www.thegoodscentscompany.com/data/es1618801.html","/data/es1618801.html","68991-20-8","cosmetic, flavor and fragrance agents","es","a"
"armoracia rusticana root extract","https://www.thegoodscentscompany.com/data/ex1387431.html","/data/ex1387431.html","84775-62-2","cosmetic and flavor agents","ex","a"
"armoracia rusticana root tincture","https://www.thegoodscentscompany.com/data/ex1673681.html","/data/ex1673681.html","84775-62-2","flavoring agents","ex","a"
"arnamiol","https://www.thegoodscentscompany.com/data/rw1847421.html","/data/rw1847421.html","102092-23-9","natural substances and extractives","rw","a"
"arnebin 1","https://www.thegoodscentscompany.com/data/rw1531301.html","/data/rw1531301.html","5162-01-6","natural substances and extractives","rw","a"
"arnebinone","https://www.thegoodscentscompany.com/data/rw1533121.html","/data/rw1533121.html","87255-09-2","natural substances and extractives","rw","a"
"arnica chamissonis flower extract","https://www.thegoodscentscompany.com/data/ex1387471.html","/data/ex1387471.html","97659-55-7","cosmetic and fragrance agents","ex","a"
"arnica flower absolute","https://www.thegoodscentscompany.com/data/ab1068191.html","/data/ab1068191.html","68990-11-4","fragrance agents","ab","a"
"arnica flower oil","https://www.thegoodscentscompany.com/data/es1068201.html","/data/es1068201.html","68990-11-4","fragrance agents","es","a"
"arnica foliosa extract","https://www.thegoodscentscompany.com/data/ex1387461.html","/data/ex1387461.html","97765-57-6","information only not used for fragrances or flavors","ex","a"
"arnica fulgens extract","https://www.thegoodscentscompany.com/data/ex1387441.html","/data/ex1387441.html","92113-07-0","information only not used for fragrances or flavors","ex","a"
"arnica mexicana extract","https://www.thegoodscentscompany.com/data/ex1387451.html","/data/ex1387451.html","92502-62-0","information only not used for fragrances or flavors","ex","a"
"arnica montana flower","https://www.thegoodscentscompany.com/data/rs1039231.html","/data/rs1039231.html","977000-27-3","natural flavoring agents","rs","a"
"arnica montana flower extract","https://www.thegoodscentscompany.com/data/ex1069121.html","/data/ex1069121.html","68990-11-4","cosmetic, flavor and fragrance agents","ex","a"
"arnica montana flower oil CO2 extract","https://www.thegoodscentscompany.com/data/es1667831.html","/data/es1667831.html","68990-11-4","fragrance agents","es","a"
"arnica montana flower water","https://www.thegoodscentscompany.com/data/ex1617901.html","/data/ex1617901.html","68990-11-4","cosmetic ingredient for skin conditioning","ex","a"
"arnica resinoid","https://www.thegoodscentscompany.com/data/rs1612291.html","/data/rs1612291.html","68990-11-4","fragrance agents","rs","a"
"arnica tincture","https://www.thegoodscentscompany.com/data/ex1546411.html","/data/ex1546411.html","8056-65-6","information only not used for fragrances or flavors","ex","a"
"arnidenediol","https://www.thegoodscentscompany.com/data/rw1849631.html","/data/rw1849631.html","6750-30-7","natural substances and extractives","rw","a"
"aroma flavor compound","https://www.thegoodscentscompany.com/data/fl1604291.html","/data/fl1604291.html","","flavoring agents","fl","a"
"aromadedrin","https://www.thegoodscentscompany.com/data/rw1539021.html","/data/rw1539021.html","480-20-6","natural substances and extractives","rw","a"
"aromadendr-1-ene","https://www.thegoodscentscompany.com/data/rw1299301.html","/data/rw1299301.html","","natural substances and extractives","rw","a"
"allo aromadendr-9-ene","https://www.thegoodscentscompany.com/data/rw1123751.html","/data/rw1123751.html","220437-48-9","natural substances and extractives","rw","a"
"aromadendra-1(10),4(15)-diene","https://www.thegoodscentscompany.com/data/rw1560391.html","/data/rw1560391.html","","natural substances and extractives","rw","a"
"aromadendra-4,10(14)-diene","https://www.thegoodscentscompany.com/data/rw1560411.html","/data/rw1560411.html","","natural substances and extractives","rw","a"
"aromadendra-4,9-diene","https://www.thegoodscentscompany.com/data/rw1560421.html","/data/rw1560421.html","","natural substances and extractives","rw","a"
"aromadendra-4(15),10(14)-dien-1-ol","https://www.thegoodscentscompany.com/data/rw1564071.html","/data/rw1564071.html","","natural substances and extractives","rw","a"
"allo- aromadendra-4(15),10(14)-diene","https://www.thegoodscentscompany.com/data/rw1083101.html","/data/rw1083101.html","","natural substances and extractives","rw","a"
"(6alpha,7alpha,10alpha)-1(5),3- aromadendradiene","https://www.thegoodscentscompany.com/data/rw1851071.html","/data/rw1851071.html","111778-06-4","natural substances and extractives","rw","a"
"1,10-seco- aromadendran-1,10-dione","https://www.thegoodscentscompany.com/data/rw1304681.html","/data/rw1304681.html","","natural substances and extractives","rw","a"
"5-epi-1,10-seco- aromadendran-1,10-dione","https://www.thegoodscentscompany.com/data/rw1559291.html","/data/rw1559291.html","","natural substances and extractives","rw","a"
"aromadendran-14-ol","https://www.thegoodscentscompany.com/data/rw1566301.html","/data/rw1566301.html","","natural substances and extractives","rw","a"
"aromadendrene","https://www.thegoodscentscompany.com/data/rw1602521.html","/data/rw1602521.html","72747-25-2","natural substances and extractives","rw","a"
"(-)- aromadendrene","https://www.thegoodscentscompany.com/data/rw1011191.html","/data/rw1011191.html","14682-34-9","natural substances and extractives","rw","a"
"(+)- aromadendrene","https://www.thegoodscentscompany.com/data/rw1465701.html","/data/rw1465701.html","489-39-4","natural substances and extractives","rw","a"
"allo aromadendrene","https://www.thegoodscentscompany.com/data/rw1465731.html","/data/rw1465731.html","25246-27-9","natural substances and extractives","rw","a"
"allo aromadendrene epoxide","https://www.thegoodscentscompany.com/data/rw1565031.html","/data/rw1565031.html","85760-81-2","natural substances and extractives","rw","a"
"aromadendrene oxide","https://www.thegoodscentscompany.com/data/rw1300311.html","/data/rw1300311.html","94020-95-8","natural substances and extractives","rw","a"
"aromadendrene oxide 2","https://www.thegoodscentscompany.com/data/rw1602531.html","/data/rw1602531.html","85710-39-0","natural substances and extractives","rw","a"
"aromadendrin 4'-methyl ether","https://www.thegoodscentscompany.com/data/rw1861651.html","/data/rw1861651.html","137225-59-3","natural substances and extractives","rw","a"
"aromadendrin 7-methyl ether","https://www.thegoodscentscompany.com/data/rw1840841.html","/data/rw1840841.html","37971-69-0","natural substances and extractives","rw","a"
"aromatic fragrance","https://www.thegoodscentscompany.com/data/fr1011201.html","/data/fr1011201.html","","fragranced products of all types","fr","a"
"aromatic woody citrus floral fragrance","https://www.thegoodscentscompany.com/data/fr1076631.html","/data/fr1076631.html","","fragranced products of all types","fr","a"
"aronia arbutifolia extract","https://www.thegoodscentscompany.com/data/ex1693231.html","/data/ex1693231.html","","cosmetic ingredient for skin and hair conditioning","ex","a"
"aronia arbutifolia fruit extract","https://www.thegoodscentscompany.com/data/ex1693241.html","/data/ex1693241.html","","cosmetic ingredient for skin conditioning","ex","a"
"aronia melanocarpa fruit","https://www.thegoodscentscompany.com/data/rs1087501.html","/data/rs1087501.html","","information only not used for fragrances or flavors","rs","a"
"aronia melanocarpa fruit extract","https://www.thegoodscentscompany.com/data/ex1647101.html","/data/ex1647101.html","1197991-17-5","cosmetic agents, dietary supplements","ex","a"
"aronia melanocarpa fruit juice","https://www.thegoodscentscompany.com/data/fl1693251.html","/data/fl1693251.html","1197991-17-5","cosmetic ingredient for skin conditioning","fl","a"
"aronia melanocarpa skin extract","https://www.thegoodscentscompany.com/data/ex1653281.html","/data/ex1653281.html","1197991-17-5","flavoring agents","ex","a"
"arosa","https://www.thegoodscentscompany.com/data/rw1051541.html","/data/rw1051541.html","67785-67-5","fragrance agents","rw","a"
"arrabidaea chica leaf powder","https://www.thegoodscentscompany.com/data/rs1707861.html","/data/rs1707861.html","","abrasives","rs","a"
"arrabidaea chica leaf/stem extract","https://www.thegoodscentscompany.com/data/ex1693261.html","/data/ex1693261.html","","cosmetic agents","ex","a"
"arrack flavor","https://www.thegoodscentscompany.com/data/fl1084451.html","/data/fl1084451.html","","flavored products of all types","fl","a"
"arrowroot","https://www.thegoodscentscompany.com/data/rs1062541.html","/data/rs1062541.html","","food additive and cosmetic agents","rs","a"
"arrowroot starch","https://www.thegoodscentscompany.com/data/rs1097821.html","/data/rs1097821.html","977000-09-1","thickeners, gelling agents, stabalizers and emulsifiers","rs","a"
"artabotrys odoratissimus flower oil","https://www.thegoodscentscompany.com/data/es1068221.html","/data/es1068221.html","","fragrance agents","es","a"
"artabsinolide A","https://www.thegoodscentscompany.com/data/rw1850711.html","/data/rw1850711.html","82078-63-5","natural substances and extractives","rw","a"
"artabsinolide B","https://www.thegoodscentscompany.com/data/rw1851791.html","/data/rw1851791.html","76564-29-9","natural substances and extractives","rw","a"
"artabsinolide D","https://www.thegoodscentscompany.com/data/rw1846511.html","/data/rw1846511.html","81907-04-2","natural substances and extractives","rw","a"
"arteannuic alcohol","https://www.thegoodscentscompany.com/data/rw1602171.html","/data/rw1602171.html","125184-95-4","natural substances and extractives","rw","a"
"arteannuin L","https://www.thegoodscentscompany.com/data/rw1667621.html","/data/rw1667621.html","207446-89-7","natural substances and extractives","rw","a"
"artedouglasia oxide A","https://www.thegoodscentscompany.com/data/rw1567681.html","/data/rw1567681.html","115403-96-8","natural substances and extractives","rw","a"
"artedouglasia oxide B","https://www.thegoodscentscompany.com/data/rw1567691.html","/data/rw1567691.html","54783-60-7","natural substances and extractives","rw","a"
"artedouglasia oxide C","https://www.thegoodscentscompany.com/data/rw1567701.html","/data/rw1567701.html","115403-98-0","natural substances and extractives","rw","a"
"artedouglasia oxide D","https://www.thegoodscentscompany.com/data/rw1567711.html","/data/rw1567711.html","115403-99-1","natural substances and extractives","rw","a"
"artemether","https://www.thegoodscentscompany.com/data/rw1510601.html","/data/rw1510601.html","71939-51-0","pharmaceuticals / chemical synthisis","rw","a"
"artemetin","https://www.thegoodscentscompany.com/data/rw1539041.html","/data/rw1539041.html","479-90-3","natural substances and extractives","rw","a"
"artemia salina extract","https://www.thegoodscentscompany.com/data/ex1693271.html","/data/ex1693271.html","","cosmetic ingredient for skin conditioning","ex","a"
"artemidinal","https://www.thegoodscentscompany.com/data/rw1064021.html","/data/rw1064021.html","34328-51-3","natural substances and extractives","rw","a"
"artemidinol","https://www.thegoodscentscompany.com/data/rw1821741.html","/data/rw1821741.html","62268-43-3","natural substances and extractives","rw","a"
"artemidiol","https://www.thegoodscentscompany.com/data/rw1821751.html","/data/rw1821751.html","54963-30-3","natural substances and extractives","rw","a"
"artemiseole","https://www.thegoodscentscompany.com/data/rw1559281.html","/data/rw1559281.html","60485-46-3","natural substances and extractives","rw","a"
"artemisia abrotanum","https://www.thegoodscentscompany.com/data/rs1050401.html","/data/rs1050401.html","","information only not used for fragrances or flavors","rs","a"
"artemisia abrotanum extract","https://www.thegoodscentscompany.com/data/ex1649251.html","/data/ex1649251.html","89957-58-4","cosmetic ingredient for skin protecting","ex","a"
"artemisia abrotanum flower/leaf/stem extract","https://www.thegoodscentscompany.com/data/ex1091781.html","/data/ex1091781.html","89957-58-4","moisturising agents","ex","a"
"artemisia abrotanum herb tincture","https://www.thegoodscentscompany.com/data/ex1678221.html","/data/ex1678221.html","89957-58-4","information only not used for fragrances or flavors","ex","a"
"artemisia absinthium extract","https://www.thegoodscentscompany.com/data/ex1707871.html","/data/ex1707871.html","84929-19-1","cosmetic ingredient for skin conditioning","ex","a"
"artemisia absinthium herb extract","https://www.thegoodscentscompany.com/data/ex1035231.html","/data/ex1035231.html","84929-19-1","cosmetic, flavor and fragrance agents","ex","a"
"artemisia absinthium herb tincture","https://www.thegoodscentscompany.com/data/ex1678511.html","/data/ex1678511.html","84929-19-1","flavor and fragrance agents","ex","a"
"artemisia afra","https://www.thegoodscentscompany.com/data/rs1674871.html","/data/rs1674871.html","","information only not used for fragrances or flavors","rs","a"
"artemisia afra extract","https://www.thegoodscentscompany.com/data/ex1386011.html","/data/ex1386011.html","91745-71-0","information only not used for fragrances or flavors","ex","a"
"artemisia alba oil","https://www.thegoodscentscompany.com/data/es1068231.html","/data/es1068231.html","","fragrance agents","es","a"
"artemisia annua","https://www.thegoodscentscompany.com/data/rs1672731.html","/data/rs1672731.html","84775-74-6","information only not used for fragrances or flavors","rs","a"
"artemisia annua extract","https://www.thegoodscentscompany.com/data/ex1707891.html","/data/ex1707891.html","84775-74-6","masking agents","ex","a"
"artemisia annua herb oil bulgaria","https://www.thegoodscentscompany.com/data/es1677741.html","/data/es1677741.html","84775-74-6","flavor and fragrance agents","es","a"
"artemisia annua herb tincture","https://www.thegoodscentscompany.com/data/ex1677751.html","/data/ex1677751.html","84775-74-6","information only not used for fragrances or flavors","ex","a"
"artemisia annua leaf extract","https://www.thegoodscentscompany.com/data/ex1386141.html","/data/ex1386141.html","84775-74-6","fragrance agents","ex","a"
"artemisia annua seed","https://www.thegoodscentscompany.com/data/rs1678621.html","/data/rs1678621.html","84775-74-6","information only not used for fragrances or flavors","rs","a"
"artemisia annua seed extract","https://www.thegoodscentscompany.com/data/ex1911481.html","/data/ex1911481.html","84775-74-6","antioxidants and preservatives","ex","a"
"artemisia anomala extract","https://www.thegoodscentscompany.com/data/ex1693281.html","/data/ex1693281.html","","cosmetic ingredient for skin conditioning","ex","a"
"artemisia arborescens","https://www.thegoodscentscompany.com/data/rs1674880.html","/data/rs1674880.html","","information only not used for fragrances or flavors","rs","a"
"artemisia arborescens extract","https://www.thegoodscentscompany.com/data/ex1386111.html","/data/ex1386111.html","92113-09-2","fragrance agents","ex","a"
"artemisia arenaria extract","https://www.thegoodscentscompany.com/data/ex1386041.html","/data/ex1386041.html","91771-24-3","information only not used for fragrances or flavors","ex","a"
"artemisia argyi leaf oil","https://www.thegoodscentscompany.com/data/es1084001.html","/data/es1084001.html","","information only not used for fragrances or flavors","es","a"
"artemisia asiatica extract","https://www.thegoodscentscompany.com/data/ex1386171.html","/data/ex1386171.html","92201-42-8","cosmetic ingredient for skin conditioning","ex","a"
"artemisia barrelieri extract","https://www.thegoodscentscompany.com/data/ex1386281.html","/data/ex1386281.html","93164-87-5","information only not used for fragrances or flavors","ex","a"
"artemisia baumgarteni extract","https://www.thegoodscentscompany.com/data/ex1386201.html","/data/ex1386201.html","89957-59-5","information only not used for fragrances or flavors","ex","a"
"artemisia biennis extract","https://www.thegoodscentscompany.com/data/ex1386051.html","/data/ex1386051.html","91771-25-4","information only not used for fragrances or flavors","ex","a"
"artemisia campestris spp. glutinosa flower oil italy","https://www.thegoodscentscompany.com/data/es1044131.html","/data/es1044131.html","","fragrance agents","es","a"
"artemisia camphorata extract","https://www.thegoodscentscompany.com/data/ex1386211.html","/data/ex1386211.html","89957-60-8","information only not used for fragrances or flavors","ex","a"
"artemisia capillaris extract (whole plant)","https://www.thegoodscentscompany.com/data/ex1693291.html","/data/ex1693291.html","223747-93-1","cosmetic ingredient for skin conditioning","ex","a"
"artemisia capillaris flower extract","https://www.thegoodscentscompany.com/data/ex1689381.html","/data/ex1689381.html","223747-93-1","cosmetic ingredient for skin conditioning","ex","a"
"artemisia capillaris flower/leaf/stem water","https://www.thegoodscentscompany.com/data/es1612901.html","/data/es1612901.html","223747-93-1","flavor and fragrance agents","es","a"
"artemisia capillaris leaf extract","https://www.thegoodscentscompany.com/data/ex1693301.html","/data/ex1693301.html","223747-93-1","cosmetic ingredient for skin conditioning","ex","a"
"artemisia carvifolia extract (whole herb)","https://www.thegoodscentscompany.com/data/ex1693311.html","/data/ex1693311.html","","cosmetic ingredient for skin conditioning","ex","a"
"artemisia carvifolia powder","https://www.thegoodscentscompany.com/data/rs1601141.html","/data/rs1601141.html","","cosmetic agents","rs","a"
"artemisia cina extract","https://www.thegoodscentscompany.com/data/ex1386001.html","/data/ex1386001.html","84649-89-8","information only not used for fragrances or flavors","ex","a"
"artemisia copa extract","https://www.thegoodscentscompany.com/data/ex1386181.html","/data/ex1386181.html","92201-43-9","information only not used for fragrances or flavors","ex","a"
"artemisia deserti krasch. oil iran","https://www.thegoodscentscompany.com/data/es1547691.html","/data/es1547691.html","","fragrance agents","es","a"
"artemisia diffusa krasch. ex poljak oil iran","https://www.thegoodscentscompany.com/data/es1506591.html","/data/es1506591.html","","fragrance agents","es","a"
"artemisia douglasiana","https://www.thegoodscentscompany.com/data/rs1085761.html","/data/rs1085761.html","","information only not used for fragrances or flavors","rs","a"
"artemisia dracunculus herb extract","https://www.thegoodscentscompany.com/data/ex1091901.html","/data/ex1091901.html","90131-45-6","flavor and fragrance agents","ex","a"
"artemisia dracunculus herb oil","https://www.thegoodscentscompany.com/data/es1022891.html","/data/es1022891.html","8016-88-4","flavor and fragrance agents","es","a"
"artemisia dracunculus leaf/stem extract","https://www.thegoodscentscompany.com/data/ex1707901.html","/data/ex1707901.html","90131-45-6","masking agents","ex","a"
"artemisia dracunculus root extract","https://www.thegoodscentscompany.com/data/ex1693321.html","/data/ex1693321.html","90131-45-6","cosmetic ingredient for skin conditioning","ex","a"
"artemisia dracunculus seed/anthemis nobilis seed/hypericum androsaemum seed extract","https://www.thegoodscentscompany.com/data/ex1707911.html","/data/ex1707911.html","","cosmetic ingredient for skin conditioning","ex","a"
"artemisia frigida extract","https://www.thegoodscentscompany.com/data/ex1386061.html","/data/ex1386061.html","91771-26-5","information only not used for fragrances or flavors","ex","a"
"artemisia gallica extract","https://www.thegoodscentscompany.com/data/ex1386071.html","/data/ex1386071.html","93348-01-7","information only not used for fragrances or flavors","ex","a"
"artemisia glacialis extract","https://www.thegoodscentscompany.com/data/ex1386221.html","/data/ex1386221.html","89957-61-9","humectants, skin conditioning","ex","a"
"artemisia gmelinii extract","https://www.thegoodscentscompany.com/data/ex1911491.html","/data/ex1911491.html","","cosmetic agents","ex","a"
"artemisia gypsacea krasch. oil iran","https://www.thegoodscentscompany.com/data/es1593101.html","/data/es1593101.html","","fragrance agents","es","a"
"artemisia herba-alba flower extract","https://www.thegoodscentscompany.com/data/ex1386151.html","/data/ex1386151.html","84775-75-7","cosmetic ingredient for skin conditioning","ex","a"
"artemisia herba-alba leaf oil","https://www.thegoodscentscompany.com/data/es1707921.html","/data/es1707921.html","84775-75-7","masking agents","es","a"
"artemisia herba-alba oil","https://www.thegoodscentscompany.com/data/es1707931.html","/data/es1707931.html","84775-75-7","masking agents","es","a"
"artemisia lavandulaefolia extract","https://www.thegoodscentscompany.com/data/ex1707941.html","/data/ex1707941.html","","cosmetic ingredient for skin protecting","ex","a"
"artemisia laxa extract","https://www.thegoodscentscompany.com/data/ex1386231.html","/data/ex1386231.html","89957-62-0","information only not used for fragrances or flavors","ex","a"
"artemisia ludoviciana oil","https://www.thegoodscentscompany.com/data/es1083971.html","/data/es1083971.html","","fragrance agents","es","a"
"artemisia macrosciadia extract","https://www.thegoodscentscompany.com/data/ex1386031.html","/data/ex1386031.html","92456-67-2","information only not used for fragrances or flavors","ex","a"
"artemisia maritima extract","https://www.thegoodscentscompany.com/data/ex1386241.html","/data/ex1386241.html","89957-63-1","antioxidants","ex","a"
"artemisia maritima herb","https://www.thegoodscentscompany.com/data/rs1050311.html","/data/rs1050311.html","","information only not used for fragrances or flavors","rs","a"
"artemisia maritima herb oil","https://www.thegoodscentscompany.com/data/es1547021.html","/data/es1547021.html","89957-63-1","fragrance agents","es","a"
"artemisia mendozana extract","https://www.thegoodscentscompany.com/data/ex1386191.html","/data/ex1386191.html","92201-44-0","information only not used for fragrances or flavors","ex","a"
"artemisia mongolia leaf extract","https://www.thegoodscentscompany.com/data/ex1693331.html","/data/ex1693331.html","","cosmetic ingredient for skin conditioning","ex","a"
"artemisia montana flower oil","https://www.thegoodscentscompany.com/data/es1911501.html","/data/es1911501.html","","cosmetic ingredient for skin conditioning","es","a"
"artemisia montana leaf extract","https://www.thegoodscentscompany.com/data/ex1693341.html","/data/ex1693341.html","","cosmetic ingredient for skin conditioning","ex","a"
"artemisia montana leaf water","https://www.thegoodscentscompany.com/data/ex1693351.html","/data/ex1693351.html","","cosmetic ingredient for skin and hair conditioning","ex","a"
"artemisia pallens flower extract","https://www.thegoodscentscompany.com/data/ex1386161.html","/data/ex1386161.html","91844-86-9","fragrance agents","ex","a"
"artemisia pallens flower/leaf/stem oil","https://www.thegoodscentscompany.com/data/es1707951.html","/data/es1707951.html","91844-86-9","masking agents","es","a"
"artemisia pallens herb absolute","https://www.thegoodscentscompany.com/data/ab1084931.html","/data/ab1084931.html","8016-03-3","flavor and fragrance agents","ab","a"
"artemisia pallens herb extract","https://www.thegoodscentscompany.com/data/ex1547031.html","/data/ex1547031.html","91844-86-9","fragrance agents","ex","a"
"artemisia pallens herb oil","https://www.thegoodscentscompany.com/data/es1024001.html","/data/es1024001.html","8016-03-3","flavor and fragrance agents","es","a"
"artemisia pontica extract","https://www.thegoodscentscompany.com/data/ex1386251.html","/data/ex1386251.html","89957-64-2","information only not used for fragrances or flavors","ex","a"
"artemisia princeps callus extract","https://www.thegoodscentscompany.com/data/ex1693381.html","/data/ex1693381.html","223747-95-3","cosmetic agents","ex","a"
"artemisia princeps extract (whole plant)","https://www.thegoodscentscompany.com/data/ex1693391.html","/data/ex1693391.html","223747-95-3","cosmetic ingredient for skin conditioning","ex","a"
"artemisia princeps leaf extract","https://www.thegoodscentscompany.com/data/ex1693401.html","/data/ex1693401.html","223747-95-3","cosmetic ingredient for skin conditioning","ex","a"
"artemisia princeps leaf water","https://www.thegoodscentscompany.com/data/ex1687201.html","/data/ex1687201.html","223747-95-3","masking agents","ex","a"
"artemisia princeps leaf/equisetum arvense/houttuynia cordata extract","https://www.thegoodscentscompany.com/data/ex1707961.html","/data/ex1707961.html","","cosmetic ingredient for skin conditioning","ex","a"
"artemisia santolina schrenk oil iran","https://www.thegoodscentscompany.com/data/es1593091.html","/data/es1593091.html","","fragrance agents","es","a"
"artemisia spicata extract","https://www.thegoodscentscompany.com/data/ex1386261.html","/data/ex1386261.html","89957-65-3","information only not used for fragrances or flavors","ex","a"
"artemisia taurica whole plant oil","https://www.thegoodscentscompany.com/data/es1081081.html","/data/es1081081.html","","fragrance agents","es","a"
"artemisia tridentata","https://www.thegoodscentscompany.com/data/rs1676831.html","/data/rs1676831.html","","information only not used for fragrances or flavors","rs","a"
"artemisia tridentata extract (whole herb)","https://www.thegoodscentscompany.com/data/ex1073221.html","/data/ex1073221.html","","cosmetic ingredient for skin conditioning","ex","a"
"artemisia triene","https://www.thegoodscentscompany.com/data/rw1558941.html","/data/rw1558941.html","29548-02-5","natural substances and extractives","rw","a"
"artemisia umbelliformis extract (whole plant)","https://www.thegoodscentscompany.com/data/ex1693411.html","/data/ex1693411.html","94333-86-5","cosmetic ingredient for skin conditioning","ex","a"
"artemisia umbelliformis flower extract","https://www.thegoodscentscompany.com/data/ex1066551.html","/data/ex1066551.html","94333-86-5","cosmetic ingredient for skin conditioning","ex","a"
"artemisia vallesiana extract","https://www.thegoodscentscompany.com/data/ex1386271.html","/data/ex1386271.html","89957-66-4","information only not used for fragrances or flavors","ex","a"
"artemisia variabilis flower oil italy","https://www.thegoodscentscompany.com/data/es1597841.html","/data/es1597841.html","","fragrance agents","es","a"
"artemisia vestita wall. flower oil","https://www.thegoodscentscompany.com/data/es1543431.html","/data/es1543431.html","","fragrance agents","es","a"
"artemisia vestita wall. leaf oil","https://www.thegoodscentscompany.com/data/es1000741.html","/data/es1000741.html","","fragrance agents","es","a"
"artemisia vulgaris","https://www.thegoodscentscompany.com/data/rs1072221.html","/data/rs1072221.html","84775-45-1","information only not used for fragrances or flavors","rs","a"
"artemisia vulgaris herb extract","https://www.thegoodscentscompany.com/data/ex1091331.html","/data/ex1091331.html","84775-45-1","fragrance agents","ex","a"
"artemisia vulgaris herb tincture","https://www.thegoodscentscompany.com/data/ex1677551.html","/data/ex1677551.html","84775-45-1","fragrance agents","ex","a"
"hydrolyzed artemisia vulgaris leaf","https://www.thegoodscentscompany.com/data/rs1707971.html","/data/rs1707971.html","","humectants, skin conditioning","rs","a"
"artemisic acid","https://www.thegoodscentscompany.com/data/rw1430261.html","/data/rw1430261.html","80286-58-4","cosmetic ingredient for skin conditioning","rw","a"
"artemisin","https://www.thegoodscentscompany.com/data/rw1539031.html","/data/rw1539031.html","481-05-0","natural substances and extractives","rw","a"
"artemisinin","https://www.thegoodscentscompany.com/data/rw1220711.html","/data/rw1220711.html","63968-64-9","antimicrobial, skin conditioning","rw","a"
"artemisitene","https://www.thegoodscentscompany.com/data/rw1534011.html","/data/rw1534011.html","101020-89-7","natural substances and extractives","rw","a"
"artemisol","https://www.thegoodscentscompany.com/data/rw1011261.html","/data/rw1011261.html","5113-95-1","natural substances and extractives","rw","a"
"artemisyl acetate","https://www.thegoodscentscompany.com/data/rw1053751.html","/data/rw1053751.html","3465-88-1","natural substances and extractives","rw","a"
"artemisyl alcohol","https://www.thegoodscentscompany.com/data/rw1053631.html","/data/rw1053631.html","29887-38-5","natural substances and extractives","rw","a"
"R- artemisyl alcohol","https://www.thegoodscentscompany.com/data/rw1594841.html","/data/rw1594841.html","77363-66-7","natural substances and extractives","rw","a"
"artemisyl ketone","https://www.thegoodscentscompany.com/data/rw1011221.html","/data/rw1011221.html","546-49-6","flavor and fragrance agents","rw","a"
"artemisyl propionate","https://www.thegoodscentscompany.com/data/rw1893341.html","/data/rw1893341.html","79507-84-9","natural substances and extractives","rw","a"
"artenolide","https://www.thegoodscentscompany.com/data/rw1862111.html","/data/rw1862111.html","113807-34-4","natural substances and extractives","rw","a"
"artesunate","https://www.thegoodscentscompany.com/data/rw1481341.html","/data/rw1481341.html","88495-63-0","pharmaceuticals / chemical synthisis","rw","a"
"arthraxon hispidus flower/leaf/stem extract","https://www.thegoodscentscompany.com/data/ex1707981.html","/data/ex1707981.html","","humectants","ex","a"
"arthrobacter/hyaluronic acid ferment filtrate","https://www.thegoodscentscompany.com/data/ex1707991.html","/data/ex1707991.html","","emollients, skin conditioning","ex","a"
"arthrobacter/panax ginseng root ferment filtrate","https://www.thegoodscentscompany.com/data/ex1913671.html","/data/ex1913671.html","","cosmetic ingredient for skin conditioning","ex","a"
"arthrospira extract","https://www.thegoodscentscompany.com/data/ex1708001.html","/data/ex1708001.html","","cosmetic ingredient for skin conditioning","ex","a"
"hydrolyzed arthrospira extract","https://www.thegoodscentscompany.com/data/ex1708011.html","/data/ex1708011.html","","hair conditioning, humectants, skin conditioning","ex","a"
"arthrospira platensis culture conditioned media","https://www.thegoodscentscompany.com/data/rs1911511.html","/data/rs1911511.html","223751-80-2","cosmetic agents","rs","a"
"artichoke","https://www.thegoodscentscompany.com/data/rs1369701.html","/data/rs1369701.html","84012-14-6","food additive","rs","a"
"artichoke absolute","https://www.thegoodscentscompany.com/data/ab1657321.html","/data/ab1657321.html","93165-00-5","fragrance agents","ab","a"
"artichoke concrete","https://www.thegoodscentscompany.com/data/co1657721.html","/data/co1657721.html","84012-14-6","fragrance agents","co","a"
"artichoke flavor","https://www.thegoodscentscompany.com/data/fl1642881.html","/data/fl1642881.html","","flavored products of all types","fl","a"
"artichoke leaf","https://www.thegoodscentscompany.com/data/rs1039261.html","/data/rs1039261.html","977038-45-1","natural substances and extractives","rs","a"
"artichoke wax","https://www.thegoodscentscompany.com/data/rs1657741.html","/data/rs1657741.html","93165-00-5","fragrance agents","rs","a"
"artobiloxanthone","https://www.thegoodscentscompany.com/data/rw1839871.html","/data/rw1839871.html","121748-25-2","natural substances and extractives","rw","a"
"artocarbene","https://www.thegoodscentscompany.com/data/rw1827681.html","/data/rw1827681.html","194144-02-0","natural substances and extractives","rw","a"
"nor artocarpanone","https://www.thegoodscentscompany.com/data/rw1859751.html","/data/rw1859751.html","56486-94-3","natural substances and extractives","rw","a"
"artocarpesin","https://www.thegoodscentscompany.com/data/rw1823151.html","/data/rw1823151.html","3162-09-2","natural substances and extractives","rw","a"
"artocarpetin A","https://www.thegoodscentscompany.com/data/rw1820231.html","/data/rw1820231.html","167319-12-2","natural substances and extractives","rw","a"
"artocarpetin B","https://www.thegoodscentscompany.com/data/rw1833471.html","/data/rw1833471.html","170894-22-1","natural substances and extractives","rw","a"
"artocarpin","https://www.thegoodscentscompany.com/data/rw1823161.html","/data/rw1823161.html","7608-44-8","natural substances and extractives","rw","a"
"artocarpus altilis flour","https://www.thegoodscentscompany.com/data/rs1016281.html","/data/rs1016281.html","","food additive","rs","a"
"artocarpus anisophyllus fruit","https://www.thegoodscentscompany.com/data/rs1087521.html","/data/rs1087521.html","","information only not used for fragrances or flavors","rs","a"
"artocarpus atilis extract","https://www.thegoodscentscompany.com/data/ex1387521.html","/data/ex1387521.html","84775-77-9","information only not used for fragrances or flavors","ex","a"
"artocarpus atilis fruit","https://www.thegoodscentscompany.com/data/rs1087511.html","/data/rs1087511.html","","information only not used for fragrances or flavors","rs","a"
"artocarpus camansi fruit","https://www.thegoodscentscompany.com/data/rs1087541.html","/data/rs1087541.html","","information only not used for fragrances or flavors","rs","a"
"artocarpus heterophyllus fruit","https://www.thegoodscentscompany.com/data/rs1087551.html","/data/rs1087551.html","","information only not used for fragrances or flavors","rs","a"
"artocarpus heterophyllus fruit extract","https://www.thegoodscentscompany.com/data/ex1693421.html","/data/ex1693421.html","93333-78-9","cosmetic ingredient for skin conditioning","ex","a"
"artocarpus heterophyllus seed extract","https://www.thegoodscentscompany.com/data/ex1708021.html","/data/ex1708021.html","93333-78-9","bleaching agents","ex","a"
"artocarpus hirsutus fruit","https://www.thegoodscentscompany.com/data/rs1087571.html","/data/rs1087571.html","","information only not used for fragrances or flavors","rs","a"
"artocarpus lakoocha fruit","https://www.thegoodscentscompany.com/data/rs1087601.html","/data/rs1087601.html","","information only not used for fragrances or flavors","rs","a"
"artocarpus lakoocha wood extract","https://www.thegoodscentscompany.com/data/ex1672411.html","/data/ex1672411.html","","cosmetic agents","ex","a"
"artocarpus lingnanensis fruit","https://www.thegoodscentscompany.com/data/rs1087611.html","/data/rs1087611.html","","information only not used for fragrances or flavors","rs","a"
"artocarpus odoratissimus fruit","https://www.thegoodscentscompany.com/data/rs1087621.html","/data/rs1087621.html","","information only not used for fragrances or flavors","rs","a"
"artocarpus sericicarpus fruit","https://www.thegoodscentscompany.com/data/rs1087631.html","/data/rs1087631.html","","information only not used for fragrances or flavors","rs","a"
"artoflavanone","https://www.thegoodscentscompany.com/data/rw1823171.html","/data/rw1823171.html","55303-95-2","natural substances and extractives","rw","a"
"artomunoxanthentrione","https://www.thegoodscentscompany.com/data/rw1864151.html","/data/rw1864151.html","139921-73-6","natural substances and extractives","rw","a"
"artomunoxanthentrione epoxide","https://www.thegoodscentscompany.com/data/rw1884141.html","/data/rw1884141.html","143522-33-2","natural substances and extractives","rw","a"
"artonin A","https://www.thegoodscentscompany.com/data/rw1844991.html","/data/rw1844991.html","124721-15-9","natural substances and extractives","rw","a"
"artonin B","https://www.thegoodscentscompany.com/data/rw1845011.html","/data/rw1845011.html","124693-70-5","natural substances and extractives","rw","a"
"artonin C","https://www.thegoodscentscompany.com/data/rw1852791.html","/data/rw1852791.html","128553-97-9","natural substances and extractives","rw","a"
"artonin D","https://www.thegoodscentscompany.com/data/rw1852771.html","/data/rw1852771.html","128532-95-6","natural substances and extractives","rw","a"
"artonin E","https://www.thegoodscentscompany.com/data/rw1848251.html","/data/rw1848251.html","129683-93-8","natural substances and extractives","rw","a"
"artonin F","https://www.thegoodscentscompany.com/data/rw1848261.html","/data/rw1848261.html","129683-94-9","natural substances and extractives","rw","a"
"artonin J","https://www.thegoodscentscompany.com/data/rw1885341.html","/data/rw1885341.html","148719-51-1","natural substances and extractives","rw","a"
"artonin K","https://www.thegoodscentscompany.com/data/rw1885321.html","/data/rw1885321.html","148719-61-3","natural substances and extractives","rw","a"
"artonin L","https://www.thegoodscentscompany.com/data/rw1885331.html","/data/rw1885331.html","148719-52-2","natural substances and extractives","rw","a"
"artonin Q","https://www.thegoodscentscompany.com/data/rw1889781.html","/data/rw1889781.html","161017-00-1","natural substances and extractives","rw","a"
"artonin R","https://www.thegoodscentscompany.com/data/rw1889791.html","/data/rw1889791.html","161017-01-2","natural substances and extractives","rw","a"
"artonin T","https://www.thegoodscentscompany.com/data/rw1812121.html","/data/rw1812121.html","161017-03-4","natural substances and extractives","rw","a"
"artonin U","https://www.thegoodscentscompany.com/data/rw1889671.html","/data/rw1889671.html","123549-17-7","natural substances and extractives","rw","a"
"artonin V","https://www.thegoodscentscompany.com/data/rw1889681.html","/data/rw1889681.html","158642-43-4","natural substances and extractives","rw","a"
"artonol A","https://www.thegoodscentscompany.com/data/rw1820371.html","/data/rw1820371.html","186824-57-7","natural substances and extractives","rw","a"
"artonol B","https://www.thegoodscentscompany.com/data/rw1820381.html","/data/rw1820381.html","186824-58-8","natural substances and extractives","rw","a"
"artonol C","https://www.thegoodscentscompany.com/data/rw1820391.html","/data/rw1820391.html","186824-59-9","natural substances and extractives","rw","a"
"artonol D","https://www.thegoodscentscompany.com/data/rw1820451.html","/data/rw1820451.html","186824-60-2","natural substances and extractives","rw","a"
"artonol E","https://www.thegoodscentscompany.com/data/rw1820401.html","/data/rw1820401.html","186824-61-3","natural substances and extractives","rw","a"
"arugula","https://www.thegoodscentscompany.com/data/rs1369931.html","/data/rs1369931.html","90028-42-5","food additive","rs","a"
"arum italicum extract","https://www.thegoodscentscompany.com/data/ex1387531.html","/data/ex1387531.html","89957-67-5","information only not used for fragrances or flavors","ex","a"
"arum maculatum extract","https://www.thegoodscentscompany.com/data/ex1387541.html","/data/ex1387541.html","89957-68-6","information only not used for fragrances or flavors","ex","a"
"arum triphyllum extract","https://www.thegoodscentscompany.com/data/ex1387551.html","/data/ex1387551.html","89957-69-7","information only not used for fragrances or flavors","ex","a"
"aruncus aethusifolius extract","https://www.thegoodscentscompany.com/data/ex1693431.html","/data/ex1693431.html","","cosmetic ingredient for skin conditioning","ex","a"
"arundoin","https://www.thegoodscentscompany.com/data/rw1846801.html","/data/rw1846801.html","4555-56-0","natural substances and extractives","rw","a"
"arvensoside D","https://www.thegoodscentscompany.com/data/rw1876961.html","/data/rw1876961.html","58231-97-3","natural substances and extractives","rw","a"
"asacoumarin A","https://www.thegoodscentscompany.com/data/rw1839541.html","/data/rw1839541.html","122617-02-1","natural substances and extractives","rw","a"
"asaricin","https://www.thegoodscentscompany.com/data/rw1551781.html","/data/rw1551781.html","18607-93-7","natural substances and extractives","rw","a"
"(-)- asarinin","https://www.thegoodscentscompany.com/data/rw1136661.html","/data/rw1136661.html","133-05-1","natural substances and extractives","rw","a"
"(+)- asarinin","https://www.thegoodscentscompany.com/data/rw1810891.html","/data/rw1810891.html","133-03-9","natural substances and extractives","rw","a"
"asarone","https://www.thegoodscentscompany.com/data/rw1011341.html","/data/rw1011341.html","494-40-6","natural substances and extractives","rw","a"
"(E)- asarone","https://www.thegoodscentscompany.com/data/rw1290501.html","/data/rw1290501.html","2883-98-9","natural substances and extractives","rw","a"
"gamma- asarone","https://www.thegoodscentscompany.com/data/rw1635391.html","/data/rw1635391.html","5353-15-1","natural substances and extractives","rw","a"
"beta- asarone","https://www.thegoodscentscompany.com/data/rw1230211.html","/data/rw1230211.html","5273-86-9","natural substances and extractives","rw","a"
"asarum canadense extract","https://www.thegoodscentscompany.com/data/ex1387561.html","/data/ex1387561.html","89957-73-3","information only not used for fragrances or flavors","ex","a"
"asarum canadense root extract","https://www.thegoodscentscompany.com/data/ex1091291.html","/data/ex1091291.html","89957-73-3","cosmetic agents","ex","a"
"asarum europaeum extract","https://www.thegoodscentscompany.com/data/ex1387571.html","/data/ex1387571.html","89957-74-4","information only not used for fragrances or flavors","ex","a"
"asarum europaeum oil","https://www.thegoodscentscompany.com/data/es1068251.html","/data/es1068251.html","89957-74-4","fragrance agents","es","a"
"asarum heterotropoides extract","https://www.thegoodscentscompany.com/data/ex1708031.html","/data/ex1708031.html","","antidandruff, antimicrobial, antioxidant agents","ex","a"
"asarum heterotropoides rhizome extract","https://www.thegoodscentscompany.com/data/ex1075131.html","/data/ex1075131.html","","antioxidants, hair conditioning, skin conditioning","ex","a"
"asarum sieboldi rhizome/root extract","https://www.thegoodscentscompany.com/data/ex1693441.html","/data/ex1693441.html","223748-00-3","cosmetic ingredient for skin conditioning","ex","a"
"asarum sieboldi root extract","https://www.thegoodscentscompany.com/data/ex1708041.html","/data/ex1708041.html","223748-00-3","cosmetic ingredient for skin conditioning","ex","a"
"asarum sieboldi root water","https://www.thegoodscentscompany.com/data/es1612911.html","/data/es1612911.html","223748-00-3","flavor and fragrance agents","es","a"
"asbestinin 5","https://www.thegoodscentscompany.com/data/rw1526031.html","/data/rw1526031.html","74145-70-3","natural substances and extractives","rw","a"
"ascaridol","https://www.thegoodscentscompany.com/data/rw1011381.html","/data/rw1011381.html","512-85-6","natural substances and extractives","rw","a"
"ascidian tunic extract","https://www.thegoodscentscompany.com/data/ex1708051.html","/data/ex1708051.html","","antioxidants","ex","a"
"ascladiol","https://www.thegoodscentscompany.com/data/rw1810581.html","/data/rw1810581.html","32013-85-7","natural substances and extractives","rw","a"
"asclepias curassavica extract","https://www.thegoodscentscompany.com/data/ex1387581.html","/data/ex1387581.html","90064-04-3","information only not used for fragrances or flavors","ex","a"
"asclepias incarnata extract","https://www.thegoodscentscompany.com/data/ex1387591.html","/data/ex1387591.html","90064-05-4","information only not used for fragrances or flavors","ex","a"
"asclepias syriaca extract","https://www.thegoodscentscompany.com/data/ex1387611.html","/data/ex1387611.html","84775-69-9","information only not used for fragrances or flavors","ex","a"
"asclepias tuberosa extract","https://www.thegoodscentscompany.com/data/ex1387601.html","/data/ex1387601.html","90064-06-5","information only not used for fragrances or flavors","ex","a"
"asclepias tuberosa root","https://www.thegoodscentscompany.com/data/rs1062611.html","/data/rs1062611.html","90064-06-5","information only not used for fragrances or flavors","rs","a"
"asclepias tuberosa root tincture","https://www.thegoodscentscompany.com/data/ex1677951.html","/data/ex1677951.html","90064-06-5","information only not used for fragrances or flavors","ex","a"
"ascochitine","https://www.thegoodscentscompany.com/data/rw1529511.html","/data/rw1529511.html","3615-05-2","toxic natural substances","rw","a"
"ascophyllum nodosum extract","https://www.thegoodscentscompany.com/data/ex1602231.html","/data/ex1602231.html","84775-78-0","cosmetic ingredient for skin conditioning","ex","a"
"ascophyllum nodosum powder","https://www.thegoodscentscompany.com/data/rs1656981.html","/data/rs1656981.html","84775-78-0","cosmetic ingredient for skin conditioning","rs","a"
"ascophyllum nodosum tincture","https://www.thegoodscentscompany.com/data/ex1673731.html","/data/ex1673731.html","84775-78-0","information only not used for fragrances or flavors","ex","a"
"ascorbalamic acid","https://www.thegoodscentscompany.com/data/rw1812431.html","/data/rw1812431.html","41679-87-2","natural substances and extractives","rw","a"
"ascorbic acid","https://www.thegoodscentscompany.com/data/rw1006281.html","/data/rw1006281.html","50-81-7","cosmetic and flavor agents","rw","a"
"iso ascorbic acid","https://www.thegoodscentscompany.com/data/rw1019901.html","/data/rw1019901.html","89-65-6","antioxidants and preservatives for fragrance and flavor","rw","a"
"ascorbic acid polypeptide","https://www.thegoodscentscompany.com/data/rs1708061.html","/data/rs1708061.html","","antioxidants, skin conditioning","rs","a"
"ascorbic acid/orange/citrus limon/citrus aurantifolia polypeptides","https://www.thegoodscentscompany.com/data/rs1708071.html","/data/rs1708071.html","","cosmetic ingredient for skin conditioning","rs","a"
"ascorbyl carboxydecyl trisiloxane","https://www.thegoodscentscompany.com/data/rw1708081.html","/data/rw1708081.html","","cosmetic ingredient for skin conditioning","rw","a"
"laevo- ascorbyl-2,6-dibutyrate","https://www.thegoodscentscompany.com/data/rw1546421.html","/data/rw1546421.html","4337-04-6","information only not used for fragrances or flavors","rw","a"
"ascorbyl palmitate","https://www.thegoodscentscompany.com/data/rw1253371.html","/data/rw1253371.html","137-66-6","antioxidants","rw","a"
"ascorbyl phosphate succinoyl pentapeptide-12","https://www.thegoodscentscompany.com/data/rs1708121.html","/data/rs1708121.html","","antioxidants","rs","a"
"ascorbyl retinoate","https://www.thegoodscentscompany.com/data/rw1708131.html","/data/rw1708131.html","119207-20-4","antioxidants","rw","a"
"L- ascorbyl stearate","https://www.thegoodscentscompany.com/data/rw1545761.html","/data/rw1545761.html","10605-09-1","indirect food additives: adhesives and components of coatings","rw","a"
"laevo- ascorbyl stearate","https://www.thegoodscentscompany.com/data/rw1158061.html","/data/rw1158061.html","25395-66-8","antioxidants","rw","a"
"ascorbyl tetraisopalmitate","https://www.thegoodscentscompany.com/data/rw1682401.html","/data/rw1682401.html","","antioxidants, skin conditioning","rw","a"
"ascorbyl tocopheryl acetate","https://www.thegoodscentscompany.com/data/rw1708141.html","/data/rw1708141.html","","cosmetic ingredient for skin conditioning","rw","a"
"ascorbyl tocopheryl maleate","https://www.thegoodscentscompany.com/data/rw1708151.html","/data/rw1708151.html","320616-16-8","antioxidant, emollients, skin conditioning","rw","a"
"prickly ash bark oil","https://www.thegoodscentscompany.com/data/es1610751.html","/data/es1610751.html","977018-24-8","flavoring agents","es","a"
"mountain ash berry fragrance","https://www.thegoodscentscompany.com/data/fr1084471.html","/data/fr1084471.html","","fragranced products of all types","fr","a"
"mountain ash blossom fragrance","https://www.thegoodscentscompany.com/data/fr1084481.html","/data/fr1084481.html","","fragranced products of all types","fr","a"
"mountain ash fragrance","https://www.thegoodscentscompany.com/data/fr1084461.html","/data/fr1084461.html","","fragranced products of all types","fr","a"
"asian infusion flavor","https://www.thegoodscentscompany.com/data/fl1648251.html","/data/fl1648251.html","","flavored products of all types","fl","a"
"asiatic acid","https://www.thegoodscentscompany.com/data/rw1667221.html","/data/rw1667221.html","464-92-6","stabilising agents","rw","a"
"asiaticoside","https://www.thegoodscentscompany.com/data/rw1364381.html","/data/rw1364381.html","16830-15-2","antioxidants","rw","a"
"asiaticoside B","https://www.thegoodscentscompany.com/data/rw1811981.html","/data/rw1811981.html","125265-68-1","natural substances and extractives","rw","a"
"asimilobin","https://www.thegoodscentscompany.com/data/rw1812521.html","/data/rw1812521.html","168075-15-8","natural substances and extractives","rw","a"
"asimilobine","https://www.thegoodscentscompany.com/data/rw1819261.html","/data/rw1819261.html","6871-21-2","natural substances and extractives","rw","a"
"asimin","https://www.thegoodscentscompany.com/data/rw1889461.html","/data/rw1889461.html","156162-01-5","natural substances and extractives","rw","a"
"asimina triloba fruit","https://www.thegoodscentscompany.com/data/rs1087641.html","/data/rs1087641.html","","information only not used for fragrances or flavors","rs","a"
"asimina triloba fruit extract","https://www.thegoodscentscompany.com/data/ex1387621.html","/data/ex1387621.html","89957-75-5","cosmetic ingredient for skin conditioning","ex","a"
"asiminacin","https://www.thegoodscentscompany.com/data/rw1889471.html","/data/rw1889471.html","156199-51-8","natural substances and extractives","rw","a"
"asiminecin","https://www.thegoodscentscompany.com/data/rw1889481.html","/data/rw1889481.html","156256-35-8","natural substances and extractives","rw","a"
"asiminenin A","https://www.thegoodscentscompany.com/data/rw1812511.html","/data/rw1812511.html","168075-11-4","natural substances and extractives","rw","a"
"aspalathus linearis extract","https://www.thegoodscentscompany.com/data/ex1614511.html","/data/ex1614511.html","","cosmetic agents, dietary supplements","ex","a"
"aspalathus linearis leaf CO2 extract","https://www.thegoodscentscompany.com/data/ex1695621.html","/data/ex1695621.html","","cosmetic, flavor and fragrance agents","ex","a"
"aspalathus linearis leaf extract","https://www.thegoodscentscompany.com/data/ex1116291.html","/data/ex1116291.html","","cosmetic, flavor and fragrance agents","ex","a"
"green aspalathus linearis leaf extract","https://www.thegoodscentscompany.com/data/ex1602701.html","/data/ex1602701.html","776295-36-4","cosmetic ingredient for skin conditioning","ex","a"
"aspalathus linearis leaf powder","https://www.thegoodscentscompany.com/data/rs1658961.html","/data/rs1658961.html","","flavoring agents, food additives","rs","a"
"aspalathus linearis leaf/stalk extract","https://www.thegoodscentscompany.com/data/ex1693451.html","/data/ex1693451.html","","cosmetic ingredient for skin conditioning","ex","a"
"aspalathus linearis water","https://www.thegoodscentscompany.com/data/ex1693461.html","/data/ex1693461.html","","humectants, skin conditioning","ex","a"
"asparaginase enzyme preparation produced by genetically modified bacillus subtilis","https://www.thegoodscentscompany.com/data/rw1678881.html","/data/rw1678881.html","","enzyme preparations and microorganisms","rw","a"
"asparaginase from aspergillus niger expressed in aspergillus niger","https://www.thegoodscentscompany.com/data/rw1606971.html","/data/rw1606971.html","9015-68-3","enzyme preparations and microorganisms","rw","a"
"asparaginase from aspergillus oryzae expressed in aspergillus oryzae","https://www.thegoodscentscompany.com/data/rw1606981.html","/data/rw1606981.html","9015-68-3","enzyme preparations and microorganisms","rw","a"
"dextro- asparagine","https://www.thegoodscentscompany.com/data/rw1346781.html","/data/rw1346781.html","2058-58-4","natural substances and extractives","rw","a"
"laevo- asparagine","https://www.thegoodscentscompany.com/data/rw1039271.html","/data/rw1039271.html","70-47-3","special dietary and nutritional additives","rw","a"
"dextro,laevo- asparagine monohydrate","https://www.thegoodscentscompany.com/data/rw1241661.html","/data/rw1241661.html","3130-87-8","flavoring agents","rw","a"
"laevo- asparagine monohydrate","https://www.thegoodscentscompany.com/data/rw1253401.html","/data/rw1253401.html","5794-13-8","flavoring agents","rw","a"
"asparagopsis armata extract","https://www.thegoodscentscompany.com/data/ex1687481.html","/data/ex1687481.html","174393-71-6","cosmetic ingredient for skin protecting","ex","a"
"hydrolyzed asparagopsis armata extract","https://www.thegoodscentscompany.com/data/ex1687491.html","/data/ex1687491.html","","cosmetic ingredient for skin protecting","ex","a"
"asparagoside A","https://www.thegoodscentscompany.com/data/rw1813281.html","/data/rw1813281.html","14835-43-9","natural substances and extractives","rw","a"
"asparagoside B","https://www.thegoodscentscompany.com/data/rw1808291.html","/data/rw1808291.html","60237-69-6","natural substances and extractives","rw","a"
"asparagoside C","https://www.thegoodscentscompany.com/data/rw1828221.html","/data/rw1828221.html","60267-23-4","natural substances and extractives","rw","a"
"asparagoside D","https://www.thegoodscentscompany.com/data/rw1828231.html","/data/rw1828231.html","60267-24-5","natural substances and extractives","rw","a"
"asparagoside E","https://www.thegoodscentscompany.com/data/rw1828241.html","/data/rw1828241.html","60267-25-6","natural substances and extractives","rw","a"
"asparagoside F","https://www.thegoodscentscompany.com/data/rw1808361.html","/data/rw1808361.html","60267-26-7","natural substances and extractives","rw","a"
"asparagoside G","https://www.thegoodscentscompany.com/data/rw1817191.html","/data/rw1817191.html","60267-27-8","natural substances and extractives","rw","a"
"asparagoside H","https://www.thegoodscentscompany.com/data/rw1813331.html","/data/rw1813331.html","60267-28-9","natural substances and extractives","rw","a"
"asparagus","https://www.thegoodscentscompany.com/data/rs1062721.html","/data/rs1062721.html","","food additive","rs","a"
"asparagus cochinchinensis extract","https://www.thegoodscentscompany.com/data/ex1708161.html","/data/ex1708161.html","","cosmetic ingredient for skin protecting","ex","a"
"asparagus cochinchinensis root extract","https://www.thegoodscentscompany.com/data/ex1693471.html","/data/ex1693471.html","","cosmetic ingredient for skin and hair conditioning","ex","a"
"asparagus flavor","https://www.thegoodscentscompany.com/data/fl1123331.html","/data/fl1123331.html","","flavored products of all types","fl","a"
"asparagus gonocladus extract","https://www.thegoodscentscompany.com/data/ex1387671.html","/data/ex1387671.html","93348-06-2","information only not used for fragrances or flavors","ex","a"
"asparagus officinalis extract","https://www.thegoodscentscompany.com/data/ex1039281.html","/data/ex1039281.html","84649-90-1","cosmetic and flavor agents","ex","a"
"asparagus officinalis root extract","https://www.thegoodscentscompany.com/data/ex1693481.html","/data/ex1693481.html","84649-90-1","cosmetic ingredient for skin conditioning","ex","a"
"asparagus officinalis stem extract","https://www.thegoodscentscompany.com/data/ex1693491.html","/data/ex1693491.html","84649-90-1","cosmetic ingredient for skin conditioning","ex","a"
"asparagus racemosus root","https://www.thegoodscentscompany.com/data/rs1670741.html","/data/rs1670741.html","","antimicrobial, skin conditioning","rs","a"
"asparagus racemosus root extract","https://www.thegoodscentscompany.com/data/ex1097091.html","/data/ex1097091.html","","antimicrobial, skin conditioning","ex","a"
"asparagus racemosus root powder","https://www.thegoodscentscompany.com/data/rs1693501.html","/data/rs1693501.html","","cosmetic ingredient for skin conditioning","rs","a"
"asparagus racemosus seed","https://www.thegoodscentscompany.com/data/rs1670511.html","/data/rs1670511.html","","information only not used for fragrances or flavors","rs","a"
"asparagus sprengeri extract","https://www.thegoodscentscompany.com/data/ex1387641.html","/data/ex1387641.html","84775-79-1","information only not used for fragrances or flavors","ex","a"
"asparagus sprengeri flower oil","https://www.thegoodscentscompany.com/data/es1387651.html","/data/es1387651.html","8022-38-6","fragrance agents","es","a"
"asparagusic acid","https://www.thegoodscentscompany.com/data/rw1387631.html","/data/rw1387631.html","2224-02-4","natural substances and extractives","rw","a"
"asparasaponin I","https://www.thegoodscentscompany.com/data/rw1842281.html","/data/rw1842281.html","60478-69-5","natural substances and extractives","rw","a"
"asparasaponin II","https://www.thegoodscentscompany.com/data/rw1840161.html","/data/rw1840161.html","60433-66-1","natural substances and extractives","rw","a"
"asparenyol","https://www.thegoodscentscompany.com/data/rw1891281.html","/data/rw1891281.html","166762-97-6","natural substances and extractives","rw","a"
"aspartame","https://www.thegoodscentscompany.com/data/rw1253431.html","/data/rw1253431.html","22839-47-0","sweeteners, flavor enhancers","rw","a"
"aspartame-acesulfame salt","https://www.thegoodscentscompany.com/data/rw1606991.html","/data/rw1606991.html","106372-55-8","sweeteners, flavor enhancers","rw","a"
"aspartate protease","https://www.thegoodscentscompany.com/data/rw1679511.html","/data/rw1679511.html","","processing aids","rw","a"
"dextro- aspartic acid","https://www.thegoodscentscompany.com/data/rw1233701.html","/data/rw1233701.html","1783-96-6","natural substances and extractives","rw","a"
"dextro,laevo- aspartic acid","https://www.thegoodscentscompany.com/data/rw1097831.html","/data/rw1097831.html","617-45-8","cosmetic agents","rw","a"
"laevo- aspartic acid","https://www.thegoodscentscompany.com/data/rw1037291.html","/data/rw1037291.html","56-84-8","special dietary and nutritional additives","rw","a"
"asperagenin","https://www.thegoodscentscompany.com/data/rw1841691.html","/data/rw1841691.html","17305-15-6","natural substances and extractives","rw","a"
"aspergillic acid","https://www.thegoodscentscompany.com/data/rw1464041.html","/data/rw1464041.html","490-02-8","natural substances and extractives","rw","a"
"aspergillomarasmine A","https://www.thegoodscentscompany.com/data/rw1809591.html","/data/rw1809591.html","3484-65-9","natural substances and extractives","rw","a"
"aspergillus niger for fermentation production of citric acid","https://www.thegoodscentscompany.com/data/rs1594361.html","/data/rs1594361.html","9001-23-4","solvent extraction process for citric acid","rs","a"
"hydrolyzed aspergillus/brassica napus seed ferment filtrate extract","https://www.thegoodscentscompany.com/data/ex1708221.html","/data/ex1708221.html","","cosmetic ingredient for skin conditioning","ex","a"
"aspergillus/buckwheat ferment extract","https://www.thegoodscentscompany.com/data/ex1708231.html","/data/ex1708231.html","","antioxidants","ex","a"
"aspergillus/camellia sinensis leaf extract ferment filtrate","https://www.thegoodscentscompany.com/data/ex1708241.html","/data/ex1708241.html","","antioxidant, humectants, skin conditioning","ex","a"
"aspergillus/camellia sinensis leaf ferment extract","https://www.thegoodscentscompany.com/data/ex1708251.html","/data/ex1708251.html","","antimicrobial, antioxidants agents","ex","a"
"aspergillus/camellia sinensis leaf ferment extract filtrate","https://www.thegoodscentscompany.com/data/ex1708261.html","/data/ex1708261.html","","cosmetic ingredient for skin conditioning","ex","a"
"aspergillus/camellia sinensis leaf ferment filtrate","https://www.thegoodscentscompany.com/data/ex1708271.html","/data/ex1708271.html","","antioxidant, humectants, skin conditioning","ex","a"
"aspergillus/castanea crenata pellicle ferment extract","https://www.thegoodscentscompany.com/data/ex1708281.html","/data/ex1708281.html","","cosmetic ingredient for skin and hair conditioning","ex","a"
"aspergillus/castanea crenata pellicle ferment extract filtrate","https://www.thegoodscentscompany.com/data/ex1708291.html","/data/ex1708291.html","","cosmetic ingredient for skin and hair conditioning","ex","a"
"aspergillus/defatted rice bran/alcohol/borneol ferment filtrate","https://www.thegoodscentscompany.com/data/ex1708301.html","/data/ex1708301.html","","cosmetic ingredient for skin conditioning","ex","a"
"aspergillus/defatted soybean seed ferment extract filtrate","https://www.thegoodscentscompany.com/data/ex1708311.html","/data/ex1708311.html","","humectants, skin conditioning","ex","a"
"aspergillus/garlic/rice bran/vinegar ferment","https://www.thegoodscentscompany.com/data/ex1708321.html","/data/ex1708321.html","","emollients","ex","a"
"hydrolyzed aspergillus/ginseng extract ferment","https://www.thegoodscentscompany.com/data/ex1708331.html","/data/ex1708331.html","","antioxidant, bleaching agents","ex","a"
"aspergillus/glucose/soybean/starch ferment filtrate","https://www.thegoodscentscompany.com/data/ex1708341.html","/data/ex1708341.html","","oral care agents","ex","a"
"aspergillus/hydrolyzed prunus mume seed ferment extract","https://www.thegoodscentscompany.com/data/ex1708351.html","/data/ex1708351.html","","emollients, skin conditioning","ex","a"
"aspergillus/lactobacillus/astragalus membranaceus root extract ferment filtrate","https://www.thegoodscentscompany.com/data/ex1708361.html","/data/ex1708361.html","","cosmetic ingredient for skin conditioning","ex","a"
"aspergillus/lactobacillus/camellia sinensis leaf ferment extract","https://www.thegoodscentscompany.com/data/ex1708371.html","/data/ex1708371.html","","cosmetic ingredient for skin conditioning","ex","a"
"aspergillus/lactobacillus/ginger root/rice ferment filtrate","https://www.thegoodscentscompany.com/data/ex1708381.html","/data/ex1708381.html","","cosmetic ingredient for skin conditioning","ex","a"
"aspergillus/lactobacillus/saccharomyces/barley/rice/soybean seed ferment filtrate","https://www.thegoodscentscompany.com/data/ex1708431.html","/data/ex1708431.html","","humectants, skin conditioning","ex","a"
"aspergillus/lactobacillus/saccharomyces/rice bran ferment extract ferment filtrate","https://www.thegoodscentscompany.com/data/ex1708451.html","/data/ex1708451.html","","antioxidants, skin conditioning, skin protecting","ex","a"
"aspergillus/rice ferment","https://www.thegoodscentscompany.com/data/ex1708461.html","/data/ex1708461.html","","humectants","ex","a"
"aspergillus/rice ferment extract","https://www.thegoodscentscompany.com/data/ex1708471.html","/data/ex1708471.html","","humectants, skin conditioning","ex","a"
"aspergillus/rice ferment filtrate","https://www.thegoodscentscompany.com/data/ex1708481.html","/data/ex1708481.html","","cosmetic ingredient for skin conditioning","ex","a"
"aspergillus/rice ferment lees extract filtrate","https://www.thegoodscentscompany.com/data/ex1911521.html","/data/ex1911521.html","","cosmetic ingredient for skin conditioning","ex","a"
"aspergillus/rice germ ferment extract filtrate","https://www.thegoodscentscompany.com/data/ex1708491.html","/data/ex1708491.html","","emollients","ex","a"
"aspergillus/saccharomyces rice ferment lees","https://www.thegoodscentscompany.com/data/ex1708501.html","/data/ex1708501.html","","emollients","ex","a"
"aspergillus/saccharomyces/apple fruit/melon fruit/banana fruit/grape/sucrose ferment filtrate","https://www.thegoodscentscompany.com/data/ex1708511.html","/data/ex1708511.html","","humectants","ex","a"
"aspergillus/saccharomyces/barley ferment extract filtrate","https://www.thegoodscentscompany.com/data/ex1708521.html","/data/ex1708521.html","","humectants","ex","a"
"aspergillus/saccharomyces/barley lees ferment filtrate","https://www.thegoodscentscompany.com/data/ex1708531.html","/data/ex1708531.html","","cosmetic ingredient for skin conditioning","ex","a"
"aspergillus/saccharomyces/barley seed ferment extract","https://www.thegoodscentscompany.com/data/ex1708541.html","/data/ex1708541.html","","cosmetic ingredient for skin conditioning","ex","a"
"aspergillus/saccharomyces/barley seed ferment filtrate extract","https://www.thegoodscentscompany.com/data/ex1708551.html","/data/ex1708551.html","","cosmetic ingredient for skin conditioning","ex","a"
"aspergillus/saccharomyces/chicory root ferment lees extract","https://www.thegoodscentscompany.com/data/ex1708561.html","/data/ex1708561.html","","cosmetic ingredient for skin conditioning","ex","a"
"aspergillus/saccharomyces/gastrodia elata root extract ferment filtrate","https://www.thegoodscentscompany.com/data/ex1708571.html","/data/ex1708571.html","","cosmetic ingredient for skin conditioning","ex","a"
"aspergillus/saccharomyces/glycyrrhiza uralensis root extract ferment filtrate","https://www.thegoodscentscompany.com/data/ex1708581.html","/data/ex1708581.html","","cosmetic ingredient for skin conditioning","ex","a"
"hydrolyzed aspergillus/saccharomyces/hordeum vulgare ferment extract filtrate","https://www.thegoodscentscompany.com/data/ex1708591.html","/data/ex1708591.html","","emollients","ex","a"
"aspergillus/saccharomyces/ipomoea batatas root ferment filtrate","https://www.thegoodscentscompany.com/data/ex1708601.html","/data/ex1708601.html","","emollients, humectants, skin conditioning","ex","a"
"aspergillus/saccharomyces/ipomoea batatas root ferment lees","https://www.thegoodscentscompany.com/data/ex1708611.html","/data/ex1708611.html","","emollients, skin conditioning","ex","a"
"aspergillus/saccharomyces/ipomoea batatas root ferment lees extract","https://www.thegoodscentscompany.com/data/ex1708621.html","/data/ex1708621.html","","humectants, skin conditioning","ex","a"
"aspergillus/saccharomyces/pumpkin seed ferment filtrate","https://www.thegoodscentscompany.com/data/ex1708631.html","/data/ex1708631.html","","cosmetic ingredient for skin conditioning","ex","a"
"aspergillus/saccharomyces/rice ferment extract filtrate","https://www.thegoodscentscompany.com/data/ex1708641.html","/data/ex1708641.html","","humectants","ex","a"
"aspergillus/saccharomyces/rice ferment filtrate","https://www.thegoodscentscompany.com/data/ex1708651.html","/data/ex1708651.html","","humectants, skin conditioning","ex","a"
"aspergillus/saccharomyces/rice lees ferment filtrate","https://www.thegoodscentscompany.com/data/ex1708661.html","/data/ex1708661.html","","humectants, skin conditioning","ex","a"
"aspergillus/saccharomyces/tetragenococcus/rice ferment filtrate","https://www.thegoodscentscompany.com/data/ex1708671.html","/data/ex1708671.html","","humectants, skin conditioning","ex","a"
"aspergillus/saccharum officinarum stem extract ferment filtrate","https://www.thegoodscentscompany.com/data/ex1708681.html","/data/ex1708681.html","","humectants","ex","a"
"aspergillus/soybean germ ferment","https://www.thegoodscentscompany.com/data/ex1708691.html","/data/ex1708691.html","","antioxidants","ex","a"
"aspergillus/soybean germ ferment extract","https://www.thegoodscentscompany.com/data/ex1708701.html","/data/ex1708701.html","","antioxidants","ex","a"
"aspergillus/soybean germ ferment filtrate","https://www.thegoodscentscompany.com/data/ex1708711.html","/data/ex1708711.html","","cosmetic ingredient for skin and hair conditioning","ex","a"
"aspergillus/soybean seed ferment filtrate","https://www.thegoodscentscompany.com/data/ex1708721.html","/data/ex1708721.html","","humectants, skin conditioning","ex","a"
"aspergillus/soybean shoot ferment extract","https://www.thegoodscentscompany.com/data/ex1708731.html","/data/ex1708731.html","","cosmetic ingredient for skin conditioning","ex","a"
"aspergillus/soybean/wheat germ/camellia sinensis leaf/job's tears seed/rice germ/sesame seed ferment","https://www.thegoodscentscompany.com/data/ex1708741.html","/data/ex1708741.html","","humectants","ex","a"
"aspergillus/walnut seed/peach seed/apricot seed/prunus mume seed ferment filtrate","https://www.thegoodscentscompany.com/data/ex1708781.html","/data/ex1708781.html","","humectants","ex","a"
"asperula odorata flower/leaf extract","https://www.thegoodscentscompany.com/data/ex1614571.html","/data/ex1614571.html","90028-83-4","cosmetic and fragrance agents","ex","a"
"asphalt","https://www.thegoodscentscompany.com/data/rw1311601.html","/data/rw1311601.html","8052-42-4","indirect food additives: paper and paperboard components","rw","a"
"asphodelus ramosus extract","https://www.thegoodscentscompany.com/data/ex1387681.html","/data/ex1387681.html","89957-76-6","information only not used for fragrances or flavors","ex","a"
"aspidosperma quebracho-blanco scchlecht extract","https://www.thegoodscentscompany.com/data/ex1034281.html","/data/ex1034281.html","89957-46-0","flavoring agents and adjuvants","ex","a"
"aspidospermatidine","https://www.thegoodscentscompany.com/data/rw1819271.html","/data/rw1819271.html","3890-05-9","natural substances and extractives","rw","a"
"(+)- aspidospermidine","https://www.thegoodscentscompany.com/data/rw1819281.html","/data/rw1819281.html","2912-09-6","natural substances and extractives","rw","a"
"(-)- aspidospermine","https://www.thegoodscentscompany.com/data/rw1819291.html","/data/rw1819291.html","466-49-9","natural substances and extractives","rw","a"
"assafoetidin","https://www.thegoodscentscompany.com/data/rw1836591.html","/data/rw1836591.html","115361-83-6","natural substances and extractives","rw","a"
"assamicain A","https://www.thegoodscentscompany.com/data/rw1879721.html","/data/rw1879721.html","121795-66-2","natural substances and extractives","rw","a"
"assamicain B","https://www.thegoodscentscompany.com/data/rw1879731.html","/data/rw1879731.html","121844-27-7","natural substances and extractives","rw","a"
"assamicain C","https://www.thegoodscentscompany.com/data/rw1878891.html","/data/rw1878891.html","121795-67-3","natural substances and extractives","rw","a"
"assamsaponin A","https://www.thegoodscentscompany.com/data/rw1849781.html","/data/rw1849781.html","259747-95-0","natural substances and extractives","rw","a"
"assamsaponin B","https://www.thegoodscentscompany.com/data/rw1849751.html","/data/rw1849751.html","259748-07-7","natural substances and extractives","rw","a"
"assamsaponin C","https://www.thegoodscentscompany.com/data/rw1849761.html","/data/rw1849761.html","259748-14-6","natural substances and extractives","rw","a"
"assamsaponin D","https://www.thegoodscentscompany.com/data/rw1849771.html","/data/rw1849771.html","259748-69-1","natural substances and extractives","rw","a"
"assamsaponin E","https://www.thegoodscentscompany.com/data/rw1854551.html","/data/rw1854551.html","259748-74-8","natural substances and extractives","rw","a"
"assamsaponin F","https://www.thegoodscentscompany.com/data/rw1855461.html","/data/rw1855461.html","316157-15-0","natural substances and extractives","rw","a"
"assamsaponin G","https://www.thegoodscentscompany.com/data/rw1855471.html","/data/rw1855471.html","316157-16-1","natural substances and extractives","rw","a"
"assamsaponin H","https://www.thegoodscentscompany.com/data/rw1855481.html","/data/rw1855481.html","316157-17-2","natural substances and extractives","rw","a"
"assamsaponin I","https://www.thegoodscentscompany.com/data/rw1855491.html","/data/rw1855491.html","316157-18-3","natural substances and extractives","rw","a"
"assamsaponin J","https://www.thegoodscentscompany.com/data/rw1855531.html","/data/rw1855531.html","316157-19-4","natural substances and extractives","rw","a"
"astacin","https://www.thegoodscentscompany.com/data/rw1416411.html","/data/rw1416411.html","514-76-1","natural substances and extractives","rw","a"
"astaxanthin","https://www.thegoodscentscompany.com/data/rw1416251.html","/data/rw1416251.html","472-61-7","coloring agents","rw","a"
"asteltoxin","https://www.thegoodscentscompany.com/data/rw1442621.html","/data/rw1442621.html","79663-49-3","natural substances and extractives","rw","a"
"aster ageratoides extract","https://www.thegoodscentscompany.com/data/ex1693511.html","/data/ex1693511.html","","cosmetic ingredient for skin conditioning","ex","a"
"aster amellus extract","https://www.thegoodscentscompany.com/data/ex1387751.html","/data/ex1387751.html","89957-77-7","information only not used for fragrances or flavors","ex","a"
"aster glehnii extract","https://www.thegoodscentscompany.com/data/ex1708791.html","/data/ex1708791.html","","humectants","ex","a"
"aster scaber extract","https://www.thegoodscentscompany.com/data/ex1693521.html","/data/ex1693521.html","","cosmetic ingredient for skin conditioning","ex","a"
"aster spathulifolius extract","https://www.thegoodscentscompany.com/data/ex1693531.html","/data/ex1693531.html","","cosmetic ingredient for skin conditioning","ex","a"
"aster tataricus root/rhizome extract","https://www.thegoodscentscompany.com/data/ex1693541.html","/data/ex1693541.html","","cosmetic ingredient for skin conditioning","ex","a"
"aster tataricus seed","https://www.thegoodscentscompany.com/data/rs1678551.html","/data/rs1678551.html","","information only not used for fragrances or flavors","rs","a"
"aster tripolium extract","https://www.thegoodscentscompany.com/data/ex1387761.html","/data/ex1387761.html","89957-78-8","cosmetic ingredient for hair conditioning","ex","a"
"asterias rubens extract","https://www.thegoodscentscompany.com/data/ex1387741.html","/data/ex1387741.html","91745-73-2","information only not used for fragrances or flavors","ex","a"
"asterin (terpine)","https://www.thegoodscentscompany.com/data/rw1387701.html","/data/rw1387701.html","128808-27-5","natural substances and extractives","rw","a"
"asterinic acid","https://www.thegoodscentscompany.com/data/rw1387771.html","/data/rw1387771.html","19866-02-5","natural substances and extractives","rw","a"
"asterisca-3(15),6-diene","https://www.thegoodscentscompany.com/data/rw1561451.html","/data/rw1561451.html","","natural substances and extractives","rw","a"
"asteriscunolide A","https://www.thegoodscentscompany.com/data/rw1066201.html","/data/rw1066201.html","83488-75-9","natural substances and extractives","rw","a"
"asterlingulatoside D","https://www.thegoodscentscompany.com/data/rw1825851.html","/data/rw1825851.html","168324-02-5","natural substances and extractives","rw","a"
"asterogenol","https://www.thegoodscentscompany.com/data/rw1387731.html","/data/rw1387731.html","75921-90-3","natural substances and extractives","rw","a"
"astilbe chinensis root extract","https://www.thegoodscentscompany.com/data/ex1708801.html","/data/ex1708801.html","","antioxidants, skin protecting","ex","a"
"astilbin","https://www.thegoodscentscompany.com/data/rw1838821.html","/data/rw1838821.html","29838-67-3","natural substances and extractives","rw","a"
"astragalin","https://www.thegoodscentscompany.com/data/rw1700041.html","/data/rw1700041.html","480-10-4","natural substances and extractives","rw","a"
"astragaloside A","https://www.thegoodscentscompany.com/data/rw1665451.html","/data/rw1665451.html","83207-58-3","natural substances and extractives","rw","a"
"astragalus adscendens extract","https://www.thegoodscentscompany.com/data/ex1387831.html","/data/ex1387831.html","94166-92-4","information only not used for fragrances or flavors","ex","a"
"astragalus exscapus extract","https://www.thegoodscentscompany.com/data/ex1387801.html","/data/ex1387801.html","93348-07-3","information only not used for fragrances or flavors","ex","a"
"astragalus glycyphyllos extract","https://www.thegoodscentscompany.com/data/ex1387821.html","/data/ex1387821.html","89957-79-9","information only not used for fragrances or flavors","ex","a"
"astragalus gummifer extract","https://www.thegoodscentscompany.com/data/ex1387781.html","/data/ex1387781.html","85085-21-8","information only not used for fragrances or flavors","ex","a"
"astragalus gummifer root extract","https://www.thegoodscentscompany.com/data/ex1669161.html","/data/ex1669161.html","85085-21-8","emulsion stabilising, viscosity controlling agents","ex","a"
"astragalus indica extract","https://www.thegoodscentscompany.com/data/ex1387791.html","/data/ex1387791.html","92456-68-3","information only not used for fragrances or flavors","ex","a"
"astragalus koraiensis root extract","https://www.thegoodscentscompany.com/data/ex1693551.html","/data/ex1693551.html","","cosmetic agents","ex","a"
"astragalus membranaceus callus extract","https://www.thegoodscentscompany.com/data/ex1708811.html","/data/ex1708811.html","","cosmetic ingredient for skin conditioning","ex","a"
"astragalus membranaceus leaf extract","https://www.thegoodscentscompany.com/data/ex1669171.html","/data/ex1669171.html","94166-93-5","antioxidant, emollients, skin conditioning","ex","a"
"astragalus membranaceus root extract","https://www.thegoodscentscompany.com/data/ex1387841.html","/data/ex1387841.html","94166-93-5","emollients, skin conditioning","ex","a"
"astragalus membranaceus root powder","https://www.thegoodscentscompany.com/data/rs1601151.html","/data/rs1601151.html","94166-93-5","abrasives, masknig agents","rs","a"
"astragalus sinicus extract","https://www.thegoodscentscompany.com/data/ex1693561.html","/data/ex1693561.html","223749-21-1","cosmetic ingredient for skin conditioning","ex","a"
"astragalus sinicus seed extract","https://www.thegoodscentscompany.com/data/ex1693571.html","/data/ex1693571.html","223749-21-1","cosmetic ingredient for skin conditioning","ex","a"
"astragalus verus extract","https://www.thegoodscentscompany.com/data/ex1387811.html","/data/ex1387811.html","100209-22-1","information only not used for fragrances or flavors","ex","a"
"astringency blockers","https://www.thegoodscentscompany.com/data/fl1644901.html","/data/fl1644901.html","","flavor enhancers, astringent taste blockers","fl","a"
"astrocaryum murumuru flower extract","https://www.thegoodscentscompany.com/data/ex1693581.html","/data/ex1693581.html","356065-49-1","cosmetic ingredient for skin conditioning","ex","a"
"astrocaryum murumuru fruit extract","https://www.thegoodscentscompany.com/data/ex1913601.html","/data/ex1913601.html","","cosmetic ingredient for skin conditioning","ex","a"
"astrocaryum murumuru seed butter","https://www.thegoodscentscompany.com/data/vg1655661.html","/data/vg1655661.html","356065-49-1","emollients, skin conditioning","vg","a"
"astrocaryum murumuru seed powder","https://www.thegoodscentscompany.com/data/rs1708821.html","/data/rs1708821.html","356065-49-1","abrasives","rs","a"
"astrocaryum tucuma seed butter","https://www.thegoodscentscompany.com/data/vg1668391.html","/data/vg1668391.html","","emollients","vg","a"
"astrocaryum tucuma seed oil","https://www.thegoodscentscompany.com/data/vg1708831.html","/data/vg1708831.html","","cosmetic ingredient for skin protecting","vg","a"
"astrocaryum vulgare fruit oil","https://www.thegoodscentscompany.com/data/vg1693591.html","/data/vg1693591.html","98143-57-8","cosmetic ingredient for skin conditioning","vg","a"
"astrocaryum vulgare kernel oil","https://www.thegoodscentscompany.com/data/vg1693601.html","/data/vg1693601.html","98143-57-8","cosmetic ingredient for skin conditioning","vg","a"
"astrocaryum vulgare oil peg-8 esters","https://www.thegoodscentscompany.com/data/rw1708841.html","/data/rw1708841.html","","emollients","rw","a"
"astrocaryum vulgare oil polyglyceryl-6 esters","https://www.thegoodscentscompany.com/data/rw1708851.html","/data/rw1708851.html","","emollients, emulsifiers","rw","a"
"asulam","https://www.thegoodscentscompany.com/data/rw1666741.html","/data/rw1666741.html","3337-71-1","herbicides / pesticides","rw","a"
"atalantoflavone","https://www.thegoodscentscompany.com/data/rw1820061.html","/data/rw1820061.html","119309-02-3","natural substances and extractives","rw","a"
"atemoyacin B","https://www.thegoodscentscompany.com/data/rw1892291.html","/data/rw1892291.html","164991-85-9","natural substances and extractives","rw","a"
"nor athyriol","https://www.thegoodscentscompany.com/data/rw1911321.html","/data/rw1911321.html","3542-72-1","information only not used for fragrances or flavors","rw","a"
"(-)- atisirene","https://www.thegoodscentscompany.com/data/rw1124771.html","/data/rw1124771.html","20230-48-2","natural substances and extractives","rw","a"
"beta- atlantol","https://www.thegoodscentscompany.com/data/rw1565081.html","/data/rw1565081.html","","natural substances and extractives","rw","a"
"(E)-alpha- atlantone","https://www.thegoodscentscompany.com/data/rw1563751.html","/data/rw1563751.html","108645-54-1","natural substances and extractives","rw","a"
"(E)-gamma- atlantone","https://www.thegoodscentscompany.com/data/rw1054131.html","/data/rw1054131.html","108549-47-9","natural substances and extractives","rw","a"
"(Z)-alpha- atlantone","https://www.thegoodscentscompany.com/data/rw1563771.html","/data/rw1563771.html","56192-70-2","natural substances and extractives","rw","a"
"(Z)-gamma- atlantone","https://www.thegoodscentscompany.com/data/rw1054121.html","/data/rw1054121.html","108549-48-0","natural substances and extractives","rw","a"
"alpha- atlantone","https://www.thegoodscentscompany.com/data/rw1619951.html","/data/rw1619951.html","26294-59-7","natural substances and extractives","rw","a"
"atractylis absolute","https://www.thegoodscentscompany.com/data/ab1068701.html","/data/ab1068701.html","72275-92-4","fragrance agents","ab","a"
"atractylis lyrata root extract","https://www.thegoodscentscompany.com/data/ex1693611.html","/data/ex1693611.html","","cosmetic ingredient for skin conditioning","ex","a"
"atractylis macrocephala rhizome extract","https://www.thegoodscentscompany.com/data/ex1693631.html","/data/ex1693631.html","","cosmetic ingredient for skin conditioning","ex","a"
"atractylis macrocephala root extract","https://www.thegoodscentscompany.com/data/ex1693641.html","/data/ex1693641.html","","cosmetic ingredient for skin conditioning","ex","a"
"atractylis macrocephala root powder","https://www.thegoodscentscompany.com/data/rs1693651.html","/data/rs1693651.html","","humectants, skin conditioning","rs","a"
"atractylis ovata extract","https://www.thegoodscentscompany.com/data/ex1387901.html","/data/ex1387901.html","92201-45-1","information only not used for fragrances or flavors","ex","a"
"atractylis root oil","https://www.thegoodscentscompany.com/data/es1068261.html","/data/es1068261.html","72275-92-4","fragrance agents","es","a"
"atractylodes lancea root","https://www.thegoodscentscompany.com/data/rs1676181.html","/data/rs1676181.html","72275-92-4","information only not used for fragrances or flavors","rs","a"
"atractylodes lancea root tincture","https://www.thegoodscentscompany.com/data/ex1068711.html","/data/ex1068711.html","","information only not used for fragrances or flavors","ex","a"
"atractylodes macrocephala rhizome","https://www.thegoodscentscompany.com/data/rs1075141.html","/data/rs1075141.html","","information only not used for fragrances or flavors","rs","a"
"atractylodes macrocephala root stalk powder","https://www.thegoodscentscompany.com/data/rs1601161.html","/data/rs1601161.html","","abrasives, masknig agents","rs","a"
"atractylodes macrocephala tincture","https://www.thegoodscentscompany.com/data/ex1676171.html","/data/ex1676171.html","","information only not used for fragrances or flavors","ex","a"
"atractylodin","https://www.thegoodscentscompany.com/data/rw1539051.html","/data/rw1539051.html","55290-63-6","natural substances and extractives","rw","a"
"atractyloides chinensis rhizome extract","https://www.thegoodscentscompany.com/data/ex1708861.html","/data/ex1708861.html","","astringents","ex","a"
"atractyloides japonica extract","https://www.thegoodscentscompany.com/data/ex1708871.html","/data/ex1708871.html","","cosmetic ingredient for skin conditioning","ex","a"
"atractyloides japonica rhizome extract","https://www.thegoodscentscompany.com/data/ex1693621.html","/data/ex1693621.html","","cosmetic agents","ex","a"
"atractyloides japonica root extract","https://www.thegoodscentscompany.com/data/ex1708881.html","/data/ex1708881.html","","cosmetic ingredient for skin conditioning","ex","a"
"atractyloides japonica root oil","https://www.thegoodscentscompany.com/data/es1708891.html","/data/es1708891.html","","bleaching agents","es","a"
"atractyloides lancea root extract","https://www.thegoodscentscompany.com/data/ex1708901.html","/data/ex1708901.html","","cosmetic ingredient for skin conditioning","ex","a"
"atractylol","https://www.thegoodscentscompany.com/data/rw1011421.html","/data/rw1011421.html","","natural substances and extractives","rw","a"
"atractylon","https://www.thegoodscentscompany.com/data/rw1523911.html","/data/rw1523911.html","6989-21-5","natural substances and extractives","rw","a"
"atranol","https://www.thegoodscentscompany.com/data/rw1415281.html","/data/rw1415281.html","526-37-4","natural substances and extractives","rw","a"
"atranorin","https://www.thegoodscentscompany.com/data/rw1502751.html","/data/rw1502751.html","479-20-9","natural substances and extractives","rw","a"
"atrazine","https://www.thegoodscentscompany.com/data/rw1310621.html","/data/rw1310621.html","1912-24-9","herbicides / pesticides","rw","a"
"atriplex hortensis extract","https://www.thegoodscentscompany.com/data/ex1387911.html","/data/ex1387911.html","89957-80-2","information only not used for fragrances or flavors","ex","a"
"atriplex nummularia extract","https://www.thegoodscentscompany.com/data/ex1693661.html","/data/ex1693661.html","223748-04-7","cosmetic ingredient for skin conditioning","ex","a"
"atropa belladonna root extract","https://www.thegoodscentscompany.com/data/ex1109721.html","/data/ex1109721.html","8007-93-0","information only not used for fragrances or flavors","ex","a"
"atropine sulfate monohydrate","https://www.thegoodscentscompany.com/data/rw1220761.html","/data/rw1220761.html","5908-99-6","pharmaceuticals / chemical synthisis","rw","a"
"attalea dubia fruit","https://www.thegoodscentscompany.com/data/rs1087651.html","/data/rs1087651.html","","information only not used for fragrances or flavors","rs","a"
"attalea maripa seed butter","https://www.thegoodscentscompany.com/data/vg1693671.html","/data/vg1693671.html","","cosmetic ingredient for skin conditioning","vg","a"
"attapulgite","https://www.thegoodscentscompany.com/data/rw1354081.html","/data/rw1354081.html","12174-11-7","bulking, opacifying agents","rw","a"
"auberganol","https://www.thegoodscentscompany.com/data/rw1879681.html","/data/rw1879681.html","102490-02-8","natural substances and extractives","rw","a"
"aucoumea klaineana resin extract","https://www.thegoodscentscompany.com/data/ex1693681.html","/data/ex1693681.html","","cosmetic ingredient for skin conditioning","ex","a"
"aucubin","https://www.thegoodscentscompany.com/data/rw1509131.html","/data/rw1509131.html","479-98-1","natural substances and extractives","rw","a"
"auranetin","https://www.thegoodscentscompany.com/data/rw1841631.html","/data/rw1841631.html","522-16-7","natural substances and extractives","rw","a"
"aurantricholide B","https://www.thegoodscentscompany.com/data/rw1848511.html","/data/rw1848511.html","264923-56-0","natural substances and extractives","rw","a"
"auraptene","https://www.thegoodscentscompany.com/data/rw1011441.html","/data/rw1011441.html","495-02-3","natural substances and extractives","rw","a"
"auraptenol","https://www.thegoodscentscompany.com/data/rw1637261.html","/data/rw1637261.html","1221-43-8","natural substances and extractives","rw","a"
"aureobasidium pullulans ferment extract","https://www.thegoodscentscompany.com/data/ex1661991.html","/data/ex1661991.html","","film forming agents","ex","a"
"aureobasidium pullulans ferment filtrate","https://www.thegoodscentscompany.com/data/rs1913441.html","/data/rs1913441.html","","humectants, skin conditioning, skin protecting","rs","a"
"aureobasidium pullulans/dimocarpus longan fruit extract ferment filtrate","https://www.thegoodscentscompany.com/data/ex1911531.html","/data/ex1911531.html","","cosmetic ingredient for skin conditioning","ex","a"
"aureobasidium pullulans/rice bran ferment","https://www.thegoodscentscompany.com/data/ex1708921.html","/data/ex1708921.html","","humectants, skin conditioning, skin protecting","ex","a"
"aureobasidium pullulans/sucrose ferment filtrate extract","https://www.thegoodscentscompany.com/data/ex1708931.html","/data/ex1708931.html","","humectants","ex","a"
"aureol","https://www.thegoodscentscompany.com/data/rw1864221.html","/data/rw1864221.html","88478-03-9","natural substances and extractives","rw","a"
"auricularia auricula-judae fruiting body extract","https://www.thegoodscentscompany.com/data/ex1911541.html","/data/ex1911541.html","","cosmetic agents","ex","a"
"auricularia polytricha fruiting body extract","https://www.thegoodscentscompany.com/data/ex1693691.html","/data/ex1693691.html","","humectants, skin conditioning","ex","a"
"aurochrome","https://www.thegoodscentscompany.com/data/rw1857771.html","/data/rw1857771.html","6821-09-6","natural substances and extractives","rw","a"
"auroglaucin","https://www.thegoodscentscompany.com/data/rw1415291.html","/data/rw1415291.html","41451-81-4","natural substances and extractives","rw","a"
"auroxanthin","https://www.thegoodscentscompany.com/data/rw1857761.html","/data/rw1857761.html","27785-15-5","natural substances and extractives","rw","a"
"aussie biscuit flavor","https://www.thegoodscentscompany.com/data/fl1055721.html","/data/fl1055721.html","","flavored products of all types","fl","a"
"austrocedrus chilensis oil","https://www.thegoodscentscompany.com/data/es1079291.html","/data/es1079291.html","","fragrance agents","es","a"
"austroinulin","https://www.thegoodscentscompany.com/data/rw1857281.html","/data/rw1857281.html","62868-75-1","natural substances and extractives","rw","a"
"austromyrtus dulcis fruit","https://www.thegoodscentscompany.com/data/rs1087661.html","/data/rs1087661.html","","information only not used for fragrances or flavors","rs","a"
"austromyrtus exaltata fruit","https://www.thegoodscentscompany.com/data/rs1087671.html","/data/rs1087671.html","","information only not used for fragrances or flavors","rs","a"
"autumn carboxylate","https://www.thegoodscentscompany.com/data/rw1017951.html","/data/rw1017951.html","59151-19-8","fragrance agents","rw","a"
"autumn fragrance","https://www.thegoodscentscompany.com/data/fr1585721.html","/data/fr1585721.html","","fragranced products of all types","fr","a"
"autumn specialty","https://www.thegoodscentscompany.com/data/pb1001031.html","/data/pb1001031.html","","fragrance agents","pb","a"
"avena fatua fruit extract","https://www.thegoodscentscompany.com/data/ex1083941.html","/data/ex1083941.html","","flavor and fragrance agents","ex","a"
"avena sativa (oat) meristem cell extract","https://www.thegoodscentscompany.com/data/ex1708941.html","/data/ex1708941.html","","humectants, skin conditioning","ex","a"
"avena sativa bran extract","https://www.thegoodscentscompany.com/data/ex1092081.html","/data/ex1092081.html","84012-26-0","abrasives","ex","a"
"avena sativa flower/leaf/stem juice","https://www.thegoodscentscompany.com/data/ex1693701.html","/data/ex1693701.html","84012-26-0","cosmetic ingredient for skin conditioning","ex","a"
"avena sativa grain tincture","https://www.thegoodscentscompany.com/data/ex1673901.html","/data/ex1673901.html","84012-26-0","information only not used for fragrances or flavors","ex","a"
"avena sativa kernel extract","https://www.thegoodscentscompany.com/data/ex1601181.html","/data/ex1601181.html","84012-26-0","antioxidant, emollient agents","ex","a"
"avena sativa leaf extract","https://www.thegoodscentscompany.com/data/ex1048071.html","/data/ex1048071.html","84012-26-0","astringents","ex","a"
"avena sativa leaf/stalk extract","https://www.thegoodscentscompany.com/data/ex1693711.html","/data/ex1693711.html","84012-26-0","cosmetic ingredient for skin conditioning","ex","a"
"avena sativa leaf/stem extract","https://www.thegoodscentscompany.com/data/ex1708961.html","/data/ex1708961.html","84012-26-0","cosmetic ingredient for skin conditioning","ex","a"
"avena sativa meal extract","https://www.thegoodscentscompany.com/data/ex1602981.html","/data/ex1602981.html","84012-26-0","soothing agents","ex","a"
"avena sativa meristem cell extract","https://www.thegoodscentscompany.com/data/ex1912031.html","/data/ex1912031.html","84012-26-0","cosmetic agents","ex","a"
"avena sativa peptide","https://www.thegoodscentscompany.com/data/rs1646651.html","/data/rs1646651.html","84012-26-0","film forming, hair conditioning, skin conditioning","rs","a"
"avena sativa protein extract","https://www.thegoodscentscompany.com/data/ex1041711.html","/data/ex1041711.html","84012-26-0","cosmetic ingredient for skin conditioning","ex","a"
"avena sativa seed","https://www.thegoodscentscompany.com/data/rs1677711.html","/data/rs1677711.html","84012-26-0","food additive","rs","a"
"avena sativa seed water","https://www.thegoodscentscompany.com/data/ex1708971.html","/data/ex1708971.html","84012-26-0","solvents","ex","a"
"avena sativa sprout oil","https://www.thegoodscentscompany.com/data/vg1708951.html","/data/vg1708951.html","","cosmetic ingredient for skin conditioning","vg","a"
"avena sativa straw","https://www.thegoodscentscompany.com/data/rs1672351.html","/data/rs1672351.html","84012-26-0","information only not used for fragrances or flavors","rs","a"
"avena sativa straw extract","https://www.thegoodscentscompany.com/data/ex1091671.html","/data/ex1091671.html","84012-26-0","cosmetic ingredient for skin conditioning","ex","a"
"avena sativa straw tincture","https://www.thegoodscentscompany.com/data/ex1673911.html","/data/ex1673911.html","84012-26-0","information only not used for fragrances or flavors","ex","a"
"avena strigosa seed extract","https://www.thegoodscentscompany.com/data/ex1693721.html","/data/ex1693721.html","","cosmetic ingredient for skin conditioning","ex","a"
"avenacin A1","https://www.thegoodscentscompany.com/data/rw1843941.html","/data/rw1843941.html","90547-90-3","natural substances and extractives","rw","a"
"avenacin B2","https://www.thegoodscentscompany.com/data/rw1843951.html","/data/rw1843951.html","90547-93-6","natural substances and extractives","rw","a"
"avenacoside A","https://www.thegoodscentscompany.com/data/rw1838581.html","/data/rw1838581.html","24915-65-9","natural substances and extractives","rw","a"
"avenacoside B","https://www.thegoodscentscompany.com/data/rw1838481.html","/data/rw1838481.html","35920-91-3","natural substances and extractives","rw","a"
"avenalumic acid","https://www.thegoodscentscompany.com/data/rw1885891.html","/data/rw1885891.html","135754-92-6","natural substances and extractives","rw","a"
"avenanthramide 1p","https://www.thegoodscentscompany.com/data/rw1808141.html","/data/rw1808141.html","115610-36-1","natural substances and extractives","rw","a"
"avenanthramide A","https://www.thegoodscentscompany.com/data/rw1646571.html","/data/rw1646571.html","108605-70-5","natural substances and extractives","rw","a"
"delta-5- avenasterol","https://www.thegoodscentscompany.com/data/rw1588741.html","/data/rw1588741.html","18472-36-1","natural substances and extractives","rw","a"
"aventurine cosmetic color","https://www.thegoodscentscompany.com/data/rw1647821.html","/data/rw1647821.html","","coloring agents (for surface only)","rw","a"
"averrhoa acida fruit","https://www.thegoodscentscompany.com/data/rs1087681.html","/data/rs1087681.html","","information only not used for fragrances or flavors","rs","a"
"averrhoa bilimbi fruit","https://www.thegoodscentscompany.com/data/rs1087691.html","/data/rs1087691.html","","information only not used for fragrances or flavors","rs","a"
"averrhoa bilimbi leaf extract","https://www.thegoodscentscompany.com/data/ex1693731.html","/data/ex1693731.html","","cosmetic ingredient for skin conditioning","ex","a"
"averrhoa carambola fruit","https://www.thegoodscentscompany.com/data/rs1087701.html","/data/rs1087701.html","","information only not used for fragrances or flavors","rs","a"
"averrhoa carambola fruit extract","https://www.thegoodscentscompany.com/data/ex1603181.html","/data/ex1603181.html","97675-54-2","cosmetic agents, dietary supplements","ex","a"
"averrhoa carambola fruit juice","https://www.thegoodscentscompany.com/data/fl1693741.html","/data/fl1693741.html","97675-54-2","cosmetic ingredient for skin conditioning","fl","a"
"averrhoa carambola leaf extract","https://www.thegoodscentscompany.com/data/ex1689431.html","/data/ex1689431.html","97675-54-2","humectants, skin conditioning","ex","a"
"averufin","https://www.thegoodscentscompany.com/data/rw1000061.html","/data/rw1000061.html","14016-29-6","information only not used for fragrances or flavors","rw","a"
"avicularin","https://www.thegoodscentscompany.com/data/rw1823221.html","/data/rw1823221.html","572-30-5","natural substances and extractives","rw","a"
"avocadene","https://www.thegoodscentscompany.com/data/rw1824371.html","/data/rw1824371.html","83797-45-9","natural substances and extractives","rw","a"
"avocadene acetate","https://www.thegoodscentscompany.com/data/rw1588261.html","/data/rw1588261.html","24607-09-8","natural substances and extractives","rw","a"
"avocadenofuran","https://www.thegoodscentscompany.com/data/rw1823761.html","/data/rw1823761.html","25346-24-1","natural substances and extractives","rw","a"
"avocadienofuran","https://www.thegoodscentscompany.com/data/rw1823741.html","/data/rw1823741.html","34227-08-2","natural substances and extractives","rw","a"
"iso avocadienofuran","https://www.thegoodscentscompany.com/data/rw1823751.html","/data/rw1823751.html","34227-09-3","natural substances and extractives","rw","a"
"avocado","https://www.thegoodscentscompany.com/data/rs1659021.html","/data/rs1659021.html","","food additive","rs","a"
"avocado flavor","https://www.thegoodscentscompany.com/data/fl1598341.html","/data/fl1598341.html","","flavored products of all types","fl","a"
"avocado fragrance","https://www.thegoodscentscompany.com/data/fr1541961.html","/data/fr1541961.html","","fragranced products of all types","fr","a"
"hydrogenated avocado oil","https://www.thegoodscentscompany.com/data/vg1666451.html","/data/vg1666451.html","","cosmetic ingredient for skin conditioning","vg","a"
"avocado oil glycereth-8 esters","https://www.thegoodscentscompany.com/data/rw1709001.html","/data/rw1709001.html","","cleansing, surfactants","rw","a"
"avocado oil peg-11 esters","https://www.thegoodscentscompany.com/data/rw1686061.html","/data/rw1686061.html","103819-44-9","cosmetic agents","rw","a"
"avocado oil peg-8 esters","https://www.thegoodscentscompany.com/data/rw1709011.html","/data/rw1709011.html","","emollients, emulsifiers, skin conditioning, surfactants","rw","a"
"avocado oil propylene glycol esters","https://www.thegoodscentscompany.com/data/rw1709021.html","/data/rw1709021.html","","emollients, emulsifiers, skin conditioning, surfactants","rw","a"
"hydrolyzed avocado protein","https://www.thegoodscentscompany.com/data/rs1709031.html","/data/rs1709031.html","","cosmetic ingredient for skin conditioning","rs","a"
"avocadyne","https://www.thegoodscentscompany.com/data/rw1850021.html","/data/rw1850021.html","129099-96-3","natural substances and extractives","rw","a"
"avocadyne 2-acetate","https://www.thegoodscentscompany.com/data/rw1824401.html","/data/rw1824401.html","37139-04-1","natural substances and extractives","rw","a"
"avocadyne 4-acetate","https://www.thegoodscentscompany.com/data/rw1824411.html","/data/rw1824411.html","28884-46-0","natural substances and extractives","rw","a"
"avocadyne acetate","https://www.thegoodscentscompany.com/data/rw1588251.html","/data/rw1588251.html","24607-06-5","natural substances and extractives","rw","a"
"avocadynofuran","https://www.thegoodscentscompany.com/data/rw1823771.html","/data/rw1823771.html","24708-33-6","natural substances and extractives","rw","a"
"alpha- avoparcin","https://www.thegoodscentscompany.com/data/rw1669461.html","/data/rw1669461.html","73957-86-5","pharmaceuticals / chemical synthisis","rw","a"
"axillarin","https://www.thegoodscentscompany.com/data/rw1820871.html","/data/rw1820871.html","5188-73-8","natural substances and extractives","rw","a"
"(+)- axinyssene","https://www.thegoodscentscompany.com/data/rw1568311.html","/data/rw1568311.html","496942-13-3","natural substances and extractives","rw","a"
"ayapin","https://www.thegoodscentscompany.com/data/rw1417951.html","/data/rw1417951.html","494-56-4","natural substances and extractives","rw","a"
"ayou wood oil","https://www.thegoodscentscompany.com/data/es1540381.html","/data/es1540381.html","","fragrance agents","es","a"
"9- azabicyclo[3.3.1]nonan-3-one","https://www.thegoodscentscompany.com/data/rw1810611.html","/data/rw1810611.html","4390-39-0","natural substances and extractives","rw","a"
"azacitidine","https://www.thegoodscentscompany.com/data/rw1208891.html","/data/rw1208891.html","320-67-2","pharmaceuticals / chemical synthisis","rw","a"
"azacridone A","https://www.thegoodscentscompany.com/data/rw1882861.html","/data/rw1882861.html","150050-14-9","natural substances and extractives","rw","a"
"azadirachta indica bark extract","https://www.thegoodscentscompany.com/data/ex1395801.html","/data/ex1395801.html","84696-25-3","cosmetic ingredient for skin conditioning","ex","a"
"azadirachta indica bark/seed extract","https://www.thegoodscentscompany.com/data/ex1658171.html","/data/ex1658171.html","84696-25-3","cosmetic ingredient for skin conditioning","ex","a"
"azadirachta indica extract","https://www.thegoodscentscompany.com/data/ex1658151.html","/data/ex1658151.html","116580-64-4","cosmetic agents","ex","a"
"azadirachta indica kernel oil CO2 extract","https://www.thegoodscentscompany.com/data/es1672911.html","/data/es1672911.html","84696-25-3","information only not used for fragrances or flavors","es","a"
"azadirachta indica leaf","https://www.thegoodscentscompany.com/data/rs1670721.html","/data/rs1670721.html","84696-25-3","information only not used for fragrances or flavors","rs","a"
"azadirachta indica leaf extract","https://www.thegoodscentscompany.com/data/ex1658161.html","/data/ex1658161.html","84696-25-3","cosmetic ingredient for skin conditioning","ex","a"
"azadirachta indica leaf oil","https://www.thegoodscentscompany.com/data/es1709041.html","/data/es1709041.html","84696-25-3","masking agents","es","a"
"azadirachta indica leaf oil CO2 extract","https://www.thegoodscentscompany.com/data/es1672921.html","/data/es1672921.html","84696-25-3","information only not used for fragrances or flavors","es","a"
"azadirachta indica seed","https://www.thegoodscentscompany.com/data/rs1670641.html","/data/rs1670641.html","84696-25-3","information only not used for fragrances or flavors","rs","a"
"azadirachta indica seed extract","https://www.thegoodscentscompany.com/data/ex1693761.html","/data/ex1693761.html","84696-25-3","cosmetic ingredient for skin conditioning","ex","a"
"azadirachta indica tincture","https://www.thegoodscentscompany.com/data/ex1673871.html","/data/ex1673871.html","116580-64-4","information only not used for fragrances or flavors","ex","a"
"azadirachta samimensis seed oil thailand","https://www.thegoodscentscompany.com/data/es1654161.html","/data/es1654161.html","","information only not used for fragrances or flavors","es","a"
"7- azaindolizine","https://www.thegoodscentscompany.com/data/rw1836841.html","/data/rw1836841.html","274-45-3","natural substances and extractives","rw","a"
"azalea fragrance","https://www.thegoodscentscompany.com/data/fr1113361.html","/data/fr1113361.html","","fragranced products of all types","fr","a"
"azanza garckeana fruit","https://www.thegoodscentscompany.com/data/rs1087711.html","/data/rs1087711.html","","information only not used for fragrances or flavors","rs","a"
"azelaic acid","https://www.thegoodscentscompany.com/data/rw1220821.html","/data/rw1220821.html","123-99-9","indirect food additives: adhesives and components of coatings","rw","a"
"azelaic acid/polyglyceryl-3 copolymer","https://www.thegoodscentscompany.com/data/rw1709051.html","/data/rw1709051.html","","cosmetic ingredient for hair conditioning","rw","a"
"azelaic anhydride","https://www.thegoodscentscompany.com/data/rw1061591.html","/data/rw1061591.html","4196-95-6","indirect food additives: adhesives and components of coatings","rw","a"
"4-( azepane-1-carbonyl)-1-(2-isopropyl-5-methyl cyclohexyl) pyrrolidin-2-one","https://www.thegoodscentscompany.com/data/rw1030721.html","/data/rw1030721.html","","information only not used for fragrances or flavors","rw","a"
"4-( azetidine-1-carbonyl)-1-(2-isopropyl-5-methyl cyclohexyl) pyrrolidin-2-one","https://www.thegoodscentscompany.com/data/rw1030231.html","/data/rw1030231.html","","information only not used for fragrances or flavors","rw","a"
"(S)-(-)-2- azetidine carboxylic acid","https://www.thegoodscentscompany.com/data/rw1142051.html","/data/rw1142051.html","2133-34-8","natural substances and extractives","rw","a"
"azii","https://www.thegoodscentscompany.com/data/rw1843891.html","/data/rw1843891.html","244776-45-2","natural substances and extractives","rw","a"
"aziii","https://www.thegoodscentscompany.com/data/rw1843901.html","/data/rw1843901.html","244776-46-3","natural substances and extractives","rw","a"
"azimsulfuron","https://www.thegoodscentscompany.com/data/rw1702951.html","/data/rw1702951.html","120162-55-2","herbicides / pesticides","rw","a"
"azinphos-methyl","https://www.thegoodscentscompany.com/data/rw1309221.html","/data/rw1309221.html","86-50-0","herbicides / pesticides","rw","a"
"aziridine","https://www.thegoodscentscompany.com/data/rw1309681.html","/data/rw1309681.html","151-56-4","indirect food additives: adhesives and components of coatings","rw","a"
"2,2'- azobis(2-methyl propionitrile)","https://www.thegoodscentscompany.com/data/rw1352581.html","/data/rw1352581.html","78-67-1","indirect food additives: adhesives and components of coatings","rw","a"
"azodicarboxamide","https://www.thegoodscentscompany.com/data/rw1040011.html","/data/rw1040011.html","123-77-3","bleaching agents or flour-maturing agents","rw","a"
"azolla imbricata extract","https://www.thegoodscentscompany.com/data/ex1693771.html","/data/ex1693771.html","","cosmetic ingredient for skin conditioning","ex","a"
"azorubine","https://www.thegoodscentscompany.com/data/rw1131791.html","/data/rw1131791.html","3567-69-9","coloring agents","rw","a"
"azoxystrobin","https://www.thegoodscentscompany.com/data/rw1686971.html","/data/rw1686971.html","131860-33-8","herbicides / pesticides","rw","a"
"azukisapogenol","https://www.thegoodscentscompany.com/data/rw1848631.html","/data/rw1848631.html","86425-21-0","natural substances and extractives","rw","a"
"azukisaponin I","https://www.thegoodscentscompany.com/data/rw1869831.html","/data/rw1869831.html","82793-02-0","natural substances and extractives","rw","a"
"azukisaponin II","https://www.thegoodscentscompany.com/data/rw1874041.html","/data/rw1874041.html","82793-03-1","natural substances and extractives","rw","a"
"azukisaponin III","https://www.thegoodscentscompany.com/data/rw1876451.html","/data/rw1876451.html","82801-38-5","natural substances and extractives","rw","a"
"azukisaponin IV","https://www.thegoodscentscompany.com/data/rw1848711.html","/data/rw1848711.html","82793-04-2","natural substances and extractives","rw","a"
"azukisaponin V","https://www.thegoodscentscompany.com/data/rw1874051.html","/data/rw1874051.html","82793-05-3","natural substances and extractives","rw","a"
"azukisaponin VI","https://www.thegoodscentscompany.com/data/rw1869941.html","/data/rw1869941.html","82801-39-6","natural substances and extractives","rw","a"
"azulene","https://www.thegoodscentscompany.com/data/rw1220911.html","/data/rw1220911.html","275-51-4","natural substances and extractives","rw","a"
"azurite","https://www.thegoodscentscompany.com/data/rw1709111.html","/data/rw1709111.html","1319-45-5","cosmetic ingredient for skin conditioning","rw","a"
"azurite extract","https://www.thegoodscentscompany.com/data/ex1709121.html","/data/ex1709121.html","","cosmetic ingredient for skin conditioning","ex","a"
"azurone","https://www.thegoodscentscompany.com/data/rw1508311.html","/data/rw1508311.html","362467-67-2","fragrance agents","rw","a"
